日期,Uni,描述,原链接
2020/6/10,"https://raw.githubusercontent.com/wangqi0821/uni-calendar-china/main/media/2020-06-10_11-44-18_1.jpg
https://raw.githubusercontent.com/wangqi0821/uni-calendar-china/main/media/2020-06-10_11-44-18_2.jpg","我が家へようこそ！

子猫をお迎えしましたー！
ミヌエットという種類です。
まんまるおめめと靴下がめちゃめちゃかわいい！

#ミヌエット　#ねこすたぐらむ
#ねこのいる生活 #ねこすきさんと繋がりたい #catstagram #cat #catlover",https://www.instagram.com/p/CBQNr7EB2zG/?utm_source=ig_web_copy_link&igsh=MzRlODBiNWFlZA==
2020/6/11,"https://raw.githubusercontent.com/wangqi0821/uni-calendar-china/main/media/2020-06-11_13-20-23_1.jpg
https://raw.githubusercontent.com/wangqi0821/uni-calendar-china/main/media/2020-06-11_13-20-23_2.jpg
https://raw.githubusercontent.com/wangqi0821/uni-calendar-china/main/media/2020-06-11_13-20-23_3.jpg","まんまるおめめに吸い込まれそう?????? #ミヌエット #ミヌエット子猫
#ねこすたぐらむ #ねこのいる生活
#ねこすきさんと繋がりたい
#catstagram #cat",https://www.instagram.com/p/CBS9efEhfb7/?utm_source=ig_web_copy_link&igsh=MzRlODBiNWFlZA==
2020/6/11,"https://raw.githubusercontent.com/wangqi0821/uni-calendar-china/main/media/2020-06-11_13-27-04_1.jpg
https://raw.githubusercontent.com/wangqi0821/uni-calendar-china/main/media/2020-06-11_13-27-04_2.jpg
https://raw.githubusercontent.com/wangqi0821/uni-calendar-china/main/media/2020-06-11_13-27-04_3.jpg","初日から心許してくれるなんて…????
すぐにゴロゴロ言うし、全く警戒しないし、さっきはモミモミもしてた?

#ミヌエット　#ミヌエット子猫
#ねこすたぐらむ #ねこのいる生活
#ねこすきさんと繋がりたい
#catstagram #cat",https://www.instagram.com/p/CBS-PcYhwvf/?utm_source=ig_web_copy_link&igsh=MzRlODBiNWFlZA==
2020/6/13,https://raw.githubusercontent.com/wangqi0821/uni-calendar-china/main/media/2020-06-13_09-16-18.mp4,"コ?ロコ?ロ&モミモミ???? #ミヌエット ミヌエット　#ミヌエット子猫
#ねこ #ねこすたく?らむ
#ねこ好きさんとつなか?りたい
#かわいい猫　#靴下猫　#もみもみ猫",https://www.instagram.com/p/CBXrBkNADiO/?utm_source=ig_web_copy_link&igsh=MzRlODBiNWFlZA==
2020/6/14,https://raw.githubusercontent.com/wangqi0821/uni-calendar-china/main/media/2020-06-14_04-12-17.mp4,"うにの鳴き声???? #ミヌエット　#ミヌエット子猫
#ねこ #ねこすたぐらむ
#ねこ好きさんとつながりたい
#かわいい猫　#靴下猫　#もみもみ猫
#catstagram #cat",https://www.instagram.com/p/CBZs-pGAe7A/?utm_source=ig_web_copy_link&igsh=MzRlODBiNWFlZA==
2020/6/16,https://raw.githubusercontent.com/wangqi0821/uni-calendar-china/main/media/2020-06-16_13-38-36.jpg,"ちょこんっ???? #ミヌエット　#ミヌエット子猫
#ねこ #ねこすたぐらむ
#ねこ好きさんとつながりたい
#かわいい猫　#靴下猫　#もみもみ猫
#catstagram #catsofinstagram
#catlover",https://www.instagram.com/p/CBf3iVBgx2W/?utm_source=ig_web_copy_link&igsh=MzRlODBiNWFlZA==
2020/6/24,https://raw.githubusercontent.com/wangqi0821/uni-calendar-china/main/media/2020-06-24_13-07-12.jpg,"今日で2週間目。
本当に毎日元気いっぱい???? #ミヌエット　#ミヌエット子猫
#ねこ #ねこすたぐらむ
#ねこ好きさんとつながりたい
#かわいい猫　#靴下猫　#もみもみ猫
#catstagram",https://www.instagram.com/p/CB0aTR8gyAN/?utm_source=ig_web_copy_link&igsh=MzRlODBiNWFlZA==
2020/6/27,https://raw.githubusercontent.com/wangqi0821/uni-calendar-china/main/media/2020-06-27_14-51-00.jpg,"ジャンプする1秒前???? #ミヌエット　#ミヌエット子猫
#ねこ #ねこすたぐらむ
#ねこ好きさんとつながりたい
#かわいい猫　#靴下猫　#もみもみ猫",https://www.instagram.com/p/CB8UkOQgoU6/?utm_source=ig_web_copy_link&igsh=MzRlODBiNWFlZA==
2020/6/28,"https://raw.githubusercontent.com/wangqi0821/uni-calendar-china/main/media/2020-06-28_14-56-51_1.jpg
https://raw.githubusercontent.com/wangqi0821/uni-calendar-china/main/media/2020-06-28_14-56-51_2.jpg","何を見てるのかな？???? #ミヌエット　#ミヌエット子猫
#ねこ #ねこすたぐらむ
#ねこ好きさんとつながりたい
#かわいい猫　#靴下猫　#もみもみ猫
#catstagram",https://www.instagram.com/p/CB-6B4egzWt/?utm_source=ig_web_copy_link&igsh=MzRlODBiNWFlZA==
2020/6/29,https://raw.githubusercontent.com/wangqi0821/uni-calendar-china/main/media/2020-06-29_13-02-13.jpg,"体重測ったら1.4kg。
うちに来た最初の日は855gだったから、2週間ちょっとで成長を実感???? #ミヌエット #ミヌエット子猫
#ねこ #ねこすたぐらむ
#ねこ好きさんとつながりたい
#かわいい猫　#靴下猫　#もみもみ猫
#catstagram #funnycat",https://www.instagram.com/p/CCBRtKoAIxn/?utm_source=ig_web_copy_link&igsh=MzRlODBiNWFlZA==
2020/7/1,https://raw.githubusercontent.com/wangqi0821/uni-calendar-china/main/media/2020-07-01_11-55-05.jpg,"掃除機怖い????

#ミヌエット　#ミヌエット子猫
#ねこ #ねこすたぐらむ
#ねこ好きさんとつながりたい
#かわいい猫　#靴下猫　#もみもみ猫
#catstagram #catlover #funnycat
#cocopet012",https://www.instagram.com/p/CCGTnMnADYk/?utm_source=ig_web_copy_link&igsh=MzRlODBiNWFlZA==
2020/7/3,https://raw.githubusercontent.com/wangqi0821/uni-calendar-china/main/media/2020-07-03_13-16-12.jpg,"先住猫と本当の兄弟のように遊んでる????

#ミヌエット　#ミヌエット子猫
#ねこ #ねこすたぐらむ
#ねこ好きさんとつながりたい
#かわいい猫　#靴下猫　#もみもみ猫
#catlover #funnycat #catstagram
#cocopet012",https://www.instagram.com/p/CCLmfFdgtvd/?utm_source=ig_web_copy_link&igsh=MzRlODBiNWFlZA==
2020/7/4,https://raw.githubusercontent.com/wangqi0821/uni-calendar-china/main/media/2020-07-04_14-47-59.jpg,"おやすみ前のひととき????

#ミヌエット　#ミヌエット子猫
#ねこ #ねこすたぐらむ
#ねこ好きさんとつながりたい
#かわいい猫　#靴下猫　#もみもみ猫",https://www.instagram.com/p/CCOVyM4gTDw/?utm_source=ig_web_copy_link&igsh=MzRlODBiNWFlZA==
2020/7/5,"https://raw.githubusercontent.com/wangqi0821/uni-calendar-china/main/media/2020-07-05_09-30-26_1.jpg
https://raw.githubusercontent.com/wangqi0821/uni-calendar-china/main/media/2020-07-05_09-30-26_2.jpg","紙袋に入って遊んでた????

#ミヌエット　#ミヌエット子猫
#ねこ #ねこすたぐらむ
#ねこ好きさんとつながりたい
#かわいい猫　#靴下猫　#もみもみ猫
#catstagram",https://www.instagram.com/p/CCQWPUWAbBi/?utm_source=ig_web_copy_link&igsh=MzRlODBiNWFlZA==
2020/7/9,https://raw.githubusercontent.com/wangqi0821/uni-calendar-china/main/media/2020-07-09_13-33-23.jpg,"相変わらずおめめがまんまる????

#ミヌエット　#ミヌエット子猫
#ねこ #ねこすたぐらむ
#ねこ好きさんとつながりたい",https://www.instagram.com/p/CCbFOKgAXPO/?utm_source=ig_web_copy_link&igsh=MzRlODBiNWFlZA==
2020/7/12,"https://raw.githubusercontent.com/wangqi0821/uni-calendar-china/main/media/2020-07-12_13-03-12_1.jpg
https://raw.githubusercontent.com/wangqi0821/uni-calendar-china/main/media/2020-07-12_13-03-12_2.jpg
https://raw.githubusercontent.com/wangqi0821/uni-calendar-china/main/media/2020-07-12_13-03-12_3.jpg
https://raw.githubusercontent.com/wangqi0821/uni-calendar-china/main/media/2020-07-12_13-03-12_3.mp4","おもちゃを沈めて、ついでに水を飲む????

#ミヌエット　#ミヌエット子猫
#ねこ #ねこすたぐらむ
#猫好きさんと繋がりたい
#funnycat",https://www.instagram.com/p/CCiwJ03AJKm/?utm_source=ig_web_copy_link&igsh=MzRlODBiNWFlZA==
2020/7/15,"https://raw.githubusercontent.com/wangqi0821/uni-calendar-china/main/media/2020-07-15_13-08-25_1.jpg
https://raw.githubusercontent.com/wangqi0821/uni-calendar-china/main/media/2020-07-15_13-08-25_2.jpg
https://raw.githubusercontent.com/wangqi0821/uni-calendar-china/main/media/2020-07-15_13-08-25_3.jpg
https://raw.githubusercontent.com/wangqi0821/uni-calendar-china/main/media/2020-07-15_13-08-25_4.jpg
https://raw.githubusercontent.com/wangqi0821/uni-calendar-china/main/media/2020-07-15_13-08-25_5.jpg
https://raw.githubusercontent.com/wangqi0821/uni-calendar-china/main/media/2020-07-15_13-08-25_6.jpg
https://raw.githubusercontent.com/wangqi0821/uni-calendar-china/main/media/2020-07-15_13-08-25_7.jpg
https://raw.githubusercontent.com/wangqi0821/uni-calendar-china/main/media/2020-07-15_13-08-25_8.jpg","色んなところで寝るうに????

#ミヌエット　#ミヌエット子猫
#ねこ #ねこすたぐらむ
#猫好きさんと繋がりたい",https://www.instagram.com/p/CCqfIokAdvW/?utm_source=ig_web_copy_link&igsh=MzRlODBiNWFlZA==
2020/7/16,"https://raw.githubusercontent.com/wangqi0821/uni-calendar-china/main/media/2020-07-16_13-01-39_1.jpg
https://raw.githubusercontent.com/wangqi0821/uni-calendar-china/main/media/2020-07-16_13-01-39_2.jpg","何にでも興味津々????

#ミヌエット　#ミヌエット子猫
#ねこ #ねこすたぐらむ
#ねこ好きさんと繋がりたい
#funnycat",https://www.instagram.com/p/CCtDJ8WAsud/?utm_source=ig_web_copy_link&igsh=MzRlODBiNWFlZA==
2020/7/19,"https://raw.githubusercontent.com/wangqi0821/uni-calendar-china/main/media/2020-07-19_12-43-17_1.jpg
https://raw.githubusercontent.com/wangqi0821/uni-calendar-china/main/media/2020-07-19_12-43-17_2.jpg
https://raw.githubusercontent.com/wangqi0821/uni-calendar-china/main/media/2020-07-19_12-43-17_3.jpg","同化してる2匹????

#ミヌエット　#ミヌエット子猫
#ねこ #ねこすたぐらむ
#猫好きさんと繋がりたい
#funnycat",https://www.instagram.com/p/CC0vb_9g73W/?utm_source=ig_web_copy_link&igsh=MzRlODBiNWFlZA==
2020/7/21,https://raw.githubusercontent.com/wangqi0821/uni-calendar-china/main/media/2020-07-21_14-54-20.jpg,"ちょっと寂しそう？????

#ミヌエット #ミヌエット子猫 #猫好きさんと繋がりたい
#部屋ねこmiawmiaw2020
#cocopet012 #ねこすたぐらむ
已编辑 · 248周",https://www.instagram.com/p/CC6IBmHgBVP/?utm_source=ig_web_copy_link&igsh=MzRlODBiNWFlZA==
2020/7/23,https://raw.githubusercontent.com/wangqi0821/uni-calendar-china/main/media/2020-07-23_10-57-34.jpg,"体重測ったら1.6kg??
まだまだ小さいね??

#ミヌエット #ミヌエット子猫
#猫好きさんと繋がりたい",https://www.instagram.com/p/CC-2hReA3Xb/?utm_source=ig_web_copy_link&igsh=MzRlODBiNWFlZA==
2020/7/26,https://raw.githubusercontent.com/wangqi0821/uni-calendar-china/main/media/2020-07-26_13-25-18.jpg,"何とも言えない表情してる????

#ミヌエット #ミヌエット子猫 #猫好きさんと繋がりたい #funnycat
#catstagram #cocopet012
#部屋ねこmiawmiaw2020",https://www.instagram.com/p/CDG1z7tgjwT/?utm_source=ig_web_copy_link&igsh=MzRlODBiNWFlZA==
2020/7/27,https://raw.githubusercontent.com/wangqi0821/uni-calendar-china/main/media/2020-07-27_12-59-00.jpg,"遊び疲れ????

#ミヌエット #ミヌエット子猫
#catstagram
#funnycat #猫好きさんと繋がりたい
#cocopet012",https://www.instagram.com/p/CDJXmJBgIrW/?utm_source=ig_web_copy_link
2020/7/29,https://raw.githubusercontent.com/wangqi0821/uni-calendar-china/main/media/2020-07-29_12-50-06.jpg,"3回目のワクチン行ってきた??
体重1.8kgまで増えてた?

疲れたみたいで今はぐっすり??

#ミヌエット #ミヌエット子猫
#catstagram
#猫好きさんと繋がりたい
#funnycat #cocopet012",https://www.instagram.com/p/CDOgKqqA_Xo/?utm_source=ig_web_copy_link&igsh=MzRlODBiNWFlZA==
2020/7/29,https://raw.githubusercontent.com/wangqi0821/uni-calendar-china/main/media/2020-07-29_12-54-14.mp4,"ちょっと変わった鳴き方をする??
普段はほとんど鳴かない??",https://www.instagram.com/p/CDOgdWeANzh/?utm_source=ig_web_copy_link&igsh=MzRlODBiNWFlZA==
2020/8/1,"https://raw.githubusercontent.com/wangqi0821/uni-calendar-china/main/media/2020-08-01_13-06-18_1.jpg
https://raw.githubusercontent.com/wangqi0821/uni-calendar-china/main/media/2020-08-01_13-06-18_2.jpg
https://raw.githubusercontent.com/wangqi0821/uni-calendar-china/main/media/2020-08-01_13-06-18_3.jpg
https://raw.githubusercontent.com/wangqi0821/uni-calendar-china/main/media/2020-08-01_13-06-18_4.jpg","甘えてゴロゴロ言う時はヨダレも一緒に出てしまううに????

#ミヌエット #ミヌエット子猫
#ねこすたぐらむ #猫好きさんと繋がりたい #funnycat
#cocopet012",https://www.instagram.com/p/CDWQZ_TgcPg/?utm_source=ig_web_copy_link&igsh=MzRlODBiNWFlZA==
2020/8/3,https://raw.githubusercontent.com/wangqi0821/uni-calendar-china/main/media/2020-08-03_13-27-30.jpg,"今日もかわいい????

#ミヌエット #ミヌエット子猫 #catstagram
#猫好きさんと繋がりたい
#cocopet012 #funnycat",https://www.instagram.com/p/CDbca9SAouy/?utm_source=ig_web_copy_link&igsh=MzRlODBiNWFlZA==
2020/8/5,https://raw.githubusercontent.com/wangqi0821/uni-calendar-china/main/media/2020-08-05_10-27-55.jpg,"今日のうに????

#ミヌエット #ミヌエット子猫 #funnycat
#ねこすたぐらむ #猫好きさんと繋がりたい
#cocopet012 #catstagram #kitten",https://www.instagram.com/p/CDgRdc5gG4-/?utm_source=ig_web_copy_link&igsh=MzRlODBiNWFlZA==
2020/8/8,https://raw.githubusercontent.com/wangqi0821/uni-calendar-china/main/media/2020-08-08_13-08-29.jpg,"寝起きのうに????

#ミヌエット子猫 #ミヌエット
#猫好きさんと繋がりたい
#kitten #catstagram #ねこすたぐらむ
#cocopet012",https://www.instagram.com/p/CDoSOJpg42J/?utm_source=ig_web_copy_link&igsh=MzRlODBiNWFlZA==
2020/8/9,https://raw.githubusercontent.com/wangqi0821/uni-calendar-china/main/media/2020-08-09_13-01-20.jpg,"毎日暑いけど元気??

#ミヌエット子猫 #ミヌエット #ねこすきさんと繋がりたい #catstagram
#cocopet012 #funnycat #猫のいる暮らし",https://www.instagram.com/p/CDq2MjNAUvM/?utm_source=ig_web_copy_link&igsh=MzRlODBiNWFlZA==
2020/8/11,https://raw.githubusercontent.com/wangqi0821/uni-calendar-china/main/media/2020-08-11_13-04-25.jpg,"ちょっとおすましうに????

#ミヌエット #ミヌエット子猫 #猫好きさんと繋がりたい #ねこすたぐらむ
#funnycat #cocopet012 #catstagram",https://www.instagram.com/p/CDwAI7FgDF8/?utm_source=ig_web_copy_link&igsh=MzRlODBiNWFlZA==
2020/8/13,https://raw.githubusercontent.com/wangqi0821/uni-calendar-china/main/media/2020-08-13_06-36-34.jpg,"いつもひっくり返ってる気がする????

#ミヌエット #ミヌエット子猫
#ねこすたぐらむ #ねこすきさんと繋がりたい #funnycat #catstagram #cocopet012",https://www.instagram.com/p/CD0dV7-gyMU/?utm_source=ig_web_copy_link&igsh=MzRlODBiNWFlZA==
2020/8/15,https://raw.githubusercontent.com/wangqi0821/uni-calendar-china/main/media/2020-08-15_12-58-50.jpg,"ぽつん??

#ミヌエット子猫 #ミヌエット #kitten
#cocopet012 #ねこすたぐらむ #猫好きさんと繋がりたい #catstagram",https://www.instagram.com/p/CD6Srhdgga6/?utm_source=ig_web_copy_link&igsh=MzRlODBiNWFlZA==
2020/8/16,https://raw.githubusercontent.com/wangqi0821/uni-calendar-china/main/media/2020-08-16_11-33-09.jpg,"うに、初めてのお風呂。

顔が??

#ミヌエット子猫 #ミヌエット #funnycat #kitten #minuet
#猫好きさんと繋がりたい
#cocopet012",https://www.instagram.com/p/CD8tq50g-gP/?utm_source=ig_web_copy_link&igsh=MzRlODBiNWFlZA==
2020/8/22,https://raw.githubusercontent.com/wangqi0821/uni-calendar-china/main/media/2020-08-22_12-53-44.jpg,"かくれんぼしてた??

#ミヌエット #ミヌエット子猫
#funnycat #kitten #cocopet012
#minuet #猫好きさんと繋がりたい",https://www.instagram.com/p/CEMTqW3gskR/?utm_source=ig_web_copy_link&igsh=MzRlODBiNWFlZA==
2020/8/26,"https://raw.githubusercontent.com/wangqi0821/uni-calendar-china/main/media/2020-08-26_13-11-20_1.jpg
https://raw.githubusercontent.com/wangqi0821/uni-calendar-china/main/media/2020-08-26_13-11-20_2.jpg
https://raw.githubusercontent.com/wangqi0821/uni-calendar-china/main/media/2020-08-26_13-11-20_3.jpg","最近YouTubeに動画を上げ始めました??

動いてるうにはまたかわいいし、鳴き声も珍しくてかわいいので、お時間のある時にでも??

リンクはプロフィールの欄に載せてます??

#ミヌエット #ミヌエット子猫
#minuet #ねこすたぐらむ #猫好きさんと繋がりたい #kitten
#cocopet012 #funnycat",https://www.instagram.com/p/CEWo2rOgX-3/?utm_source=ig_web_copy_link&igsh=MzRlODBiNWFlZA==
2020/8/29,https://raw.githubusercontent.com/wangqi0821/uni-calendar-china/main/media/2020-08-29_13-10-11.jpg,"初めての夏。
うには毎日元気です??

#ミヌエット #ミヌエット子猫
#kitten #minuet #猫好きさんと繋がりたい #cocopet012 #funnycat",https://www.instagram.com/p/CEeXG8Xgtw0/?utm_source=ig_web_copy_link&igsh=MzRlODBiNWFlZA==
2020/9/2,https://raw.githubusercontent.com/wangqi0821/uni-calendar-china/main/media/2020-09-02_13-15-50.jpg,"段ボールで一人遊び??

#ミヌエット #ミヌエット子猫
#catstagram #cocopet012 #猫好きさんと繋がりたい #minuet #funnycat",https://www.instagram.com/p/CEoq705gtgL/?utm_source=ig_web_copy_link&igsh=MzRlODBiNWFlZA==
2020/9/5,"https://raw.githubusercontent.com/wangqi0821/uni-calendar-china/main/media/2020-09-05_12-46-21_1.jpg
https://raw.githubusercontent.com/wangqi0821/uni-calendar-china/main/media/2020-09-05_12-46-21_2.jpg","かわいい顔からのくわっとあくび????

#ミヌエット #ミヌエット子猫 #猫好きさんと繋がりたい #cocopet012 #catstagram #funnycat #kitten",https://www.instagram.com/p/CEwV8eJgs16/?utm_source=ig_web_copy_link&igsh=MzRlODBiNWFlZA==
2020/9/9,https://raw.githubusercontent.com/wangqi0821/uni-calendar-china/main/media/2020-09-09_11-46-28.jpg,"2020.09.09

ちょっと寂しそう…
でも、この後すぐに走り回ってた??

#ミヌエット #ミヌエット子猫
#funnycat #cocopet012 #猫好きさんと繋がりたい #catstagram #minuet",https://www.instagram.com/p/CE6iRWwg8Eb/?utm_source=ig_web_copy_link&igsh=MzRlODBiNWFlZA==
2020/9/9,https://raw.githubusercontent.com/wangqi0821/uni-calendar-china/main/media/2020-09-09_11-49-03.jpg,"2020.09.09

いじめられてるように見えるけど
うにはこの格好のまま寝てる??

#ミヌエット　#ミヌエット子猫
#猫好きさんと繋がりたい #funnycat
#にゃんすたぐらむ",https://www.instagram.com/p/CE6ikSigF3j/?utm_source=ig_web_copy_link&igsh=MzRlODBiNWFlZA==
2020/9/12,"https://raw.githubusercontent.com/wangqi0821/uni-calendar-china/main/media/2020-09-12_13-08-54_1.jpg
https://raw.githubusercontent.com/wangqi0821/uni-calendar-china/main/media/2020-09-12_13-08-54_2.jpg","2020.09.12
だいぶ大きくなりました??

#ミヌエット #ミヌエット子猫
#funnycat #cocopet012 #kitten #猫好きさんと繋がりたい",https://www.instagram.com/p/CFCaFzAgObo/?utm_source=ig_web_copy_link&igsh=MzRlODBiNWFlZA==
2020/9/14,https://raw.githubusercontent.com/wangqi0821/uni-calendar-china/main/media/2020-09-14_13-02-06.jpg,"ひょこっ??
いちいちかわいいうに。

#ミヌエット #ミヌエット子猫
#minuet #猫好きさんと繋がりたい #cocopet012 #funnycat #kitten",https://www.instagram.com/p/CFHi5vfAgIo/?utm_source=ig_web_copy_link&igsh=MzRlODBiNWFlZA==
2020/9/19,"https://raw.githubusercontent.com/wangqi0821/uni-calendar-china/main/media/2020-09-19_13-43-25_1.jpg
https://raw.githubusercontent.com/wangqi0821/uni-calendar-china/main/media/2020-09-19_13-43-25_2.jpg","2020.09.19

全身で気持ち良さを表してるうに??

#ミヌエット #ミヌエット子猫
#猫好きさんと繋がりたい #funmycat #minuet #cocopet012 #kitten",https://www.instagram.com/p/CFUfmvgglG3/?utm_source=ig_web_copy_link&igsh=MzRlODBiNWFlZA==
2020/9/22,"https://raw.githubusercontent.com/wangqi0821/uni-calendar-china/main/media/2020-09-22_13-11-24_1.jpg
https://raw.githubusercontent.com/wangqi0821/uni-calendar-china/main/media/2020-09-22_13-11-24_2.jpg
https://raw.githubusercontent.com/wangqi0821/uni-calendar-china/main/media/2020-09-22_13-11-24_3.jpg
https://raw.githubusercontent.com/wangqi0821/uni-calendar-china/main/media/2020-09-22_13-11-24_4.jpg","2020.09.22

うに、袋の中で楽しそう????

#ミヌエット #ミヌエット子猫
#funnycat #minuet #猫好きさんと繋がりたい #kitten #cocopet012",https://www.instagram.com/p/CFcKUylAZmA/?utm_source=ig_web_copy_link&igsh=MzRlODBiNWFlZA==
2020/9/24,https://raw.githubusercontent.com/wangqi0821/uni-calendar-china/main/media/2020-09-24_13-30-11.jpg,"2020.09.24

今日もかわいいうに??

#ミヌエット #ミヌエット子猫
#funnycat #minuet #cocopet012 #猫好きさんと繋がりたい #kitten #catstagram",https://www.instagram.com/p/CFhWEHAA5Oo/?utm_source=ig_web_copy_link&igsh=MzRlODBiNWFlZA==
2020/9/30,https://raw.githubusercontent.com/wangqi0821/uni-calendar-china/main/media/2020-09-30_12-45-57.jpg,"なんとも言えない表情とポーズ??

#ミヌエット #ミヌエット子猫 #funnycat #minuet
#cocopet012 #猫好きさんと繋がりたい #kitten",https://www.instagram.com/p/CFwtxewgLsK/?utm_source=ig_web_copy_link&igsh=MzRlODBiNWFlZA==
2020/10/7,"https://raw.githubusercontent.com/wangqi0821/uni-calendar-china/main/media/2020-10-07_12-56-57_1.jpg
https://raw.githubusercontent.com/wangqi0821/uni-calendar-china/main/media/2020-10-07_12-56-57_2.jpg","みよーん??

#ミヌエット #ミヌエット子猫
#猫好きさんと繋がりたい
#funnycat #minuet #cocopet012 #kitten",https://www.instagram.com/p/CGCwmIsgBxQ/?utm_source=ig_web_copy_link&igsh=MzRlODBiNWFlZA==
2020/10/11,"https://raw.githubusercontent.com/wangqi0821/uni-calendar-china/main/media/2020-10-11_12-49-13_1.jpg
https://raw.githubusercontent.com/wangqi0821/uni-calendar-china/main/media/2020-10-11_12-49-13_2.jpg
https://raw.githubusercontent.com/wangqi0821/uni-calendar-china/main/media/2020-10-11_12-49-13_3.jpg","相変わらずコロコロするうに????

#ミヌエット #ミヌエット子猫
#ミヌエット短毛 #funnycat
#猫好きさんと繋がりたい
#cocopet012 #minue",https://www.instagram.com/p/CGNC4-mgbWc/?utm_source=ig_web_copy_link&igsh=MzRlODBiNWFlZA==
2020/10/18,https://raw.githubusercontent.com/wangqi0821/uni-calendar-china/main/media/2020-10-18_13-06-24.jpg,"この場所好きなのかな？
よくコロコロしてる??

#ミヌエット #ミヌエット子猫
#ミヌエット短毛 #funnycat
#猫好きさんと繋か?りたい
#cocopet012 #minuet #ふみにゃんフォトコンテスト #ふみいろ",https://www.instagram.com/p/CGfGa89A0cJ/?utm_source=ig_web_copy_link&igsh=MzRlODBiNWFlZA==
2020/10/21,https://raw.githubusercontent.com/wangqi0821/uni-calendar-china/main/media/2020-10-21_13-13-59.jpg,"2020.10.21

今日もかわいいうに??

#ミヌエット #ミヌエット子猫
#funnycat #cocopet012 #猫好きさんと繋か?りたい #minuet
#ふみにゃんフォトコンテスト #ふみいろ",https://www.instagram.com/p/CGm1rESAeaE/?utm_source=ig_web_copy_link&igsh=MzRlODBiNWFlZA==
2020/10/26,"https://raw.githubusercontent.com/wangqi0821/uni-calendar-china/main/media/2020-10-26_13-11-26_1.jpg
https://raw.githubusercontent.com/wangqi0821/uni-calendar-china/main/media/2020-10-26_13-11-26_2.jpg
https://raw.githubusercontent.com/wangqi0821/uni-calendar-china/main/media/2020-10-26_13-11-26_3.jpg","キッチンのタオルを落として遊ぶうに??
いたずらっこ??

#ミヌエット #ミヌエット子猫
#ミヌエット短毛 #funnycat
#猫好きさんと繋がりたい
#cocopet012 #minuet
#ふみにゃんフォトコンテスト#ふみいろ",https://www.instagram.com/p/CGztW3CAVhO/?utm_source=ig_web_copy_link&igsh=MzRlODBiNWFlZA==
2020/10/28,https://raw.githubusercontent.com/wangqi0821/uni-calendar-china/main/media/2020-10-28_12-53-23.jpg,"先住猫そらと一緒に????

#ミヌエット #ミヌエット子猫
#ミヌエット短毛 #funnycat
#猫好きさんと繋がりたい
#cocopet012 #minuet
#ふみにゃんフォトコンテスト#ふみいろ",https://www.instagram.com/p/CG404VRAduy/?utm_source=ig_web_copy_link&igsh=MzRlODBiNWFlZA==
2020/11/1,https://raw.githubusercontent.com/wangqi0821/uni-calendar-china/main/media/2020-11-01_13-21-16.jpg,"今月末はいよいよ去勢手術??
検査の結果も良好でした??

#ミヌエット #ミヌエット子猫
#ミヌエット短毛 #funnycat
#猫好きさんと繋がりたい
#cocopet012 #minuet
#ふみにゃんフォトコンテスト#ふみいろ",https://www.instagram.com/p/CHDLQDwAFCH/?utm_source=ig_web_copy_link&igsh=MzRlODBiNWFlZA==
2020/11/5,"https://raw.githubusercontent.com/wangqi0821/uni-calendar-china/main/media/2020-11-05_13-28-43_1.jpg
https://raw.githubusercontent.com/wangqi0821/uni-calendar-china/main/media/2020-11-05_13-28-43_2.jpg","毎日かわいいうに??

#ミヌエット #ミヌエット子猫
#ミヌエット短毛 #funnycat
#猫好きさんと繋がりたい
#cocopet012 #minuet
#ふみにゃんフォトコンテスト#ふみいろ",https://www.instagram.com/p/CHNfSGPgzhq/?utm_source=ig_web_copy_link&igsh=MzRlODBiNWFlZA==
2020/11/12,"https://raw.githubusercontent.com/wangqi0821/uni-calendar-china/main/media/2020-11-12_13-16-16_1.jpg
https://raw.githubusercontent.com/wangqi0821/uni-calendar-china/main/media/2020-11-12_13-16-16_2.jpg","別の生き物みたい??

#ミヌエット #ミヌエット子猫
#ミヌエット短毛 #funnycat
#猫好きさんと繋がりたい
#cocopet012 #minuet
#ふみにゃんフォトコンテスト#ふみいろ",https://www.instagram.com/p/CHffbJMAR3u/?utm_source=ig_web_copy_link&igsh=MzRlODBiNWFlZA==
2020/11/15,"https://raw.githubusercontent.com/wangqi0821/uni-calendar-china/main/media/2020-11-15_12-58-42_1.jpg
https://raw.githubusercontent.com/wangqi0821/uni-calendar-china/main/media/2020-11-15_12-58-42_2.jpg","2020.11.15

かくれんぼが楽しそうなうに??

#ミヌエット #ミヌエット子猫
#ミヌエット短毛 #funnycat
#猫好きさんと繋がりたい
#cocopet012 #minuet
#ふみにゃんフォトコンテスト#ふみいろ",https://www.instagram.com/p/CHnLzAWgQw7/?utm_source=ig_web_copy_link&igsh=MzRlODBiNWFlZA==
2020/11/30,https://raw.githubusercontent.com/wangqi0821/uni-calendar-china/main/media/2020-11-30_13-22-32.jpg,"イレギュラーなことがあって、うにの去勢手術の日が延期になりました??

手術予定は12月9日です??

　
#ミヌエット #ミヌエット子猫
#ミヌエット短毛 #funnycat
#猫好きさんと繋がりたい
#cocopet012 #minuet
#ふみにゃんフォトコンテスト#ふみいろ",https://www.instagram.com/p/CIN2cr4gzNb/?utm_source=ig_web_copy_link&igsh=MzRlODBiNWFlZA==
2020/12/9,https://raw.githubusercontent.com/wangqi0821/uni-calendar-china/main/media/2020-12-09_11-12-47.jpg,"2020.12.09

去勢手術受けてきました??
麻酔が効いててまだヨタヨタしてます??

うに、お疲れ様！

#ミヌエット #ミヌエット子猫
#ミヌエット短毛 #funnycat
#猫好きさんと繋がりたい
#cocopet012 #minuet
#ふみにゃんフォトコンテスト#ふみいろ",https://www.instagram.com/p/CIkywWzgvyg/?utm_source=ig_web_copy_link&igsh=MzRlODBiNWFlZA==
2020/12/14,https://raw.githubusercontent.com/wangqi0821/uni-calendar-china/main/media/2020-12-14_13-32-58.jpg,"何かにびっくりしているようなうに??

去勢手術してもうすぐ1週間。
元気いっぱいです。
性格もわんぱくなまま…
これから変わったりするのかな？　
　

#ミヌエット #ミヌエット子猫
#ミヌエット短毛 #funnycat
#猫好きさんと繋がりたい
#cocopet012 #minuet
#ふみにゃんフォトコンテスト#ふみいろ",https://www.instagram.com/p/CIx6xafAKx6/?utm_source=ig_web_copy_link&igsh=MzRlODBiNWFlZA==
2020/12/16,https://raw.githubusercontent.com/wangqi0821/uni-calendar-china/main/media/2020-12-16_13-17-26.jpg,"2020.12.16

お気に入りの丸椅子??

#ミヌエット #ミヌエット子猫
#ミヌエット短毛 #funnycat
#猫好きさんと繋がりたい
#cocopet012 #minuet
#ふみにゃんフォトコンテスト#ふみいろ
#にゃんパシャコンテスト #オールウェル",https://www.instagram.com/p/CI3ClVggreJ/?utm_source=ig_web_copy_link&igsh=MzRlODBiNWFlZA==
2020/12/21,https://raw.githubusercontent.com/wangqi0821/uni-calendar-china/main/media/2020-12-21_13-04-59.jpg,"2020.12.21

今日もかわいいうに??

#ミヌエット #ミヌエット子猫
#ミヌエット短毛 #funnycat
#猫好きさんと繋がりたい
#cocopet012 #minuet
#ふみにゃんフォトコンテスト#ふみいろ
#にゃんパシャコンテスト #オールウェル",https://www.instagram.com/p/CJD5In8gTp_/?utm_source=ig_web_copy_link&igsh=MzRlODBiNWFlZA==
2020/12/29,https://raw.githubusercontent.com/wangqi0821/uni-calendar-china/main/media/2020-12-29_14-49-21.jpg,"2020.12.29

かわいいうに??

#ミヌエット #ミヌエット子猫
#ミヌエット短毛 #funnycat
#猫好きさんと繋がりたい
#cocopet012 #minuet",https://www.instagram.com/p/CJYrb7MAy_I/?utm_source=ig_web_copy_link&igsh=MzRlODBiNWFlZA==
2021/1/2,"https://raw.githubusercontent.com/wangqi0821/uni-calendar-china/main/media/2021-01-02_13-10-22_1.jpg
https://raw.githubusercontent.com/wangqi0821/uni-calendar-china/main/media/2021-01-02_13-10-22_2.jpg","2021.01.02

今年も元気いっぱいでいてね??

#ミヌエット #ミヌエット子猫
#ミヌエット短毛 #funnycat
#猫好きさんと繋がりたい
#cocopet012 #minuet",https://www.instagram.com/p/CJizSkAgQli/?utm_source=ig_web_copy_link&igsh=MzRlODBiNWFlZA==
2021/1/6,https://raw.githubusercontent.com/wangqi0821/uni-calendar-china/main/media/2021-01-06_13-27-01.jpg,"ドアップうにちゃん??

#ミヌエット #ミヌエット子猫
#ミヌエット短毛 #funnycat
#猫好きさんと繋がりたい
#cocopet012 #minuet",https://www.instagram.com/p/CJtIX5igd5T/?utm_source=ig_web_copy_link&igsh=MzRlODBiNWFlZA==
2021/1/8,"https://raw.githubusercontent.com/wangqi0821/uni-calendar-china/main/media/2021-01-08_13-16-58_1.jpg
https://raw.githubusercontent.com/wangqi0821/uni-calendar-china/main/media/2021-01-08_13-16-58_2.jpg","2021.01.08

ご飯が欲しいうに??

#ミヌエット #ミヌエット子猫
#ミヌエット短毛 #funnycat
#猫好きさんと繋がりたい
#cocopet012 #minuet",https://www.instagram.com/p/CJyQ0Cdg-Hc/?utm_source=ig_web_copy_link&igsh=MzRlODBiNWFlZA==
2021/1/12,https://raw.githubusercontent.com/wangqi0821/uni-calendar-china/main/media/2021-01-12_13-08-11.jpg,"またまた、ご飯まだ？のうに??

#ミヌエット #ミヌエット子猫
#ミヌエット短毛 #funnycat
#猫好きさんと繋がりたい
#cocopet012 #minuet",https://www.instagram.com/p/CJ8i_TNgUqF/?utm_source=ig_web_copy_link&igsh=MzRlODBiNWFlZA==
2021/1/16,https://raw.githubusercontent.com/wangqi0821/uni-calendar-china/main/media/2021-01-16_12-56-07.jpg,"2021.01.16

相変わらず謎の表情??

#ミヌエット #ミヌエット子猫
#ミヌエット短毛 #funnycat
#猫好きさんと繋がりたい
#cocopet012 #minuet",https://www.instagram.com/p/CKG0yVKAPWJ/?utm_source=ig_web_copy_link&igsh=MzRlODBiNWFlZA==
2021/1/17,"https://raw.githubusercontent.com/wangqi0821/uni-calendar-china/main/media/2021-01-17_13-25-48_1.jpg
https://raw.githubusercontent.com/wangqi0821/uni-calendar-china/main/media/2021-01-17_13-25-48_2.jpg","2021.01.17

ヒーターの前でころーん??

#ミヌエット #ミヌエット子猫
#ミヌエット短毛 #funnycat
#猫好きさんと繋がりたい
#cocopet012 #minuet",https://www.instagram.com/p/CKJc-nyg4ay/?utm_source=ig_web_copy_link&igsh=MzRlODBiNWFlZA==
2021/1/20,https://raw.githubusercontent.com/wangqi0821/uni-calendar-china/main/media/2021-01-20_13-16-17.jpg,"懐かしの写真。
何かにびっくりしたみたいで、
ぼわわーってなってる??

#ミヌエット #ミヌエット子猫
#ミヌエット短毛 #funnycat
#猫好きさんと繋がりたい
#cocopet012 #minuet",https://www.instagram.com/p/CKRKRk_AEi-/?utm_source=ig_web_copy_link&igsh=MzRlODBiNWFlZA==
2021/1/27,https://raw.githubusercontent.com/wangqi0821/uni-calendar-china/main/media/2021-01-27_13-00-23.mp4,"こんな鳴き声で膝の上に乗られると
一瞬でやられます。

#ミヌエット #ミヌエット子猫
#ミヌエット短毛 #funnycat
#猫好きさんと繋がりたい
#cocopet012",https://www.instagram.com/p/CKjJ5E6gM-V/?utm_source=ig_web_copy_link&igsh=MzRlODBiNWFlZA==
2021/1/31,https://raw.githubusercontent.com/wangqi0821/uni-calendar-china/main/media/2021-01-31_13-36-03.jpg,"メジャーで測ろうとしたら
キャッチされてしまった??

#ミヌエット #ミヌエット子猫
#ミヌエット短毛 #funnycat
#猫好きさんと繋がりたい
#cocopet012",https://www.instagram.com/p/CKthSAOg8HW/?utm_source=ig_web_copy_link&igsh=MzRlODBiNWFlZA==
2021/2/1,"https://raw.githubusercontent.com/wangqi0821/uni-calendar-china/main/media/2021-02-01_13-30-31_1.jpg
https://raw.githubusercontent.com/wangqi0821/uni-calendar-china/main/media/2021-02-01_13-30-31_2.jpg","2021.02.01

見つめるうに??

#ミヌエット #ミヌエット子猫
#ミヌエット短毛 #funnycat
#猫好きさんと繋がりたい
#cocopet012",https://www.instagram.com/p/CKwFcWsANo9/?utm_source=ig_web_copy_link&igsh=MzRlODBiNWFlZA==
2021/2/6,https://raw.githubusercontent.com/wangqi0821/uni-calendar-china/main/media/2021-02-06_13-21-53.jpg,"先住猫ともすっかり仲良く。
本当の兄弟みたい。

#ミヌエット #ミヌエット子猫
#ミヌエット短毛 #funnycat
#猫好きさんと繋がりたい
#cocopet012",https://www.instagram.com/p/CK88yaggPXD/?utm_source=ig_web_copy_link&igsh=MzRlODBiNWFlZA==
2021/2/17,https://raw.githubusercontent.com/wangqi0821/uni-calendar-china/main/media/2021-02-17_13-00-47.jpg,"ちらっ??
　

#ミヌエット #ミヌエット子猫
#ミヌエット短毛 #funnycat
#猫好きさんと繋がりたい
#cocopet012",https://www.instagram.com/p/CLZOwlPADlc/?utm_source=ig_web_copy_link
2021/2/21,https://raw.githubusercontent.com/wangqi0821/uni-calendar-china/main/media/2021-02-21_12-50-14.jpg,"いつも可愛いうに??

#ミヌエット #ミヌエット子猫
#ミヌエット短毛 #funnycat
#猫好きさんと繋がりたい
#cocopet012",https://www.instagram.com/p/CLjguyLgKfq/?utm_source=ig_web_copy_link&igsh=MzRlODBiNWFlZA==
2021/2/27,https://raw.githubusercontent.com/wangqi0821/uni-calendar-china/main/media/2021-02-27_10-53-00.jpg,"2021.02.27

今日もかわいいうに??

#ミヌエット #ミヌエット子猫
#ミヌエット短毛 #funnycat
#猫好きさんと繋がりたい
#cocopet012",https://www.instagram.com/p/CLywFdvgO2p/?utm_source=ig_web_copy_link&igsh=MzRlODBiNWFlZA==
2021/3/4,https://raw.githubusercontent.com/wangqi0821/uni-calendar-china/main/media/2021-03-04_13-29-50.jpg,"2021.03.04

いつもよりちょっとおすましなうに??

#ミヌエット #ミヌエット子猫
#ミヌエット短毛 #funnycat
#猫好きさんと繋がりたい
#cocopet012",https://www.instagram.com/p/CL_6AZvAx0Q/?utm_source=ig_web_copy_link&igsh=MzRlODBiNWFlZA==
2021/3/9,https://raw.githubusercontent.com/wangqi0821/uni-calendar-china/main/media/2021-03-09_13-56-45.jpg,"2021.03.09
今日もかわいいうに??

#ミヌエット #ミヌエット子猫
#ミヌエット短毛 #funnycat
#猫好きさんと繋がりたい
#cocopet012",https://www.instagram.com/p/CMM1D8lA53l/?utm_source=ig_web_copy_link&igsh=MzRlODBiNWFlZA==
2021/3/15,https://raw.githubusercontent.com/wangqi0821/uni-calendar-china/main/media/2021-03-15_13-08-59.jpg,"2021.03.15

今日のうにもかわいい??

#ミヌエット #ミヌエット子猫
#ミヌエット短毛 #funnycat
#猫好きさんと繋がりたい
#cocopet012",https://www.instagram.com/p/CMcMXaVAd5S/?utm_source=ig_web_copy_link&igsh=MzRlODBiNWFlZA==
2021/3/18,https://raw.githubusercontent.com/wangqi0821/uni-calendar-china/main/media/2021-03-18_09-42-13.jpg,"普段上らないところに上って、
得意げなうに??

#ミヌエット
#ミヌエット短毛 #funnycat
#猫好きさんと繋がりたい
#cocopet012",https://www.instagram.com/p/CMjjFmNgiOF/?utm_source=ig_web_copy_link&igsh=MzRlODBiNWFlZA==
2021/3/22,https://raw.githubusercontent.com/wangqi0821/uni-calendar-china/main/media/2021-03-22_13-06-51.jpg,"なんか違う生物みたい??

#ミヌエット #猫好きさんと繋がりたい
#funnycat",https://www.instagram.com/p/CMuNr1QAwuL/?utm_source=ig_web_copy_link&igsh=MzRlODBiNWFlZA==
2021/3/27,"https://raw.githubusercontent.com/wangqi0821/uni-calendar-china/main/media/2021-03-27_10-40-12_1.jpg
https://raw.githubusercontent.com/wangqi0821/uni-calendar-china/main/media/2021-03-27_10-40-12_2.jpg
https://raw.githubusercontent.com/wangqi0821/uni-calendar-china/main/media/2021-03-27_10-40-12_3.jpg
https://raw.githubusercontent.com/wangqi0821/uni-calendar-china/main/media/2021-03-27_10-40-12_4.jpg
https://raw.githubusercontent.com/wangqi0821/uni-calendar-china/main/media/2021-03-27_10-40-12_5.jpg
https://raw.githubusercontent.com/wangqi0821/uni-calendar-china/main/media/2021-03-27_10-40-12_6.jpg
https://raw.githubusercontent.com/wangqi0821/uni-calendar-china/main/media/2021-03-27_10-40-12_7.jpg
https://raw.githubusercontent.com/wangqi0821/uni-calendar-china/main/media/2021-03-27_10-40-12_7.mp4","2021.03.27

今日はうにの1歳の誕生日です！
そして、記念すべきインスタ100投稿目です（偶然ですが）。

うにがいてくれて、毎日本当に楽しいです。
これからも元気でいてね?

動画は4ヶ月目のうにです。
声がまたかわいい…！

#ミヌエット　#ミヌエット短足
#猫好きさんと繋がりたい
#funnycat #catstagram",https://www.instagram.com/p/CM604HXgPio/?utm_source=ig_web_copy_link&igsh=MzRlODBiNWFlZA==
2021/3/31,"https://raw.githubusercontent.com/wangqi0821/uni-calendar-china/main/media/2021-03-31_12-54-52_1.jpg
https://raw.githubusercontent.com/wangqi0821/uni-calendar-china/main/media/2021-03-31_12-54-52_2.jpg","よくコロコロしているうに??

#ミヌエット #ねこすたぐらむ
#猫好きさんと繋がりたい
#funnycat",https://www.instagram.com/p/CNFXd7IgaIF/?utm_source=ig_web_copy_link&igsh=MzRlODBiNWFlZA==
2021/4/3,"https://raw.githubusercontent.com/wangqi0821/uni-calendar-china/main/media/2021-04-03_11-05-41_1.jpg
https://raw.githubusercontent.com/wangqi0821/uni-calendar-china/main/media/2021-04-03_11-05-41_2.jpg
https://raw.githubusercontent.com/wangqi0821/uni-calendar-china/main/media/2021-04-03_11-05-41_3.jpg","2021.04.03

うにのお昼寝タイム??

#ミヌエット　#猫好きさんと繋がりたい #にゃんすたぐらむ
#catstagram",https://www.instagram.com/p/CNM5W-Jgn16/?utm_source=ig_web_copy_link&igsh=MzRlODBiNWFlZA==
2021/4/5,"https://raw.githubusercontent.com/wangqi0821/uni-calendar-china/main/media/2021-04-05_11-52-27_1.jpg
https://raw.githubusercontent.com/wangqi0821/uni-calendar-china/main/media/2021-04-05_11-52-27_2.jpg
https://raw.githubusercontent.com/wangqi0821/uni-calendar-china/main/media/2021-04-05_11-52-27_3.jpg","2021.04.05

うに、少女漫画みたいな目。

#ミヌエット #ミヌエット短毛
#funnycat #にゃんすたぐらむ #猫好きさんと繋がりたい #catstagram",https://www.instagram.com/p/CNSITJvgBLd/?utm_source=ig_web_copy_link&igsh=MzRlODBiNWFlZA==
2021/4/10,https://raw.githubusercontent.com/wangqi0821/uni-calendar-china/main/media/2021-04-10_13-03-40.jpg,"2021.04.10

うにと青葉。かわいい?

#ミヌエット #猫好きさんと繋がりたい
#にゃんすたぐらむ
#funnycat #catstagram",https://www.instagram.com/p/CNfIbIZgmW5/?utm_source=ig_web_copy_link&igsh=MzRlODBiNWFlZA==
2021/4/14,https://raw.githubusercontent.com/wangqi0821/uni-calendar-china/main/media/2021-04-14_11-11-45.jpg,"2021.04.14
ひょっこり

#ミヌエット #funnycat #catstagram
#猫好きさんと繋がりたい #にゃんすたぐらむ",https://www.instagram.com/p/CNpOy7hgjA_/?utm_source=ig_web_copy_link&igsh=MzRlODBiNWFlZA==
2021/4/19,https://raw.githubusercontent.com/wangqi0821/uni-calendar-china/main/media/2021-04-19_13-09-52.jpg,"相変わらず謎の表情でかわいい。

#ミヌエット #猫好きさんと繋がりたい
#catstagram #funnycat
#にゃんすたぐらむ",https://www.instagram.com/p/CN2USaXAGkb/?utm_source=ig_web_copy_link&igsh=MzRlODBiNWFlZA==
2021/4/26,https://raw.githubusercontent.com/wangqi0821/uni-calendar-china/main/media/2021-04-26_12-52-29.jpg,"ちょっとしょんぼり顔のうに??

#ミヌエット #catstagram #猫好きさんと繋がりたい #funnycat #にゃんすたぐらむ",https://www.instagram.com/p/COIT3UXAXse/?utm_source=ig_web_copy_link&igsh=MzRlODBiNWFlZA==
2021/4/29,"https://raw.githubusercontent.com/wangqi0821/uni-calendar-china/main/media/2021-04-29_13-08-01_1.jpg
https://raw.githubusercontent.com/wangqi0821/uni-calendar-china/main/media/2021-04-29_13-08-01_2.jpg","2021.04.29

今日もかわいいうに??

#ミヌエット #猫好きさんと繋がりたい
#catstagram #にゃんすたぐらむ",https://www.instagram.com/p/COQEBoYAhrH/?utm_source=ig_web_copy_link&igsh=MzRlODBiNWFlZA==
2021/5/6,"https://raw.githubusercontent.com/wangqi0821/uni-calendar-china/main/media/2021-05-06_12-57-12_1.jpg
https://raw.githubusercontent.com/wangqi0821/uni-calendar-china/main/media/2021-05-06_12-57-12_2.jpg","箱の中でテンション上がってるうに??

#ミヌエット #猫好きさんと繋がりたい #catstagram #にゃんすたぐらむ #funnycat",https://www.instagram.com/p/COiEWolAjB_/?utm_source=ig_web_copy_link&igsh=MzRlODBiNWFlZA==
2021/5/12,https://raw.githubusercontent.com/wangqi0821/uni-calendar-china/main/media/2021-05-12_12-09-20.jpg,"ご飯の皿をひっくり返したのに、ドヤッとしてる感じのうに??

#ミヌエット #にゃんすたぐらむ #猫好きさんと繋がりたい #catstagram #funnycat",https://www.instagram.com/p/COxbpOpgIkC/?utm_source=ig_web_copy_link&igsh=MzRlODBiNWFlZA==
2021/5/15,https://raw.githubusercontent.com/wangqi0821/uni-calendar-china/main/media/2021-05-15_09-28-25.jpg,"うにのちっちゃい時。

#ミヌエット #猫好きさんと繋がりたい
#funnycat #kitten #にゃんすたぐらむ
#catstagram",https://www.instagram.com/p/CO43nU4ALmb/?utm_source=ig_web_copy_link&igsh=MzRlODBiNWFlZA==
2021/5/17,https://raw.githubusercontent.com/wangqi0821/uni-calendar-china/main/media/2021-05-17_11-23-04.jpg,"日常の一コマ。

#ミヌエット #にゃんすたぐらむ #猫好きさんと繋がりたい #catstagram",https://www.instagram.com/p/CO-OUskgo4g/?utm_source=ig_web_copy_link&igsh=MzRlODBiNWFlZA==
2021/5/23,https://raw.githubusercontent.com/wangqi0821/uni-calendar-china/main/media/2021-05-23_07-06-31.jpg,"相変わらずトンネルの中が好きなうに。:3

#ミヌエット #猫好きさんと繋がりたい
#にゃんすたぐらむ #catstagram",https://www.instagram.com/p/CPNNvAWgunI/?utm_source=ig_web_copy_link&igsh=MzRlODBiNWFlZA==
2021/5/27,https://raw.githubusercontent.com/wangqi0821/uni-calendar-china/main/media/2021-05-27_11-14-17.jpg,"2021.05.27

新しくポンポンつきの猫じゃらしを買ったところ、お気に召した模様。:3

#ミヌエット #猫好きさんと繋がりたい
#catstagram",https://www.instagram.com/p/CPX9RMGglWH/?utm_source=ig_web_copy_link&igsh=MzRlODBiNWFlZA==
2021/5/31,https://raw.githubusercontent.com/wangqi0821/uni-calendar-china/main/media/2021-05-31_10-32-46.jpg,"かくれんぼうに。:3

#ミヌエット #猫好きさんと繋がりたい
#にゃんすたぐらむ #catsofinstagram
#catstagram",https://www.instagram.com/p/CPiLsklg90W/?utm_source=ig_web_copy_link&igsh=MzRlODBiNWFlZA==
2021/6/2,https://raw.githubusercontent.com/wangqi0821/uni-calendar-china/main/media/2021-06-02_10-43-53.jpg,"最近仲がいい2匹。

#ミヌエット #猫好きさんと繋がりたい
#catstagram #catsofinstagram
#にゃんすたぐらむ",https://www.instagram.com/p/CPnWjuggCHH/?utm_source=ig_web_copy_link&igsh=MzRlODBiNWFlZA==
2021/6/4,https://raw.githubusercontent.com/wangqi0821/uni-calendar-china/main/media/2021-06-04_13-44-02.jpg,"ちゅーる待ちのうに。:3

#ミヌエット #にゃんすたぐらむ
#catstagram #猫好きさんと繋がりたい",https://www.instagram.com/p/CPs0w_8ApD3/?utm_source=ig_web_copy_link&igsh=MzRlODBiNWFlZA==
2021/6/5,"https://raw.githubusercontent.com/wangqi0821/uni-calendar-china/main/media/2021-06-05_09-36-07_1.jpg
https://raw.githubusercontent.com/wangqi0821/uni-calendar-china/main/media/2021-06-05_09-36-07_2.jpg","リラックスうに。:3

#ミヌエット #にゃんすたぐらむ
#猫好きさんと繋がりたい
#catstagram #catsofinstagram",https://www.instagram.com/p/CPu9L_3giWd/?utm_source=ig_web_copy_link&igsh=MzRlODBiNWFlZA==
2021/6/8,"https://raw.githubusercontent.com/wangqi0821/uni-calendar-china/main/media/2021-06-08_07-39-09_1.jpg
https://raw.githubusercontent.com/wangqi0821/uni-calendar-china/main/media/2021-06-08_07-39-09_2.jpg","眠いうに。:3

#ミヌエット #猫好きさんと繋がりたい
#catstagram #にゃんすたぐらむ
#猫のいる暮らし",https://www.instagram.com/p/CP2eMA7A31O/?utm_source=ig_web_copy_link&igsh=MzRlODBiNWFlZA==
2021/6/10,https://raw.githubusercontent.com/wangqi0821/uni-calendar-china/main/media/2021-06-10_06-31-01.jpg,"お届け物…？

#ミヌエット #猫好きさんと繋がりたい
#catstagram #にゃんすたぐらむ
#catsofinstagram #cocopet012",https://www.instagram.com/p/CP7f-uLAgnC/?utm_source=ig_web_copy_link&igsh=MzRlODBiNWFlZA==
2021/6/11,https://raw.githubusercontent.com/wangqi0821/uni-calendar-china/main/media/2021-06-11_06-53-57_1.jpg,"昨日でうにをお迎えして1年経ちました。

毎日楽しくて、毎日可愛くて、本当に幸せな日々です。

#ミヌエット #にゃんすたぐらむ
#cocopet012 #catsofinstagram
#猫好きさんと繋がりたい",https://www.instagram.com/p/CP-HZjtADPZ/?utm_source=ig_web_copy_link&igsh=MzRlODBiNWFlZA==
2021/6/15,"https://raw.githubusercontent.com/wangqi0821/uni-calendar-china/main/media/2021-06-15_13-37-45_3.jpg
https://raw.githubusercontent.com/wangqi0821/uni-calendar-china/main/media/2021-06-15_13-37-45_1.jpg
https://raw.githubusercontent.com/wangqi0821/uni-calendar-china/main/media/2021-06-15_13-37-45_2.jpg","起きたらうにが添い寝してくれてた。
幸せな時間。:3

#ミヌエット #猫好きさんと繋がりたい
#にゃんすたぐらむ #catstagram",https://www.instagram.com/p/CQJIydRgXt_/?utm_source=ig_web_copy_link&igsh=MzRlODBiNWFlZA==
2021/6/17,https://raw.githubusercontent.com/wangqi0821/uni-calendar-china/main/media/2021-06-17_07-01-58.jpg,"ぬいぐるみかな？:3

#ミヌエット #にゃんすたぐらむ #猫好きさんと繋がりたい #catsofinstagram #cocopet012 #catstagram",https://www.instagram.com/p/CQNlFeuAe7o/?utm_source=ig_web_copy_link&igsh=MzRlODBiNWFlZA==
2021/6/19,https://raw.githubusercontent.com/wangqi0821/uni-calendar-china/main/media/2021-06-19_04-27-57_1.jpg,"何かを見つけたうに。:3

#ミヌエット #猫好きさんと繋がりたい
#catsofinstagram #catstagram
#にゃんすたぐらむ #cocopet012",https://www.instagram.com/p/CQSdDGOgkUe/?utm_source=ig_web_copy_link&igsh=MzRlODBiNWFlZA==
2021/6/20,https://raw.githubusercontent.com/wangqi0821/uni-calendar-china/main/media/2021-06-20_10-31-07.jpg,"ちゅーる待ちのうに。:3

#ミヌエット #猫好きさんと繋がりたい
#catstagram #catsofinstagram
#にゃんすたぐらむ",https://www.instagram.com/p/CQVraA8Azhe/?utm_source=ig_web_copy_link&igsh=MzRlODBiNWFlZA==
2021/6/22,https://raw.githubusercontent.com/wangqi0821/uni-calendar-china/main/media/2021-06-22_04-01-13_1.jpg,"何を考えてるか分からない顔だけど可愛い。:3

#ミヌエット #にゃんすたぐらむ #catstagram
#catsofinstagram #猫好きさんと繋がりたい",https://www.instagram.com/p/CQaIX9NsZsL/?utm_source=ig_web_copy_link&igsh=MzRlODBiNWFlZA==
2021/6/23,https://raw.githubusercontent.com/wangqi0821/uni-calendar-china/main/media/2021-06-23_13-19-08_1.jpg,"ちょこんとうに。:3

#ミヌエット #猫好きさんと繋がりたい
#にゃんすたぐらむ #catstagram
#catsofinstagram",https://www.instagram.com/p/CQdtBKus4Rf/?utm_source=ig_web_copy_link&igsh=MzRlODBiNWFlZA==
2021/6/25,https://raw.githubusercontent.com/wangqi0821/uni-calendar-china/main/media/2021-06-25_06-04-41.jpg,"ちゅーる待ちのうに。:3

#ミヌエット #猫好きさんと繋がりたい
#catstagram #にゃんすたぐらむ #catsofinstagram",https://www.instagram.com/p/CQiE46eM-2i/?utm_source=ig_web_copy_link&igsh=MzRlODBiNWFlZA==
2021/6/26,https://raw.githubusercontent.com/wangqi0821/uni-calendar-china/main/media/2021-06-26_08-55-45.jpg,"のびーっとうに。:3

#ミヌエット #catstagram #猫好きさんと繋がりたい #にゃんすたぐらむ #catsofinstagram",https://www.instagram.com/p/CQk9Qz0MpEa/?utm_source=ig_web_copy_link&igsh=MzRlODBiNWFlZA==
2021/6/27,https://raw.githubusercontent.com/wangqi0821/uni-calendar-china/main/media/2021-06-27_11-18-43_1.jpg,"どこでもころーんとする。:3

#ミヌエット #猫好きさんと繋がりたい
#catstagram #catstagram_japan
#にゃんすたぐらむ",https://www.instagram.com/p/CQnyavQMixg/?utm_source=ig_web_copy_link&igsh=MzRlODBiNWFlZA==
2021/6/28,https://raw.githubusercontent.com/wangqi0821/uni-calendar-china/main/media/2021-06-28_07-13-07_1.jpg,"みょーん。:3

#ミヌエット #猫好きさんと繋がりたい
#にゃんすたぐらむ #funnycat
#catstagram",https://www.instagram.com/p/CQp7Gw5sBX7/?utm_source=ig_web_copy_link&igsh=MzRlODBiNWFlZA==
2021/6/30,"https://raw.githubusercontent.com/wangqi0821/uni-calendar-china/main/media/2021-06-30_07-34-03_2.jpg
https://raw.githubusercontent.com/wangqi0821/uni-calendar-china/main/media/2021-06-30_07-34-03_1.jpg","ソファの上がお気に入り。:3

#ミヌエット #猫好きさんと繋がりたい #にゃんすたぐらむ #catstagram #catlover",https://www.instagram.com/p/CQvHFy3MjWB/?utm_source=ig_web_copy_link&igsh=MzRlODBiNWFlZA==
2021/7/1,https://raw.githubusercontent.com/wangqi0821/uni-calendar-china/main/media/2021-07-01_10-49-41_1.jpg,"ひょこっ。:3

#ミヌエット #猫好きさんと繋がりたい
#catstagram #にゃんすたぐらむ
#catsofinstagram",https://www.instagram.com/p/CQyCRhJME49/?utm_source=ig_web_copy_link&igsh=MzRlODBiNWFlZA==
2021/7/4,https://raw.githubusercontent.com/wangqi0821/uni-calendar-china/main/media/2021-07-04_10-28-25_1.jpg,"お気に入りの箱。:3

#ミヌエット #猫好きさんと繋がりたい
#にゃんすたぐらむ #catstagram
#catlover",https://www.instagram.com/p/CQ5uOXhM0ao/?utm_source=ig_web_copy_link&igsh=MzRlODBiNWFlZA==
2021/7/7,https://raw.githubusercontent.com/wangqi0821/uni-calendar-china/main/media/2021-07-07_13-38-39_1.jpg,"先住猫あおばと。:3

#ミヌエット #猫好きさんと繋がりたい
#catstagram #catsofinstagram
#にゃんすたぐらむ",https://www.instagram.com/p/CRByYQxsqWa/?utm_source=ig_web_copy_link
2021/7/8,https://raw.githubusercontent.com/wangqi0821/uni-calendar-china/main/media/2021-07-08_13-27-45.jpg,"おめめがまんまるなうに。:3

#ミヌエット #ミヌエット短毛 #funnycat
#猫好きさんと繋がりたい
#catstagram #にゃんすたぐらむ",https://www.instagram.com/p/CREV7adsVaA/?utm_source=ig_web_copy_link&igsh=MzRlODBiNWFlZA==
2021/7/10,https://raw.githubusercontent.com/wangqi0821/uni-calendar-china/main/media/2021-07-10_12-42-22.jpg,"キャットタワーの上から。

#ミヌエット #ミヌエット短毛 #funnycat
#猫好きさんと繋がりたい
#catstagram #にゃんすたぐらむ",https://www.instagram.com/p/CRJaU2gMd68/?utm_source=ig_web_copy_link&igsh=MzRlODBiNWFlZA==
2021/7/12,https://raw.githubusercontent.com/wangqi0821/uni-calendar-china/main/media/2021-07-12_07-15-26.jpg,"病院で怖い思いしたのに、ケージの中がちょっとお気に入りになったうに。

#ミヌエット #ミヌエット短毛 #funnycat
#猫好きさんと繋がりたい
#catstagram #にゃんすたぐらむ",https://www.instagram.com/p/CRN-gBlsmPy/?utm_source=ig_web_copy_link&igsh=MzRlODBiNWFlZA==
2021/7/13,"https://raw.githubusercontent.com/wangqi0821/uni-calendar-china/main/media/2021-07-13_12-55-09_3.jpg
https://raw.githubusercontent.com/wangqi0821/uni-calendar-china/main/media/2021-07-13_12-55-09_1.jpg
https://raw.githubusercontent.com/wangqi0821/uni-calendar-china/main/media/2021-07-13_12-55-09_2.jpg","表情が絶妙。:3

#ミヌエット #ミヌエット短毛 #funnycat #catsofinstagram
#猫好きさんと繋がりたい
#catstagram #にゃんすたぐらむ",https://www.instagram.com/p/CRRKK-SM3Ve/?utm_source=ig_web_copy_link&igsh=MzRlODBiNWFlZA==
2021/7/15,https://raw.githubusercontent.com/wangqi0821/uni-calendar-china/main/media/2021-07-15_10-46-53_1.jpg,":3 の顔。

#ミヌエット #ミヌエット短毛 #funnycat
#猫好きさんと繋がりたい
#catstagram #にゃんすたぐらむ
#catsofinstagram",https://www.instagram.com/p/CRWFFRjsLsf/?utm_source=ig_web_copy_link&igsh=MzRlODBiNWFlZA==
2021/7/17,"https://raw.githubusercontent.com/wangqi0821/uni-calendar-china/main/media/2021-07-17_08-55-01_1.jpg
https://raw.githubusercontent.com/wangqi0821/uni-calendar-china/main/media/2021-07-17_08-55-01_2.jpg",https://www.instagram.com/p/CRbB3u7srAE/?utm_source=ig_web_copy_link&igsh=MzRlODBiNWFlZA==,https://www.instagram.com/p/CRbB3u7srAE/?utm_source=ig_web_copy_link&igsh=MzRlODBiNWFlZA==
2021/7/20,https://raw.githubusercontent.com/wangqi0821/uni-calendar-china/main/media/2021-07-20_07-09-25.jpg,"遊んでほしいうに。:3

#ミヌエット #ミヌエット短毛 #funnycat
#猫好きさんと繋がりたい
#catstagram #にゃんすたぐらむ
#catsofinstagram",https://www.instagram.com/p/CRikK88MM6t/?utm_source=ig_web_copy_link&igsh=MzRlODBiNWFlZA==
2021/7/23,https://raw.githubusercontent.com/wangqi0821/uni-calendar-china/main/media/2021-07-23_04-30-40.jpg,"猫じゃらしよりも紐が好き。:3

#ミヌエット #ミヌエット短毛 #funnycat
#猫好きさんと繋がりたい
#catstagram #にゃんすたぐらむ
#catsofinstagram",https://www.instagram.com/p/CRqAY2bMsmh/?utm_source=ig_web_copy_link&igsh=MzRlODBiNWFlZA==
2021/7/24,https://raw.githubusercontent.com/wangqi0821/uni-calendar-china/main/media/2021-07-24_09-34-31_1.jpg,"ドア開けたらびっくりしてた。:3

#ミヌエット #ミヌエット短毛 #funnycat
#猫好きさんと繋がりたい
#catstagram #にゃんすたぐらむ
#catsofinstagram",https://www.instagram.com/p/CRtH9GnsBvA/?utm_source=ig_web_copy_link&igsh=MzRlODBiNWFlZA==
2021/7/25,"https://raw.githubusercontent.com/wangqi0821/uni-calendar-china/main/media/2021-07-25_07-07-33_2.jpg
https://raw.githubusercontent.com/wangqi0821/uni-calendar-china/main/media/2021-07-25_07-07-33_1.jpg","ちょこん。:3

#ミヌエット #ミヌエット短毛 #funnycat
#猫好きさんと繋がりたい
#catstagram #にゃんすたぐらむ
#catsofinstagram",https://www.instagram.com/p/CRvb7jKsYSX/?utm_source=ig_web_copy_link&igsh=MzRlODBiNWFlZA==
2021/7/28,"https://raw.githubusercontent.com/wangqi0821/uni-calendar-china/main/media/2021-07-28_08-14-21_1.jpg
https://raw.githubusercontent.com/wangqi0821/uni-calendar-china/main/media/2021-07-28_08-14-21_2.jpg","お気に入りクッションの上で。:3

#ミヌエット #ミヌエット短毛 #funnycat
#猫好きさんと繋がりたい
#catstagram #にゃんすたぐらむ
#catsofinstagram",https://www.instagram.com/p/CR3R9e6skk1/?utm_source=ig_web_copy_link&igsh=MzRlODBiNWFlZA==
2021/7/28,"https://raw.githubusercontent.com/wangqi0821/uni-calendar-china/main/media/2021-07-28_13-48-42_1.jpg
https://raw.githubusercontent.com/wangqi0821/uni-calendar-china/main/media/2021-07-28_13-48-42_2.jpg
https://raw.githubusercontent.com/wangqi0821/uni-calendar-china/main/media/2021-07-28_13-48-42_3.jpg
https://raw.githubusercontent.com/wangqi0821/uni-calendar-china/main/media/2021-07-28_13-48-42_4.jpg","お風呂に入りました。:3

#ミヌエット #ミヌエット短毛 #funnycat
#猫好きさんと繋がりたい
#catstagram #にゃんすたぐらむ
#wet",https://www.instagram.com/p/CR34OZgsi2N/?utm_source=ig_web_copy_link&igsh=MzRlODBiNWFlZA==
2021/8/1,"https://raw.githubusercontent.com/wangqi0821/uni-calendar-china/main/media/2021-08-01_12-07-27_2.jpg
https://raw.githubusercontent.com/wangqi0821/uni-calendar-china/main/media/2021-08-01_12-07-27_1.jpg","まんまるおめめで可愛いうに。:3

#ミヌエット #ミヌエット短毛 #funnycat
#猫好きさんと繋がりたい
#catstagram #にゃんすたぐらむ",https://www.instagram.com/p/CSB_0PbFNpW/?utm_source=ig_web_copy_link&igsh=MzRlODBiNWFlZA==
2021/8/5,https://raw.githubusercontent.com/wangqi0821/uni-calendar-china/main/media/2021-08-05_10-51-55_1.jpg,"うにとあおば。

#ミヌエット #ミヌエット短毛 #funnycat
#猫好きさんと繋がりたい
#catstagram #にゃんすたぐらむ",https://www.instagram.com/p/CSMKWkwFwiL/?utm_source=ig_web_copy_link&igsh=MzRlODBiNWFlZA==
2021/8/9,https://raw.githubusercontent.com/wangqi0821/uni-calendar-china/main/media/2021-08-09_04-46-55_1.jpg,"ちょっと変わったポーズ。:3
Uni's slightly different pose:3

#ミヌエット #ミヌエット短毛 #funnycat
#猫好きさんと繋がりたい
#catstagram #にゃんすたぐらむ
#catsofinstagram",https://www.instagram.com/p/CSVzwp9FhzL/?utm_source=ig_web_copy_link&igsh=MzRlODBiNWFlZA==
2021/8/11,https://raw.githubusercontent.com/wangqi0821/uni-calendar-china/main/media/2021-08-11_13-06-33.jpg,"お気に入りの爪とぎだったけど、ぼろぼろになったので買い替えました。:3

#ミヌエット #ミヌエット短毛 #funnycat
#猫好きさんと繋がりたい
#catstagram #にゃんすたぐらむ",https://www.instagram.com/p/CSb2h6ElM_b/?utm_source=ig_web_copy_link&igsh=MzRlODBiNWFlZA==
2021/8/13,https://raw.githubusercontent.com/wangqi0821/uni-calendar-china/main/media/2021-08-13_14-20-06_1.jpg,"何を見てるのかな？:3

#ミヌエット #ミヌエット短毛 #funnycat
#猫好きさんと繋がりたい
#catstagram #にゃんすたぐらむ",https://www.instagram.com/p/CShIiVHFXBR/?utm_source=ig_web_copy_link&igsh=MzRlODBiNWFlZA==
2021/8/15,https://raw.githubusercontent.com/wangqi0821/uni-calendar-china/main/media/2021-08-15_11-14-18_1.jpg,"ひっくりかえって、きゅるっ！

#ミヌエット #ミヌエット短毛 #funnycat
#猫好きさんと繋がりたい
#catstagram #にゃんすたぐらむ",https://www.instagram.com/p/CSl83QoFNzG/?utm_source=ig_web_copy_link&igsh=MzRlODBiNWFlZA==
2021/8/16,"https://raw.githubusercontent.com/wangqi0821/uni-calendar-china/main/media/2021-08-16_13-25-09_1.jpg
https://raw.githubusercontent.com/wangqi0821/uni-calendar-china/main/media/2021-08-16_13-25-09_2.jpg
https://raw.githubusercontent.com/wangqi0821/uni-calendar-china/main/media/2021-08-16_13-25-09_3.jpg","LINEスタンプを作りました！

普段使いがしやすいスタンプだと思います。

LINEのスタンプショップから
「ミヌエットのうに」で検索してみて下さいね。:3

https://line.me/S/sticker/16375574

#ミヌエット #ミヌエット短毛 #funnycat
#猫好きさんと繋がりたい
#catstagram #にゃんすたぐらむ",https://www.instagram.com/p/CSowogbFZmy/?utm_source=ig_web_copy_link&igsh=MzRlODBiNWFlZA==
2021/8/19,https://raw.githubusercontent.com/wangqi0821/uni-calendar-china/main/media/2021-08-19_03-02-51.jpg,"子猫みたい。かわいい。:3

#ミヌエット #ミヌエット短毛 #funnycat
#猫好きさんと繋がりたい
#catstagram #にゃんすたぐらむ",https://www.instagram.com/p/CSvXzQ3lV3j/?utm_source=ig_web_copy_link&igsh=MzRlODBiNWFlZA==
2021/8/19,https://raw.githubusercontent.com/wangqi0821/uni-calendar-china/main/media/2021-08-19_10-36-32.jpg,"何を見ているのかな？:3

#ミヌエット #ミヌエット短毛 #funnycat
#猫好きさんと繋がりたい
#catstagram #にゃんすたぐらむ",https://www.instagram.com/p/CSwLuMjlTFg/?utm_source=ig_web_copy_link&igsh=MzRlODBiNWFlZA==
2021/8/20,"https://raw.githubusercontent.com/wangqi0821/uni-calendar-china/main/media/2021-08-20_03-09-28_1.jpg
https://raw.githubusercontent.com/wangqi0821/uni-calendar-china/main/media/2021-08-20_03-09-28_2.jpg","浅くてちょっと広めの箱が好き。:3

#ミヌエット #ミヌエット短毛 #funnycat
#猫好きさんと繋がりたい
#catstagram #にゃんすたぐらむ",https://www.instagram.com/p/CSx9WnyFvfl/?utm_source=ig_web_copy_link&igsh=MzRlODBiNWFlZA==
2021/8/20,"https://raw.githubusercontent.com/wangqi0821/uni-calendar-china/main/media/2021-08-20_13-25-42_1.jpg
https://raw.githubusercontent.com/wangqi0821/uni-calendar-china/main/media/2021-08-20_13-25-42_2.jpg
https://raw.githubusercontent.com/wangqi0821/uni-calendar-china/main/media/2021-08-20_13-25-42_3.jpg","エコバッグ好きなうに。:3

#ミヌエット #ミヌエット短毛 #funnycat
#猫好きさんと繋がりたい
#catstagram #にゃんすたぐらむ",https://www.instagram.com/p/CSzD4Eyl4OZ/?utm_source=ig_web_copy_link&igsh=MzRlODBiNWFlZA==
2021/8/21,https://raw.githubusercontent.com/wangqi0821/uni-calendar-china/main/media/2021-08-21_02-26-46.jpg,"おめめきらきら。:3

#ミヌエット #ミヌエット短毛 #funnycat
#猫好きさんと繋がりたい
#catstagram #にゃんすたぐらむ",https://www.instagram.com/p/CS0dQwYFD0B/?utm_source=ig_web_copy_link&igsh=MzRlODBiNWFlZA==
2021/8/22,"https://raw.githubusercontent.com/wangqi0821/uni-calendar-china/main/media/2021-08-22_02-31-59_1.jpg
https://raw.githubusercontent.com/wangqi0821/uni-calendar-china/main/media/2021-08-22_02-31-59_2.jpg
https://raw.githubusercontent.com/wangqi0821/uni-calendar-china/main/media/2021-08-22_02-31-59_3.jpg","動物病院は苦手だけど、
キャリーの中は好き。:3

#ミヌエット #ミヌエット短毛 #funnycat
#猫好きさんと繋がりたい
#catstagram #にゃんすたぐらむ",https://www.instagram.com/p/CS3sCLzFsel/?utm_source=ig_web_copy_link&igsh=MzRlODBiNWFlZA==
2021/8/22,https://raw.githubusercontent.com/wangqi0821/uni-calendar-china/main/media/2021-08-22_08-33-34.jpg,"ちゅーる大好き！
鼻にちゅーるついちゃった。:3

#ミヌエット #ミヌエット短毛 #funnycat
#猫好きさんと繋がりたい
#catstagram #にゃんすたぐらむ",https://www.instagram.com/p/CS3CpzDlvDJ/?utm_source=ig_web_copy_link&igsh=MzRlODBiNWFlZA==
2021/8/22,"https://raw.githubusercontent.com/wangqi0821/uni-calendar-china/main/media/2021-08-22_13-04-17_1.jpg
https://raw.githubusercontent.com/wangqi0821/uni-calendar-china/main/media/2021-08-22_13-04-17_2.jpg","空気清浄機にのぼることを覚えたうに。:3

#ミヌエット #ミヌエット短毛 #funnycat
#猫好きさんと繋がりたい
#catstagram #にゃんすたぐらむ",https://www.instagram.com/p/CS4LA-zlgXz/?utm_source=ig_web_copy_link&igsh=MzRlODBiNWFlZA==
2021/8/23,https://raw.githubusercontent.com/wangqi0821/uni-calendar-china/main/media/2021-08-23_02-45-35.jpg,"きゅるっとしたうに。:3

#ミヌエット #ミヌエット短毛 #funnycat
#猫好きさんと繋がりたい
#catstagram #にゃんすたぐらむ",https://www.instagram.com/p/CS5pAZKlheF/?utm_source=ig_web_copy_link&igsh=MzRlODBiNWFlZA==
2021/8/24,https://raw.githubusercontent.com/wangqi0821/uni-calendar-china/main/media/2021-08-24_02-57-01.jpg,"キャリーの側で一休み。:3

#ミヌエット #ミヌエット短毛 #funnycat
#猫好きさんと繋がりたい
#catstagram #にゃんすたぐらむ",https://www.instagram.com/p/CS8PG_vFrT8/?utm_source=ig_web_copy_link&igsh=MzRlODBiNWFlZA==
2021/8/24,https://raw.githubusercontent.com/wangqi0821/uni-calendar-china/main/media/2021-08-24_07-45-50.jpg,"かわいいうに。:3

#ミヌエット #ミヌエット短毛 #funnycat
#猫好きさんと繋がりたい
#catstagram #にゃんすたぐらむ",https://www.instagram.com/p/CS8wKXMF2CM/?utm_source=ig_web_copy_link&igsh=MzRlODBiNWFlZA==
2021/8/25,https://raw.githubusercontent.com/wangqi0821/uni-calendar-china/main/media/2021-08-25_05-06-32.jpg,"ひとやすみ。:3

#ミヌエット #ミヌエット短毛 #funnycat
#猫好きさんと繋がりたい
#catstagram #にゃんすたぐらむ",https://www.instagram.com/p/CS_CubklDWT/?utm_source=ig_web_copy_link&igsh=MzRlODBiNWFlZA==
2021/8/25,https://raw.githubusercontent.com/wangqi0821/uni-calendar-china/main/media/2021-08-25_13-25-56.jpg,"おめめがまんまる。
おてても可愛い。:3

#ミヌエット #ミヌエット短毛 #funnycat
#猫好きさんと繋がりたい
#catstagram #にゃんすたぐらむ",https://www.instagram.com/p/CS_74LQFDoy/?utm_source=ig_web_copy_link&igsh=MzRlODBiNWFlZA==
2021/8/26,https://raw.githubusercontent.com/wangqi0821/uni-calendar-china/main/media/2021-08-26_03-21-50.jpg,"肉球の毛をカット。
うにの顔??

#ミヌエット #ミヌエット短毛 #funnycat
#猫好きさんと繋がりたい
#catstagram #にゃんすたぐらむ",https://www.instagram.com/p/CTBbidwFMUW/?utm_source=ig_web_copy_link&igsh=MzRlODBiNWFlZA==
2021/8/26,https://raw.githubusercontent.com/wangqi0821/uni-calendar-china/main/media/2021-08-26_11-38-01.mp4,"うにの鳴き声。:3

#ミヌエット #ミヌエット短毛 #funnycat
#猫好きさんと繋がりたい
#catstagram #にゃんすたぐらむ",https://www.instagram.com/p/CTCTy3pFAle/?utm_source=ig_web_copy_link&igsh=MzRlODBiNWFlZA==
2021/8/27,https://raw.githubusercontent.com/wangqi0821/uni-calendar-china/main/media/2021-08-27_04-53-42.jpg,"ちょこん。ころん。:3

#ミヌエット #ミヌエット短毛 #funnycat
#猫好きさんと繋がりたい
#catstagram #にゃんすたぐらむ",https://www.instagram.com/p/CTEK2KqFKCq/?utm_source=ig_web_copy_link&igsh=MzRlODBiNWFlZA==
2021/8/28,https://raw.githubusercontent.com/wangqi0821/uni-calendar-china/main/media/2021-08-28_03-57-03.jpg,"ちょっと長くなったうに。:3

#ミヌエット #ミヌエット短毛 #funnycat
#猫好きさんと繋がりたい
#catstagram #にゃんすたぐらむ",https://www.instagram.com/p/CTHcKPLF0nZ/?utm_source=ig_web_copy_link&igsh=MzRlODBiNWFlZA==
2021/8/28,https://raw.githubusercontent.com/wangqi0821/uni-calendar-china/main/media/2021-08-28_11-22-42.jpg,"きゅるっとうに。:3

#ミヌエット #ミヌエット短毛 #funnycat
#猫好きさんと繋がりたい
#catstagram #にゃんすたぐらむ",https://www.instagram.com/p/CTGpKMPlvvG/?utm_source=ig_web_copy_link&igsh=MzRlODBiNWFlZA==
2021/8/29,"https://raw.githubusercontent.com/wangqi0821/uni-calendar-china/main/media/2021-08-29_03-17-33_1.jpg
https://raw.githubusercontent.com/wangqi0821/uni-calendar-china/main/media/2021-08-29_03-17-33_2.jpg","子猫時代のうに。:3
When Uni was little.

#ミヌエット #ミヌエット短毛 #funnycat
#猫好きさんと繋がりたい
#catstagram #にゃんすたぐらむ",https://www.instagram.com/p/CTKO_MmFWse/?utm_source=ig_web_copy_link&igsh=MzRlODBiNWFlZA==
2021/8/29,https://raw.githubusercontent.com/wangqi0821/uni-calendar-china/main/media/2021-08-29_13-25-20.jpg,"外の音にびっくりしちゃったうに。:3

#ミヌエット #ミヌエット短毛 #funnycat
#猫好きさんと繋がりたい
#catstagram #にゃんすたぐらむ",https://www.instagram.com/p/CTJJbvglgUc/?utm_source=ig_web_copy_link&igsh=MzRlODBiNWFlZA==
2021/8/30,"https://raw.githubusercontent.com/wangqi0821/uni-calendar-china/main/media/2021-08-30_03-33-16_1.jpg
https://raw.githubusercontent.com/wangqi0821/uni-calendar-china/main/media/2021-08-30_03-33-16_2.jpg
https://raw.githubusercontent.com/wangqi0821/uni-calendar-china/main/media/2021-08-30_03-33-16_3.jpg","たれちゃったうに。:3

#ミヌエット #ミヌエット短毛 #funnycat
#猫好きさんと繋がりたい
#catstagram #にゃんすたぐらむ
#catsofinstagram",https://www.instagram.com/p/CTLwBq8l13Y/?utm_source=ig_web_copy_link&igsh=MzRlODBiNWFlZA==
2021/9/1,"https://raw.githubusercontent.com/wangqi0821/uni-calendar-china/main/media/2021-09-01_03-05-01_1.jpg
https://raw.githubusercontent.com/wangqi0821/uni-calendar-china/main/media/2021-09-01_03-05-01_2.jpg
https://raw.githubusercontent.com/wangqi0821/uni-calendar-china/main/media/2021-09-01_03-05-01_3.jpg","猫じゃらし待ちのうに。:3

#ミヌエット #ミヌエット短毛 #funnycat
#猫好きさんと繋がりたい
#catstagram #にゃんすたぐらむ",https://www.instagram.com/p/CTQ2YhuldAc/?utm_source=ig_web_copy_link&igsh=MzRlODBiNWFlZA==
2021/9/1,https://raw.githubusercontent.com/wangqi0821/uni-calendar-china/main/media/2021-09-01_10-51-36.jpg,"ころーんとうに。:3

#ミヌエット #ミヌエット短毛 #funnycat
#猫好きさんと繋がりたい
#catstagram #にゃんすたぐらむ",https://www.instagram.com/p/CTRrx2wl-TS/?utm_source=ig_web_copy_link&igsh=MzRlODBiNWFlZA==
2021/9/2,https://raw.githubusercontent.com/wangqi0821/uni-calendar-china/main/media/2021-09-02_06-37-09.jpg,"ご飯まだかな？

#ミヌエット #ミヌエット短毛 #funnycat
#猫好きさんと繋がりたい
#catstagram #にゃんすたぐらむ",https://www.instagram.com/p/CTTzdMDFLuI/?utm_source=ig_web_copy_link&igsh=MzRlODBiNWFlZA==
2021/9/4,https://raw.githubusercontent.com/wangqi0821/uni-calendar-china/main/media/2021-09-04_02-19-48.jpg,"子猫時代のうに。 :3
大学还小的时候。

#ミヌエット #ミヌエット短毛 #funnycat
#猫好きさんと繋がりたい
#catstagram #にゃんすたぐらむ",https://www.instagram.com/p/CTYfmANFiGO/?utm_source=ig_web_copy_link&igsh=MzRlODBiNWFlZA==
2021/9/4,https://raw.githubusercontent.com/wangqi0821/uni-calendar-china/main/media/2021-09-04_11-33-09.jpg,"キャットタワーで遊ぶ猫。:3

#ミヌエット #ミヌエット短毛 #funnycat
#猫好きさんと繋がりたい
#catstagram #にゃんすたぐらむ",https://www.instagram.com/p/CTZe630l0tW/?utm_source=ig_web_copy_link&igsh=MzRlODBiNWFlZA==
2021/9/5,https://raw.githubusercontent.com/wangqi0821/uni-calendar-china/main/media/2021-09-05_06-46-31.jpg,"ちょっと困り顔でかわいい。:3

#ミヌエット #ミヌエット短毛 #funnycat
#猫好きさんと繋がりたい
#catstagram #にゃんすたぐらむ",https://www.instagram.com/p/CTbi6WVlQg_/?utm_source=ig_web_copy_link&igsh=MzRlODBiNWFlZA==
2021/9/6,"https://raw.githubusercontent.com/wangqi0821/uni-calendar-china/main/media/2021-09-06_03-21-25_1.jpg
https://raw.githubusercontent.com/wangqi0821/uni-calendar-china/main/media/2021-09-06_03-21-25_2.jpg
https://raw.githubusercontent.com/wangqi0821/uni-calendar-china/main/media/2021-09-06_03-21-25_3.jpg","そらに対して強気なうに。:3

#ミヌエット #ミヌエット短毛 #funnycat
#猫好きさんと繋がりたい
#catstagram #にゃんすたぐらむ",https://www.instagram.com/p/CTdwPBsFpod/?utm_source=ig_web_copy_link&igsh=MzRlODBiNWFlZA==
2021/9/7,https://raw.githubusercontent.com/wangqi0821/uni-calendar-china/main/media/2021-09-07_07-54-45.jpg,"子猫の頃。:3
大学还小的时候。

#ミヌエット #ミヌエット短毛 #funnycat
#猫好きさんと繋がりたい
#catstagram #にゃんすたぐらむ
#catloversclub",https://www.instagram.com/p/CTg0T28FYma/?utm_source=ig_web_copy_link&igsh=MzRlODBiNWFlZA==
2021/9/8,"https://raw.githubusercontent.com/wangqi0821/uni-calendar-china/main/media/2021-09-08_11-00-17_1.jpg
https://raw.githubusercontent.com/wangqi0821/uni-calendar-china/main/media/2021-09-08_11-00-17_2.jpg","まんまるおめめでチラッ。:3

#ミヌエット #ミヌエット短毛 #funnycat
#猫好きさんと繋がりたい
#catstagram #にゃんすたぐらむ??",https://www.instagram.com/p/CTkETQSlBLY/?utm_source=ig_web_copy_link&igsh=MzRlODBiNWFlZA==
2021/9/8,https://raw.githubusercontent.com/wangqi0821/uni-calendar-china/main/media/2021-09-08_14-12-12.jpg,"いぬのきもち?ねこのきもち（@inunekome）に、うにの動画が掲載されました！:3

ねこのきもちWEB MAGAZINE→エンタメ

から見れますよ?

可愛く載せて下さって嬉しいです！
ありがとうございます！",https://www.instagram.com/p/CTjuVpSlPmR/?utm_source=ig_web_copy_link&igsh=MzRlODBiNWFlZA==
2021/9/9,https://raw.githubusercontent.com/wangqi0821/uni-calendar-china/main/media/2021-09-09_08-37-29.jpg,"うに好みのサイズ感。:3

#ミヌエット #ミヌエット短毛 #funnycat
#猫好きさんと繋がりたい
#catstagram #にゃんすたぐらむ
#catlovers",https://www.instagram.com/p/CTmCyoJFeJ0/?utm_source=ig_web_copy_link&igsh=MzRlODBiNWFlZA==
2021/9/10,https://raw.githubusercontent.com/wangqi0821/uni-calendar-china/main/media/2021-09-10_12-50-31.jpg,"「:3」の顔。

#ミヌエット #ミヌエット短毛 #funnycat
#猫好きさんと繋がりたい
#catstagram #にゃんすたぐらむ",https://www.instagram.com/p/CTpEizEpPsS/?utm_source=ig_web_copy_link&igsh=MzRlODBiNWFlZA==
2021/9/11,"https://raw.githubusercontent.com/wangqi0821/uni-calendar-china/main/media/2021-09-11_13-27-57_1.jpg
https://raw.githubusercontent.com/wangqi0821/uni-calendar-china/main/media/2021-09-11_13-27-57_2.jpg
https://raw.githubusercontent.com/wangqi0821/uni-calendar-china/main/media/2021-09-11_13-27-57_3.jpg","夜のちゅーる待ち。:3

#ミヌエット #ミヌエット短毛 #funnycat
#猫好きさんと繋がりたい
#catstagram #にゃんすたぐらむ
#catlovers",https://www.instagram.com/p/CTrtnu_Fnxw/?utm_source=ig_web_copy_link&igsh=MzRlODBiNWFlZA==
2021/9/12,https://raw.githubusercontent.com/wangqi0821/uni-calendar-china/main/media/2021-09-12_06-38-23.jpg,"自信ありげのうに。:3

#ミヌエット #ミヌエット短毛 #funnycat
#猫好きさんと繋がりたい
#catstagram #にゃんすたぐらむ",https://www.instagram.com/p/CTtji8UlrZz/?utm_source=ig_web_copy_link&igsh=MzRlODBiNWFlZA==
2021/9/12,https://raw.githubusercontent.com/wangqi0821/uni-calendar-china/main/media/2021-09-12_10-37-09.jpg,"ちょこんとうに。:3

　

#ミヌエット #ミヌエット短毛 #funnycat
#猫好きさんと繋がりたい
#catstagram #にゃんすたぐらむ",https://www.instagram.com/p/CTt-3qfFY1h/?utm_source=ig_web_copy_link&igsh=MzRlODBiNWFlZA==
2021/9/15,https://raw.githubusercontent.com/wangqi0821/uni-calendar-china/main/media/2021-09-15_13-30-46.jpg,"イカ耳なうに。:3

　

#ミヌエット #ミヌエット短毛 #funnycat
#猫好きさんと繋がりたい
#catstagram #にゃんすたぐらむ",https://www.instagram.com/p/CT2BH3bFkJZ/?utm_source=ig_web_copy_link&igsh=MzRlODBiNWFlZA==
2021/9/16,"https://raw.githubusercontent.com/wangqi0821/uni-calendar-china/main/media/2021-09-16_12-57-57_1.jpg
https://raw.githubusercontent.com/wangqi0821/uni-calendar-china/main/media/2021-09-16_12-57-57_2.jpg","まんまるおめめが可愛いね。:3

　

#ミヌエット #ミヌエット短毛 #funnycat
#猫好きさんと繋がりたい
#catstagram #にゃんすたぐらむ",https://www.instagram.com/p/CT4iKZ9F_1B/?utm_source=ig_web_copy_link&igsh=MzRlODBiNWFlZA==
2021/9/18,https://raw.githubusercontent.com/wangqi0821/uni-calendar-china/main/media/2021-09-18_06-58-37.jpg,"今日も「:3」の顔。

　

#ミヌエット #ミヌエット短毛 #funnycat
#猫好きさんと繋がりたい
#catstagram #にゃんすたぐらむ",https://www.instagram.com/p/CT9CoYmlWI2/?utm_source=ig_web_copy_link&igsh=MzRlODBiNWFlZA==
2021/9/19,https://raw.githubusercontent.com/wangqi0821/uni-calendar-china/main/media/2021-09-19_04-11-10.jpg,"リラックスうに。ポーズが可愛い。:3

　

#ミヌエット #ミヌエット短毛 #funnycat
#猫好きさんと繋がりたい
#catstagram #にゃんすたぐらむ",https://www.instagram.com/p/CUATIwzFbqY/?utm_source=ig_web_copy_link&igsh=MzRlODBiNWFlZA==
2021/9/19,https://raw.githubusercontent.com/wangqi0821/uni-calendar-china/main/media/2021-09-19_13-20-34.jpg,"ぽってりしてて可愛い。:3

　

#ミヌエット #ミヌエット短毛 #funnycat
#猫好きさんと繋がりたい
#catstagram #にゃんすたぐらむ",https://www.instagram.com/p/CT_UQ1alRJ7/?utm_source=ig_web_copy_link&igsh=MzRlODBiNWFlZA==
2021/9/20,https://raw.githubusercontent.com/wangqi0821/uni-calendar-china/main/media/2021-09-20_13-11-38.jpg,"ぺろっ。:3

#ミヌエット #ミヌエット短毛 #funnycat
#猫好きさんと繋がりたい
#catstagram #にゃんすたぐらむ",https://www.instagram.com/p/CUC26JOl_t1/?utm_source=ig_web_copy_link&igsh=MzRlODBiNWFlZA==
2021/9/21,https://raw.githubusercontent.com/wangqi0821/uni-calendar-china/main/media/2021-09-21_07-58-58.jpg,"今日も可愛いうに。:3

　

#ミヌエット #ミヌエット短毛 #funnycat
#猫好きさんと繋がりたい
#catstagram #にゃんすたぐらむ",https://www.instagram.com/p/CUE369llxFt/?utm_source=ig_web_copy_link&igsh=MzRlODBiNWFlZA==
2021/9/22,"https://raw.githubusercontent.com/wangqi0821/uni-calendar-china/main/media/2021-09-22_10-57-12_1.jpg
https://raw.githubusercontent.com/wangqi0821/uni-calendar-china/main/media/2021-09-22_10-57-12_2.jpg","謎の表情がまた可愛い！:3

　

#ミヌエット #ミヌエット短毛 #funnycat
#猫好きさんと繋がりたい
#catstagram #にゃんすたぐらむ",https://www.instagram.com/p/CUHxHTmFABC/?utm_source=ig_web_copy_link&igsh=MzRlODBiNWFlZA==
2021/9/23,https://raw.githubusercontent.com/wangqi0821/uni-calendar-china/main/media/2021-09-23_07-28-51.jpg,"コロンと一休み。:3

　

#ミヌエット #ミヌエット短毛 #funnycat
#猫好きさんと繋がりたい
#catstagram #にゃんすたぐらむ",https://www.instagram.com/p/CUJ-EJsFrCc/?utm_source=ig_web_copy_link&igsh=MzRlODBiNWFlZA==
2021/9/24,https://raw.githubusercontent.com/wangqi0821/uni-calendar-china/main/media/2021-09-24_06-32-35.mp4,"カメラ目線になるだけのうに。:3

　

#ミヌエット #ミヌエット短毛 #funnycat
#猫好きさんと繋がりたい
#catstagram #にゃんすたぐらむ",https://www.instagram.com/p/CUMcWxployB/?utm_source=ig_web_copy_link&igsh=MzRlODBiNWFlZA==
2021/9/25,https://raw.githubusercontent.com/wangqi0821/uni-calendar-china/main/media/2021-09-25_07-40-09.jpg,"びっくりして左手が上がっちゃったうに。:3

#ミヌエット #ミヌエット短毛 #funnycat
#猫好きさんと繋がりたい
#catstagram #にゃんすたぐらむ",https://www.instagram.com/p/CUPI8qSFKDx/?utm_source=ig_web_copy_link&igsh=MzRlODBiNWFlZA==
2021/9/26,https://raw.githubusercontent.com/wangqi0821/uni-calendar-china/main/media/2021-09-26_05-31-16.jpg,"何を見てるのかな？:3

　

#ミヌエット #ミヌエット短毛 #funnycat
#猫好きさんと繋がりたい
#catstagram #にゃんすたぐらむ",https://www.instagram.com/p/CURe_iYF4u6/?utm_source=ig_web_copy_link&igsh=MzRlODBiNWFlZA==
2021/9/28,https://raw.githubusercontent.com/wangqi0821/uni-calendar-china/main/media/2021-09-28_06-45-43.jpg,"きゅるっ！:3

#ミヌエット #ミヌエット短毛 #funnycat
#猫好きさんと繋がりたい
#catstagram #にゃんすたぐらむ ??",https://www.instagram.com/p/CUWxGrYFs2N/?utm_source=ig_web_copy_link&igsh=MzRlODBiNWFlZA==
2021/9/29,https://raw.githubusercontent.com/wangqi0821/uni-calendar-china/main/media/2021-09-29_13-12-08.jpg,"くいっ！:3

#ミヌエット #ミヌエット短毛 #funnycat
#猫好きさんと繋がりたい
#catstagram #にゃんすたぐらむ",https://www.instagram.com/p/CUaCHt5lw-9/?utm_source=ig_web_copy_link&igsh=MzRlODBiNWFlZA==
2021/9/30,https://raw.githubusercontent.com/wangqi0821/uni-calendar-china/main/media/2021-09-30_03-15-36.jpg,"お風呂に入った時の写真。
心なしか、ふわふわしてるように見える。:3

#ミヌエット #ミヌエット短毛 #funnycat
#猫好きさんと繋がりたい
#catstagram #にゃんすたぐらむ",https://www.instagram.com/p/CUbipaZFQl2/?utm_source=ig_web_copy_link&igsh=MzRlODBiNWFlZA==
2021/10/3,https://raw.githubusercontent.com/wangqi0821/uni-calendar-china/main/media/2021-10-03_10-58-17.jpg,"ちゅーる、まだかなあ…:3

#ミヌエット #ミヌエット短毛 #funnycat
#猫好きさんと繋がりたい
#catstagram #にゃんすたぐらむ",https://www.instagram.com/p/CUkF-6AlQTE/?utm_source=ig_web_copy_link&igsh=MzRlODBiNWFlZA==
2021/10/4,https://raw.githubusercontent.com/wangqi0821/uni-calendar-china/main/media/2021-10-04_07-28-53.jpg,"何を見てるのかな？:3

#ミヌエット #ミヌエット短毛 #funnycat
#猫好きさんと繋がりたい
#catstagram #にゃんすたぐらむ",https://www.instagram.com/p/CUmSz_7FUv7/?utm_source=ig_web_copy_link&igsh=MzRlODBiNWFlZA==
2021/10/5,https://raw.githubusercontent.com/wangqi0821/uni-calendar-china/main/media/2021-10-05_03-06-17.jpg,"ひっくり返ってちゅーる待ち。:3

#ミヌエット #ミヌエット短毛 #funnycat
#猫好きさんと繋がりたい
#catstagram #にゃんすたぐらむ",https://www.instagram.com/p/CUoZjlrldcw/?utm_source=ig_web_copy_link&igsh=MzRlODBiNWFlZA==
2021/10/6,"https://raw.githubusercontent.com/wangqi0821/uni-calendar-china/main/media/2021-10-06_08-37-15_1.jpg
https://raw.githubusercontent.com/wangqi0821/uni-calendar-china/main/media/2021-10-06_08-37-15_2.jpg
https://raw.githubusercontent.com/wangqi0821/uni-calendar-china/main/media/2021-10-06_08-37-15_3.jpg
https://raw.githubusercontent.com/wangqi0821/uni-calendar-china/main/media/2021-10-06_08-37-15_4.jpg
https://raw.githubusercontent.com/wangqi0821/uni-calendar-china/main/media/2021-10-06_08-37-15_5.jpg
https://raw.githubusercontent.com/wangqi0821/uni-calendar-china/main/media/2021-10-06_08-37-15_6.jpg","この度、ニュートロの商品をお試しさせて頂きました！

??キャット デイリーディッシュ アダルト
チキン＆ツナ グルメ仕立てのざく切りタイプ??

用意しているそばから、香りがいいのかうに大興奮！
満足そうなお顔で、あっという間に完食しました。

「もうないの？」とちょっと寂しげなお顔…:3

9月30日から11月30日までキャンペーンが実施されています。

ニュートロ キャット デイリー ディッシュ 1ケース(12個入り）ご購入でニュートロオリジナルフードボウルプレゼント。

https://www.petsvillage.co.jp/c/item/66101844ku

うにはニュートロで育ちました?

#ニュートロ
#デイリーディッシュ
#パウチ
#新商品
#PR

#ミヌエット #ミヌエット短毛 #funnycat
#猫好きさんと繋がりたい
#catstagram #にゃんすたぐらむ",https://www.instagram.com/p/CUrkOgFlzWG/?utm_source=ig_web_copy_link&igsh=MzRlODBiNWFlZA==
2021/10/6,https://raw.githubusercontent.com/wangqi0821/uni-calendar-china/main/media/2021-10-06_10-29-39.mp4,"この前買った猫じゃらしには見向きもしなかったうにですが、この「きらきらお花じゃらし」にはテンション高かったです！

YouTubeにも動画を上げてます??

#ねこのきもち
#いぬねこライター

#ミヌエット #ミヌエット短毛 #funnycat
#猫好きさんと繋がりたい
#catstagram #にゃんすたぐらむ",https://www.instagram.com/p/CUrwP86FL5T/?utm_source=ig_web_copy_link&igsh=MzRlODBiNWFlZA==
2021/10/7,https://raw.githubusercontent.com/wangqi0821/uni-calendar-china/main/media/2021-10-07_12-49-45.jpg,"猫じゃらし待ちのうに。:3

#ミヌエット #ミヌエット短毛 #funnycat
#猫好きさんと繋がりたい
#catstagram #にゃんすたぐらむ",https://www.instagram.com/p/CUul6yqFZUY/?utm_source=ig_web_copy_link&igsh=MzRlODBiNWFlZA==
2021/10/9,https://raw.githubusercontent.com/wangqi0821/uni-calendar-china/main/media/2021-10-09_09-06-05.jpg,"ちょこん！:3

#ミヌエット #ミヌエット短毛 #funnycat
#猫好きさんと繋がりたい
#catstagram #にゃんすたぐらむ",https://www.instagram.com/p/CUzV6SplMQA/?utm_source=ig_web_copy_link&igsh=MzRlODBiNWFlZA==
2021/10/11,https://raw.githubusercontent.com/wangqi0821/uni-calendar-china/main/media/2021-10-11_08-19-14.jpg,"ムンッ！

ちょっと凛々しいうに。:3

　

#ミヌエット #ミヌエット短毛 #funnycat
#猫好きさんと繋がりたい
#catstagram #にゃんすたぐらむ",https://www.instagram.com/p/CU4aI5lFz4K/?utm_source=ig_web_copy_link&igsh=MzRlODBiNWFlZA==
2021/10/13,https://raw.githubusercontent.com/wangqi0821/uni-calendar-china/main/media/2021-10-13_03-18-24.jpg,"ワクワクなうに。:3

#ミヌエット #ミヌエット短毛 #funnycat
#猫好きさんと繋がりたい
#catstagram #にゃんすたぐらむ",https://www.instagram.com/p/CU9BTRbF-xw/?utm_source=ig_web_copy_link&igsh=MzRlODBiNWFlZA==
2021/10/13,https://raw.githubusercontent.com/wangqi0821/uni-calendar-china/main/media/2021-10-13_11-13-45.jpg,"びっくりしちゃったうに。:3

#ミヌエット #ミヌエット短毛 #funnycat
#猫好きさんと繋がりたい
#catstagram #にゃんすたぐらむ",https://www.instagram.com/p/CU93s5hFjhd/?utm_source=ig_web_copy_link&igsh=MzRlODBiNWFlZA==
2021/10/14,https://raw.githubusercontent.com/wangqi0821/uni-calendar-china/main/media/2021-10-14_11-18-28.jpg,"きゅるっとしたうに。:3

#ミヌエット #ミヌエット短毛 #funnycat
#猫好きさんと繋がりたい
#catstagram #にゃんすたぐらむ",https://www.instagram.com/p/CVAdCW1FJnW/?utm_source=ig_web_copy_link
2021/10/16,https://raw.githubusercontent.com/wangqi0821/uni-calendar-china/main/media/2021-10-16_07-27-49.jpg,"ころん。
なでなでしたくなる可愛さ。:3

#ミヌエット #ミヌエット短毛 #funnycat
#猫好きさんと繋がりたい
#catstagram #にゃんすたぐらむ",https://www.instagram.com/p/CVFMOwllNtC/?utm_source=ig_web_copy_link&igsh=MzRlODBiNWFlZA==
2021/10/17,"https://raw.githubusercontent.com/wangqi0821/uni-calendar-china/main/media/2021-10-17_10-35-51_1.jpg
https://raw.githubusercontent.com/wangqi0821/uni-calendar-china/main/media/2021-10-17_10-35-51_2.jpg","ヴィレッジヴァンガード様とうにのコラボグッズが出ました！

受注期間は10月15日（金）?10月24日（日）です。

【ヴィレヴァン　うに】で検索してみてね??

https://vvstore.jp/feature/detail/16935/

#ミヌエット #ミヌエット短毛 #funnycat
#猫好きさんと繋がりたい
#catstagram #にゃんすたぐらむ
#ヴィレヴァン",https://www.instagram.com/p/CVIGi2plE-X/?utm_source=ig_web_copy_link&igsh=MzRlODBiNWFlZA==
2021/10/18,https://raw.githubusercontent.com/wangqi0821/uni-calendar-china/main/media/2021-10-18_07-12-18.jpg,"ちょっと困り顔のうに。:3

#ミヌエット #ミヌエット短毛 #funnycat
#猫好きさんと繋がりたい
#catstagram #にゃんすたぐらむ",https://www.instagram.com/p/CVKUC2JFSoT/?utm_source=ig_web_copy_link&igsh=MzRlODBiNWFlZA==
2021/10/19,https://raw.githubusercontent.com/wangqi0821/uni-calendar-china/main/media/2021-10-19_07-07-05.jpg,"上目遣いが可愛いうに。:3

　

#ミヌエット #ミヌエット短毛 #funnycat
#猫好きさんと繋がりたい
#catstagram #にゃんすたぐらむ",https://www.instagram.com/p/CVM4PcelcAy/?utm_source=ig_web_copy_link&igsh=MzRlODBiNWFlZA==
2021/10/20,https://raw.githubusercontent.com/wangqi0821/uni-calendar-china/main/media/2021-10-20_10-54-14.jpg,"びっくり！

#ミヌエット #ミヌエット短毛 #funnycat
#猫好きさんと繋がりたい
#catstagram #にゃんすたぐらむ",https://www.instagram.com/p/CVP3CEgF9vb/?utm_source=ig_web_copy_link&igsh=MzRlODBiNWFlZA==
2021/10/21,https://raw.githubusercontent.com/wangqi0821/uni-calendar-china/main/media/2021-10-21_12-51-46.jpg,"子猫時代のうに。 :3

#ミヌエット #ミヌエット短毛 #funnycat
#猫好きさんと繋がりたい
#catstagram #にゃんすたぐらむ",https://www.instagram.com/p/CVSpRvnlUdi/?utm_source=ig_web_copy_link&igsh=MzRlODBiNWFlZA==
2021/10/22,https://raw.githubusercontent.com/wangqi0821/uni-calendar-china/main/media/2021-10-22_13-42-46.jpg,"表情といい、首のかしげ方といい、あざと可愛い猫。:3

　
#ミヌエット #ミヌエット短毛 #funnycat
#猫好きさんと繋がりたい
#catstagram #にゃんすたぐらむ",https://www.instagram.com/p/CVVT6MyFyKQ/?utm_source=ig_web_copy_link&igsh=MzRlODBiNWFlZA==
2021/10/24,"https://raw.githubusercontent.com/wangqi0821/uni-calendar-china/main/media/2021-10-24_04-01-09_1.jpg
https://raw.githubusercontent.com/wangqi0821/uni-calendar-china/main/media/2021-10-24_04-01-09_2.jpg","おめめがまんまるで可愛いね。:3

#ミヌエット #ミヌエット短毛 #funnycat
#猫好きさんと繋がりたい
#catstagram #にゃんすたぐらむ",https://www.instagram.com/p/CVZa8FllchO/?utm_source=ig_web_copy_link&igsh=MzRlODBiNWFlZA==
2021/10/25,https://raw.githubusercontent.com/wangqi0821/uni-calendar-china/main/media/2021-10-25_13-03-42_1.mp4,"楽しいうに。:3

#ミヌエット #ミヌエット短毛 #funnycat
#猫好きさんと繋がりたい
#catstagram #にゃんすたぐらむ",https://www.instagram.com/tv/CVc9m2klOlm/?utm_source=ig_web_copy_link&igsh=MzRlODBiNWFlZA==
2021/10/27,"https://raw.githubusercontent.com/wangqi0821/uni-calendar-china/main/media/2021-10-27_10-39-36_1.jpg
https://raw.githubusercontent.com/wangqi0821/uni-calendar-china/main/media/2021-10-27_10-39-36_2.jpg
https://raw.githubusercontent.com/wangqi0821/uni-calendar-china/main/media/2021-10-27_10-39-36_3.jpg","いつもとは違う猫じゃらしを念入りにチェックするうに。:3

　
#ミヌエット #ミヌエット短毛 #funnycat
#猫好きさんと繋がりたい
#catstagram #にゃんすたぐらむ",https://www.instagram.com/p/CVh2699vD6h/?utm_source=ig_web_copy_link&igsh=MzRlODBiNWFlZA==
2021/10/27,"https://raw.githubusercontent.com/wangqi0821/uni-calendar-china/main/media/2021-10-27_13-09-12_1.jpg
https://raw.githubusercontent.com/wangqi0821/uni-calendar-china/main/media/2021-10-27_13-09-12_2.jpg","実はYouTubeにうにのチャンネルが！

YouTubeで「うにうに絵日記」と検索してみて下さい????
　
動いてるうにはまた一段と可愛いですよ??",https://www.instagram.com/p/CViICwUPbi7/?utm_source=ig_web_copy_link&igsh=MzRlODBiNWFlZA==
2021/10/28,https://raw.githubusercontent.com/wangqi0821/uni-calendar-china/main/media/2021-10-28_12-58-11.jpg,"ちゅーるが欲しいうに。:3

#ミヌエット #ミヌエット短毛 #funnycat
#猫好きさんと繋がりたい
#catstagram #にゃんすたぐらむ",https://www.instagram.com/p/CVkrk6JPbmj/?utm_source=ig_web_copy_link&igsh=MzRlODBiNWFlZA==
2021/10/29,https://raw.githubusercontent.com/wangqi0821/uni-calendar-china/main/media/2021-10-29_13-16-34.jpg,"だらけて可愛いうに。:3

#ミヌエット #ミヌエット短毛 #funnycat
#猫好きさんと繋がりたい
#catstagram #にゃんすたぐらむ",https://www.instagram.com/p/CVnSeXbP1Pk/?utm_source=ig_web_copy_link&igsh=MzRlODBiNWFlZA==
2021/10/30,https://raw.githubusercontent.com/wangqi0821/uni-calendar-china/main/media/2021-10-30_08-49-49.jpg,"成猫なのに子猫感のあるうに。:3

#ミヌエット #ミヌエット短毛 #funnycat
#猫好きさんと繋がりたい
#catstagram #にゃんすたぐらむ",https://www.instagram.com/p/CVpYvibPGee/?utm_source=ig_web_copy_link&igsh=MzRlODBiNWFlZA==
2021/10/31,"https://raw.githubusercontent.com/wangqi0821/uni-calendar-china/main/media/2021-10-31_06-08-55_1.jpg
https://raw.githubusercontent.com/wangqi0821/uni-calendar-china/main/media/2021-10-31_06-08-55_2.jpg","爪とぎをするのです！:3

#ミヌエット #ミヌエット短毛 #funnycat
#猫好きさんと繋がりたい
#catstagram #にゃんすたぐらむ",https://www.instagram.com/p/CVrrH-qljtA/?utm_source=ig_web_copy_link&igsh=MzRlODBiNWFlZA==
2021/11/1,https://raw.githubusercontent.com/wangqi0821/uni-calendar-china/main/media/2021-11-01_08-50-14.jpg,"袋があれば入ってみる。:3

#ミヌエット #ミヌエット短毛 #funnycat
#猫好きさんと繋がりたい
#catstagram
#にゃんパシャコンテスト　#オールウェルでもう吐かにゃいぞ　#にゃんすたぐらむ",https://www.instagram.com/p/CVuiYTeFZPn/?utm_source=ig_web_copy_link&igsh=MzRlODBiNWFlZA==
2021/11/2,"https://raw.githubusercontent.com/wangqi0821/uni-calendar-china/main/media/2021-11-02_12-45-54_1.jpg
https://raw.githubusercontent.com/wangqi0821/uni-calendar-china/main/media/2021-11-02_12-45-54_2.jpg","びっくりしちゃったうに。:3

#ミヌエット #ミヌエット短毛 #funnycat
#猫好きさんと繋がりたい
#catstagram
#にゃんパシャコンテスト　#オールウェルでもう吐かにゃいぞ　#にゃんすたぐらむ",https://www.instagram.com/p/CVxiJRlv3xj/?utm_source=ig_web_copy_link&igsh=MzRlODBiNWFlZA==
2021/11/3,https://raw.githubusercontent.com/wangqi0821/uni-calendar-china/main/media/2021-11-03_07-36-37.jpg,"ちょっと困り顔のうに。:3

#ミヌエット #ミヌエット短毛 #funnycat
#猫好きさんと繋がりたい
#catstagram
#にゃんパシャコンテスト　#オールウェルでもう吐かにゃいぞ　#にゃんすたぐらむ",https://www.instagram.com/p/CV0IaZzPvu3/?utm_source=ig_web_copy_link&igsh=MzRlODBiNWFlZA==
2021/11/3,https://raw.githubusercontent.com/wangqi0821/uni-calendar-china/main/media/2021-11-03_12-58-46.jpg,"キリッとしたうに。:3

#ミヌエット #ミヌエット短毛 #funnycat
#猫好きさんと繋がりたい
#catstagram
#にゃんパシャコンテスト　#オールウェルでもう吐かにゃいぞ　#にゃんすたぐらむ",https://www.instagram.com/p/CVzji8nF2qd/?utm_source=ig_web_copy_link&igsh=MzRlODBiNWFlZA==
2021/11/4,https://raw.githubusercontent.com/wangqi0821/uni-calendar-china/main/media/2021-11-04_07-02-11.jpg,"真顔でジャンプ！:3

#ミヌエット #ミヌエット短毛 #funnycat
#猫好きさんと繋がりたい
#catstagram
#にゃんパシャコンテスト　#オールウェルでもう吐かにゃいぞ　#にゃんすたぐらむ",https://www.instagram.com/p/CV2EZqOFxne/?utm_source=ig_web_copy_link&igsh=MzRlODBiNWFlZA==
2021/11/5,https://raw.githubusercontent.com/wangqi0821/uni-calendar-china/main/media/2021-11-05_04-43-19.jpg,"いぬのきもち?ねこのきもち（@inunekome）の、「犬猫あるある川柳」にて飼い主も川柳を作ってみました！

うにはよく電池切れみたいな顔をするので、それを見てひらめいた飼い主です??
　
素敵なカードにして頂き、嬉しいです！

https://pet.benesse.ne.jp/inuneko575_2021/
「犬猫あるある川柳」
11月22日まで募集しているようです。

また何か思いついたら送ろうかなーと思っている飼い主です??",https://www.instagram.com/p/CV4ZTcvlfJ6/?utm_source=ig_web_copy_link&igsh=MzRlODBiNWFlZA==
2021/11/5,https://raw.githubusercontent.com/wangqi0821/uni-calendar-china/main/media/2021-11-05_12-51-52.jpg,"何か見つけた？:3

#ミヌエット #ミヌエット短毛 #funnycat
#猫好きさんと繋がりたい
#catstagram
#にゃんパシャコンテスト　#オールウェルでもう吐かにゃいぞ　#にゃんすたぐらむ",https://www.instagram.com/p/CV5RNo9vDEZ/?utm_source=ig_web_copy_link&igsh=MzRlODBiNWFlZA==
2021/11/6,"https://raw.githubusercontent.com/wangqi0821/uni-calendar-china/main/media/2021-11-06_04-33-59_1.jpg
https://raw.githubusercontent.com/wangqi0821/uni-calendar-china/main/media/2021-11-06_04-33-59_2.jpg","うにと遊ぼう。:3
　

#ミヌエット #ミヌエット短毛 #funnycat
#猫好きさんと繋がりたい
#catstagram
#にゃんパシャコンテスト　#オールウェルでもう吐かにゃいぞ　#にゃんすたぐらむ",https://www.instagram.com/p/CV69B4YlA8S/?utm_source=ig_web_copy_link&igsh=MzRlODBiNWFlZA==
2021/11/7,https://raw.githubusercontent.com/wangqi0821/uni-calendar-china/main/media/2021-11-07_04-35-44.jpg,"得意げな顔で「???！」

#ミヌエット #ミヌエット短毛 #funnycat
#猫好きさんと繋がりたい
#catstagram
#にゃんパシャコンテスト　#オールウェルでもう吐かにゃいぞ　#にゃんすたぐらむ",https://www.instagram.com/p/CV9iBlBFkNp/?utm_source=ig_web_copy_link&igsh=MzRlODBiNWFlZA==
2021/11/8,"https://raw.githubusercontent.com/wangqi0821/uni-calendar-china/main/media/2021-11-08_11-56-43_1.jpg
https://raw.githubusercontent.com/wangqi0821/uni-calendar-china/main/media/2021-11-08_11-56-43_2.jpg","ちっちゃい箱でリラックス。:3

#ミヌエット #ミヌエット短毛 #funnycat
#猫好きさんと繋がりたい",https://www.instagram.com/p/CWA5SR8PDG1/?utm_source=ig_web_copy_link&igsh=MzRlODBiNWFlZA==
2021/11/9,"https://raw.githubusercontent.com/wangqi0821/uni-calendar-china/main/media/2021-11-09_07-45-27_1.jpg
https://raw.githubusercontent.com/wangqi0821/uni-calendar-china/main/media/2021-11-09_07-45-27_2.jpg","チラッチラッ。:3

#ミヌエット #ミヌエット短毛 #funnycat
#猫好きさんと繋がりたい
#catstagram
#にゃんパシャコンテスト　#オールウェルでもう吐かにゃいぞ　#にゃんすたぐらむ",https://www.instagram.com/p/CWDBU6flDk7/?utm_source=ig_web_copy_link&igsh=MzRlODBiNWFlZA==
2021/11/9,"https://raw.githubusercontent.com/wangqi0821/uni-calendar-china/main/media/2021-11-09_13-20-08_1.jpg
https://raw.githubusercontent.com/wangqi0821/uni-calendar-china/main/media/2021-11-09_13-20-08_2.jpg
https://raw.githubusercontent.com/wangqi0821/uni-calendar-china/main/media/2021-11-09_13-20-08_3.jpg
https://raw.githubusercontent.com/wangqi0821/uni-calendar-china/main/media/2021-11-09_13-20-08_4.jpg
https://raw.githubusercontent.com/wangqi0821/uni-calendar-china/main/media/2021-11-09_13-20-08_5.jpg
https://raw.githubusercontent.com/wangqi0821/uni-calendar-china/main/media/2021-11-09_13-20-08_6.jpg
https://raw.githubusercontent.com/wangqi0821/uni-calendar-china/main/media/2021-11-09_13-20-08_7.jpg
https://raw.githubusercontent.com/wangqi0821/uni-calendar-china/main/media/2021-11-09_13-20-08_8.jpg
https://raw.githubusercontent.com/wangqi0821/uni-calendar-china/main/media/2021-11-09_13-20-08_9.jpg","自動車教習所「レインボーモータースクール」の広告に、うにの写真を使って頂きました！

高田馬場駅にて半年間の予定で掲示されるそうです。

お近くの方は是非ご覧になって下さいねー！:3",https://www.instagram.com/p/CWDnoMsvZ8E/?utm_source=ig_web_copy_link&igsh=MzRlODBiNWFlZA==
2021/11/10,https://raw.githubusercontent.com/wangqi0821/uni-calendar-china/main/media/2021-11-10_11-02-44.jpg,"トンネルの中でキリッ！

#ミヌエット #ミヌエット短毛 #funnycat
#猫好きさんと繋がりたい
#catstagram
#にゃんパシャコンテスト　#オールウェルでもう吐かにゃいぞ　#にゃんすたぐらむ",https://www.instagram.com/p/CWF8suHv4lp/?utm_source=ig_web_copy_link&igsh=MzRlODBiNWFlZA==
2021/11/11,"https://raw.githubusercontent.com/wangqi0821/uni-calendar-china/main/media/2021-11-11_10-52-11_1.jpg
https://raw.githubusercontent.com/wangqi0821/uni-calendar-china/main/media/2021-11-11_10-52-11_2.jpg
https://raw.githubusercontent.com/wangqi0821/uni-calendar-china/main/media/2021-11-11_10-52-11_3.jpg
https://raw.githubusercontent.com/wangqi0821/uni-calendar-china/main/media/2021-11-11_10-52-11_4.jpg","結膜炎はだいぶ治ったものの、まだ目を擦ることがあるので、時々クッション製のカラーをつけています。

嫌がるかと思ったら案外気に入ってるみたいです。
枕にして寝たりしてます。

早く良くなるといいね。:3
",https://www.instagram.com/p/CWIgSRlPAwh/?utm_source=ig_web_copy_link&igsh=MzRlODBiNWFlZA==
2021/11/13,https://raw.githubusercontent.com/wangqi0821/uni-calendar-china/main/media/2021-11-13_03-30-38.jpg,"キャットタワーからにゅっ！:3

#ミヌエット #ミヌエット短毛 #funnycat
#猫好きさんと繋がりたい
#catstagram
#にゃんパシャコンテスト　#オールウェルでもう吐かにゃいぞ　#にゃんすたぐらむ",https://www.instagram.com/p/CWNr4HfvFbp/?utm_source=ig_web_copy_link&igsh=MzRlODBiNWFlZA==
2021/11/13,https://raw.githubusercontent.com/wangqi0821/uni-calendar-china/main/media/2021-11-13_11-09-40.jpg,"うにのまんめるおめめは本当に可愛い。:3

（一つ前に投稿した、クッション製のカラーはAmazonで購入しました??）

#ミヌエット #ミヌエット短毛 #funnycat
#猫好きさんと繋がりたい
#catstagram
#にゃんすたぐらむ",https://www.instagram.com/p/CWM3WC3Pur-/?utm_source=ig_web_copy_link&igsh=MzRlODBiNWFlZA==
2021/11/14,https://raw.githubusercontent.com/wangqi0821/uni-calendar-china/main/media/2021-11-14_12-45-59.jpg,"見つめるうに。:3

#ミヌエット #ミヌエット短毛 #funnycat
#猫好きさんと繋がりたい
#catstagram
#にゃんパシャコンテスト　#オールウェルでもう吐かにゃいぞ　#にゃんすたぐらむ",https://www.instagram.com/p/CWQbsYxPj9y/?utm_source=ig_web_copy_link&igsh=MzRlODBiNWFlZA==
2021/11/15,https://raw.githubusercontent.com/wangqi0821/uni-calendar-china/main/media/2021-11-15_13-31-58.jpg,"きゅるっとしたうに。:3

#ミヌエット #ミヌエット短毛 #funnycat
#猫好きさんと繋がりたい
#catstagram
#にゃんパシャコンテスト　#オールウェルでもう吐かにゃいぞ　#にゃんすたぐらむ",https://www.instagram.com/p/CWTFwIrP2o7/?utm_source=ig_web_copy_link&igsh=MzRlODBiNWFlZA==
2021/11/16,https://raw.githubusercontent.com/wangqi0821/uni-calendar-china/main/media/2021-11-16_13-03-04.jpg,"うにの香箱座り。:3

#ミヌエット #ミヌエット短毛 #funnycat
#猫好きさんと繋がりたい
#catstagram
#にゃんパシャコンテスト　#オールウェルでもう吐かにゃいぞ　#にゃんすたぐらむ",https://www.instagram.com/p/CWVnPQfP-Uu/?utm_source=ig_web_copy_link&igsh=MzRlODBiNWFlZA==
2021/11/17,"https://raw.githubusercontent.com/wangqi0821/uni-calendar-china/main/media/2021-11-17_11-14-34_1.jpg
https://raw.githubusercontent.com/wangqi0821/uni-calendar-china/main/media/2021-11-17_11-14-34_2.jpg
https://raw.githubusercontent.com/wangqi0821/uni-calendar-china/main/media/2021-11-17_11-14-34_3.jpg","みっちりでぐっすり。:3

#ミヌエット #ミヌエット短毛 #funnycat
#猫好きさんと繋がりたい
#catstagram
#にゃんパシャコンテスト　#オールウェルでもう吐かにゃいぞ　#にゃんすたぐらむ",https://www.instagram.com/p/CWX_ndpvwYf/?utm_source=ig_web_copy_link&igsh=MzRlODBiNWFlZA==
2021/11/18,https://raw.githubusercontent.com/wangqi0821/uni-calendar-china/main/media/2021-11-18_07-13-54.jpg,"夕暮れ時のうに。:3

#ミヌエット #ミヌエット短毛 #funnycat
#猫好きさんと繋がりたい
#catstagram
#にゃんパシャコンテスト　#オールウェルでもう吐かにゃいぞ　#にゃんすたぐらむ",https://www.instagram.com/p/CWaI3qbFur-/?utm_source=ig_web_copy_link&igsh=MzRlODBiNWFlZA==
2021/11/18,"https://raw.githubusercontent.com/wangqi0821/uni-calendar-china/main/media/2021-11-18_12-45-29_1.jpg
https://raw.githubusercontent.com/wangqi0821/uni-calendar-china/main/media/2021-11-18_12-45-29_2.jpg
https://raw.githubusercontent.com/wangqi0821/uni-calendar-china/main/media/2021-11-18_12-45-29_3.jpg
https://raw.githubusercontent.com/wangqi0821/uni-calendar-china/main/media/2021-11-18_12-45-29_4.jpg","たれちゃったうに。:3

#ミヌエット #ミヌエット短毛 #funnycat
#猫好きさんと繋がりたい
#catstagram
#にゃんパシャコンテスト　#オールウェルでもう吐かにゃいぞ　#にゃんすたぐらむ",https://www.instagram.com/p/CWau0R0vbaa/?utm_source=ig_web_copy_link&igsh=MzRlODBiNWFlZA==
2021/11/19,https://raw.githubusercontent.com/wangqi0821/uni-calendar-china/main/media/2021-11-19_07-28-37.jpg,"「このボールで遊んでくれませんか？:3」

#ミヌエット #ミヌエット短毛 #funnycat
#猫好きさんと繋がりたい
#catstagram
#にゃんパシャコンテスト　#オールウェルでもう吐かにゃいぞ　#にゃんすたぐらむ",https://www.instagram.com/p/CWcvWY2F4X2/?utm_source=ig_web_copy_link&igsh=MzRlODBiNWFlZA==
2021/11/20,https://raw.githubusercontent.com/wangqi0821/uni-calendar-china/main/media/2021-11-20_07-52-21.jpg,"ちょっと得意げなうに。:3

#ミヌエット #ミヌエット短毛 #funnycat
#猫好きさんと繋がりたい
#catstagram
#にゃんパシャコンテスト　#オールウェルでもう吐かにゃいぞ　#にゃんすたぐらむ",https://www.instagram.com/p/CWfW3DclpMA/?utm_source=ig_web_copy_link
2021/11/21,"https://raw.githubusercontent.com/wangqi0821/uni-calendar-china/main/media/2021-11-21_04-29-43_1.jpg
https://raw.githubusercontent.com/wangqi0821/uni-calendar-china/main/media/2021-11-21_04-29-43_2.jpg","おめめキラキラ?

#ミヌエット #ミヌエット短毛 #funnycat
#猫好きさんと繋がりたい
#catstagram
#にゃんパシャコンテスト　#オールウェルでもう吐かにゃいぞ　#にゃんすたぐらむ",https://www.instagram.com/p/CWiTQvylXWb/?utm_source=ig_web_copy_link
2021/11/21,"https://raw.githubusercontent.com/wangqi0821/uni-calendar-china/main/media/2021-11-21_11-18-38_1.jpg
https://raw.githubusercontent.com/wangqi0821/uni-calendar-china/main/media/2021-11-21_11-18-38_2.jpg","うにという生き物。:3

#ミヌエット #ミヌエット短毛 #funnycat
#猫好きさんと繋がりたい
#catstagram
#にゃんパシャコンテスト　#オールウェルでもう吐かにゃいぞ　#にゃんすたぐらむ",https://www.instagram.com/p/CWhkdxEKavY/?utm_source=ig_web_copy_link&igsh=MzRlODBiNWFlZA==
2021/11/22,https://raw.githubusercontent.com/wangqi0821/uni-calendar-china/main/media/2021-11-22_12-40-29.jpg,"そんな顔で見つめられると…:3

#ミヌエット #ミヌエット短毛 #funnycat
#猫好きさんと繋がりたい
#catstagram
#にゃんパシャコンテスト　#オールウェルでもう吐かにゃいぞ　#にゃんすたぐらむ",https://www.instagram.com/p/CWlBbH1vC-l/?utm_source=ig_web_copy_link&igsh=MzRlODBiNWFlZA==
2021/11/23,https://raw.githubusercontent.com/wangqi0821/uni-calendar-china/main/media/2021-11-23_03-15-30.jpg,"すっぽり。:3
　

#ミヌエット #ミヌエット短毛 #funnycat
#猫好きさんと繋がりたい
#catstagram
#にゃんパシャコンテスト　#オールウェルでもう吐かにゃいぞ　#にゃんすたぐらむ",https://www.instagram.com/p/CWmlj5KPVZP/?utm_source=ig_web_copy_link&igsh=MzRlODBiNWFlZA==
2021/11/23,"https://raw.githubusercontent.com/wangqi0821/uni-calendar-china/main/media/2021-11-23_11-08-41_1.jpg
https://raw.githubusercontent.com/wangqi0821/uni-calendar-china/main/media/2021-11-23_11-08-41_2.jpg","甘酒とうに。:3

#ミヌエット #ミヌエット短毛 #funnycat
#猫好きさんと繋がりたい
#catstagram
#にゃんパシャコンテスト　#オールウェルでもう吐かにゃいぞ　#にゃんすたぐらむ",https://www.instagram.com/p/CWnbtm2FEp0/?utm_source=ig_web_copy_link&igsh=MzRlODBiNWFlZA==
2021/11/24,https://raw.githubusercontent.com/wangqi0821/uni-calendar-china/main/media/2021-11-24_11-35-59.jpg,"うに、虚無の顔。:3

#ミヌエット #ミヌエット短毛 #funnycat
#猫好きさんと繋がりたい
#catstagram
#にゃんパシャコンテスト　#オールウェルでもう吐かにゃいぞ　#にゃんすたぐらむ",https://www.instagram.com/p/CWqDoavF24b/?utm_source=ig_web_copy_link&igsh=MzRlODBiNWFlZA==
2021/11/26,https://raw.githubusercontent.com/wangqi0821/uni-calendar-china/main/media/2021-11-26_11-10-52.jpg,"謎のポーズで可愛い。:3

#ミヌエット #ミヌエット短毛 #funnycat
#猫好きさんと繋がりたい
#catstagram
#にゃんパシャコンテスト　#オールウェルでもう吐かにゃいぞ　#にゃんすたぐらむ",https://www.instagram.com/p/CWvKWQFvMb0/?utm_source=ig_web_copy_link&igsh=MzRlODBiNWFlZA==
2021/11/27,https://raw.githubusercontent.com/wangqi0821/uni-calendar-china/main/media/2021-11-27_04-19-23.jpg,"やっぱりカラーが似合ううに。:3

#ミヌエット #ミヌエット短毛 #funnycat
#猫好きさんと繋がりたい
#catstagram
#にゃんパシャコンテスト　#オールウェルでもう吐かにゃいぞ　#にゃんすたぐらむ",https://www.instagram.com/p/CWxADZ6lqL3/?utm_source=ig_web_copy_link&igsh=MzRlODBiNWFlZA==
2021/11/27,https://raw.githubusercontent.com/wangqi0821/uni-calendar-china/main/media/2021-11-27_11-39-41.jpg,"このポーズで一時停止。:3

#ミヌエット #ミヌエット短毛 #funnycat
#猫好きさんと繋がりたい
#catstagram
#にゃんパシャコンテスト　#オールウェルでもう吐かにゃいぞ　#にゃんすたぐらむ",https://www.instagram.com/p/CWxycQMvPwq/?utm_source=ig_web_copy_link&igsh=MzRlODBiNWFlZA==
2021/11/28,https://raw.githubusercontent.com/wangqi0821/uni-calendar-china/main/media/2021-11-28_11-43-01.jpg,"きゅるっとしたうに。:3

#ミヌエット #ミヌエット短毛 #funnycat
#猫好きさんと繋がりたい
#catstagram
#にゃんパシャコンテスト　#オールウェルでもう吐かにゃいぞ　#にゃんすたぐらむ",https://www.instagram.com/p/CW0Xnc3Fdnv/?utm_source=ig_web_copy_link&igsh=MzRlODBiNWFlZA==
2021/11/29,"https://raw.githubusercontent.com/wangqi0821/uni-calendar-china/main/media/2021-11-29_11-35-47_1.jpg
https://raw.githubusercontent.com/wangqi0821/uni-calendar-china/main/media/2021-11-29_11-35-47_2.jpg
https://raw.githubusercontent.com/wangqi0821/uni-calendar-china/main/media/2021-11-29_11-35-47_3.jpg
https://raw.githubusercontent.com/wangqi0821/uni-calendar-china/main/media/2021-11-29_11-35-47_4.jpg
https://raw.githubusercontent.com/wangqi0821/uni-calendar-china/main/media/2021-11-29_11-35-47_5.jpg
https://raw.githubusercontent.com/wangqi0821/uni-calendar-china/main/media/2021-11-29_11-35-47_6.jpg","11/25発売の『ネコブロスvol.2』にうにが載っております！

なんとうにだけでなく、そらとあおばまで??

可愛い猫ちゃんが盛りだくさんの一冊、ぜひご覧下さい！

#ミヌエット #ミヌエット短毛 #funnycat
#猫好きさんと繋がりたい
#catstagram
#ネコブロス",https://www.instagram.com/p/CW27lXBPWKF/?utm_source=ig_web_copy_link&igsh=MzRlODBiNWFlZA==
2021/12/1,https://raw.githubusercontent.com/wangqi0821/uni-calendar-china/main/media/2021-12-01_11-42-12.jpg,"だいぶおめめがパッチリ！:3

#ミヌエット #ミヌエット短毛 #funnycat
#猫好きさんと繋がりたい
#catstagram
#にゃんパシャコンテスト　#オールウェルでもう吐かにゃいぞ　#にゃんすたぐらむ",https://www.instagram.com/p/CW8F6MJvZwS/?utm_source=ig_web_copy_link&igsh=MzRlODBiNWFlZA==
2021/12/2,https://raw.githubusercontent.com/wangqi0821/uni-calendar-china/main/media/2021-12-02_12-41-47.jpg,"何を考えてるの？:3

#ミヌエット #ミヌエット短毛 #funnycat
#猫好きさんと繋がりたい
#catstagram
#にゃんパシャコンテスト　#オールウェルでもう吐かにゃいぞ　#にゃんすたぐらむ",https://www.instagram.com/p/CW-xha7vaId/?utm_source=ig_web_copy_link&igsh=MzRlODBiNWFlZA==
2021/12/3,https://raw.githubusercontent.com/wangqi0821/uni-calendar-china/main/media/2021-12-03_13-49-01.jpg,"お気に入りの、小さい箱。:3

#ミヌエット #ミヌエット短毛 #funnycat
#猫好きさんと繋がりたい
#catstagram
#にゃんパシャコンテスト　#オールウェルでもう吐かにゃいぞ　#にゃんすたぐらむ",https://www.instagram.com/p/CXBeAq8PbZ3/?utm_source=ig_web_copy_link&igsh=MzRlODBiNWFlZA==
2021/12/4,https://raw.githubusercontent.com/wangqi0821/uni-calendar-china/main/media/2021-12-04_11-05-50.jpg,"お気に入りの爪とぎ。:3

#ミヌエット #ミヌエット短毛 #funnycat
#猫好きさんと繋がりたい
#catstagram
#にゃんパシャコンテスト　#オールウェルでもう吐かにゃいぞ　#にゃんすたぐらむ",https://www.instagram.com/p/CXDwIWLF6pq/?utm_source=ig_web_copy_link&igsh=MzRlODBiNWFlZA==
2021/12/5,https://raw.githubusercontent.com/wangqi0821/uni-calendar-china/main/media/2021-12-05_03-57-27.jpg,"ちゅ?るを待ってる時の顔。:3

#ミヌエット #ミヌエット短毛 #funnycat
#猫好きさんと繋がりたい
#catstagram
#にゃんパシャコンテスト　#オールウェルでもう吐かにゃいぞ　#にゃんすたぐらむ",https://www.instagram.com/p/CXFj5r4l__Y/?utm_source=ig_web_copy_link&igsh=MzRlODBiNWFlZA==
2021/12/6,https://raw.githubusercontent.com/wangqi0821/uni-calendar-china/main/media/2021-12-06_11-10-44.jpg,"びっくり顔のうに。:3

#ミヌエット #ミヌエット短毛 #funnycat
#猫好きさんと繋がりたい
#catstagram
#にゃんパシャコンテスト　#オールウェルでもう吐かにゃいぞ　#にゃんすたぐらむ",https://www.instagram.com/p/CXI6SClFm-i/?utm_source=ig_web_copy_link&igsh=MzRlODBiNWFlZA==
2021/12/6,https://raw.githubusercontent.com/wangqi0821/uni-calendar-china/main/media/2021-12-06_11-44-38.jpg,"猫じゃらし待ちのおてて。:3

#ミヌエット #ミヌエット短毛 #funnycat
#猫好きさんと繋がりたい
#catstagram
#にゃんパシャコンテスト　#オールウェルでもう吐かにゃいぞ　#にゃんすたぐらむ",https://www.instagram.com/p/CXI-KXkFDmw/?utm_source=ig_web_copy_link&igsh=MzRlODBiNWFlZA==
2021/12/8,"https://raw.githubusercontent.com/wangqi0821/uni-calendar-china/main/media/2021-12-08_06-55-38_1.jpg
https://raw.githubusercontent.com/wangqi0821/uni-calendar-china/main/media/2021-12-08_06-55-38_2.jpg","ひょこっ！:3

#ミヌエット #ミヌエット短毛 #funnycat
#猫好きさんと繋がりたい
#catstagram
#にゃんパシャコンテスト　#オールウェルでもう吐かにゃいぞ　#にゃんすたぐらむ",https://www.instagram.com/p/CXNmrYvlgog/?utm_source=ig_web_copy_link&igsh=MzRlODBiNWFlZA==
2021/12/9,https://raw.githubusercontent.com/wangqi0821/uni-calendar-china/main/media/2021-12-09_09-26-47.jpg,"思いを馳せるうに。:3
（そして多分何も考えてない。笑）

#ミヌエット #ミヌエット短毛 #funnycat
#猫好きさんと繋がりたい
#catstagram
#にゃんパシャコンテスト　#オールウェルでもう吐かにゃいぞ　#にゃんすたぐらむ",https://www.instagram.com/p/CXQcxSbFupX/?utm_source=ig_web_copy_link&igsh=MzRlODBiNWFlZA==
2021/12/10,https://raw.githubusercontent.com/wangqi0821/uni-calendar-china/main/media/2021-12-10_10-13-08.jpg,"首を傾げちゃって…
あざとかわいいうに。:3

　

#ミヌエット #ミヌエット短毛 #funnycat
#猫好きさんと繋がりたい
#catstagram
#にゃんパシャコンテスト　#オールウェルでもう吐かにゃいぞ　#にゃんすたぐらむ",https://www.instagram.com/p/CXTG3tEF17Z/?utm_source=ig_web_copy_link&igsh=MzRlODBiNWFlZA==
2021/12/11,https://raw.githubusercontent.com/wangqi0821/uni-calendar-china/main/media/2021-12-11_08-59-14.jpg,"元気いっぱいに…ハイッ！！:3

#ミヌエット #ミヌエット短毛 #funnycat
#猫好きさんと繋がりたい
#catstagram
#にゃんパシャコンテスト　#オールウェルでもう吐かにゃいぞ　#にゃんすたぐらむ",https://www.instagram.com/p/CXVjNUFFA-D/?utm_source=ig_web_copy_link&igsh=MzRlODBiNWFlZA==
2021/12/11,https://raw.githubusercontent.com/wangqi0821/uni-calendar-china/main/media/2021-12-11_13-14-31_1.mp4,"このうに、めっちゃ可愛い！

#ミヌエット #ミヌエット短毛 #funnycat
#猫好きさんと繋がりたい
#catstagram
#にゃんすたぐらむ",https://www.instagram.com/tv/CXWARRUFegE/?utm_source=ig_web_copy_link&igsh=MzRlODBiNWFlZA==
2021/12/12,https://raw.githubusercontent.com/wangqi0821/uni-calendar-china/main/media/2021-12-12_06-51-20.jpg,"うにのお気に入りの場所。:3

#ミヌエット #ミヌエット短毛 #funnycat
#猫好きさんと繋がりたい
#catstagram
#にゃんパシャコンテスト　#オールウェルでもう吐かにゃいぞ　#にゃんすたぐらむ",https://www.instagram.com/p/CXX5XWjFOQ3/?utm_source=ig_web_copy_link&igsh=MzRlODBiNWFlZA==
2021/12/13,https://raw.githubusercontent.com/wangqi0821/uni-calendar-china/main/media/2021-12-13_11-33-06.jpg,"「ちゅ?るくれなのです！」:3

#ミヌエット #ミヌエット短毛 #funnycat
#猫好きさんと繋がりたい
#catstagram
#にゃんパシャコンテスト　#オールウェルでもう吐かにゃいぞ　#にゃんすたぐらむ",https://www.instagram.com/p/CXa-Z-rl4zm/?utm_source=ig_web_copy_link
2021/12/14,"https://raw.githubusercontent.com/wangqi0821/uni-calendar-china/main/media/2021-12-14_11-14-21_1.jpg
https://raw.githubusercontent.com/wangqi0821/uni-calendar-china/main/media/2021-12-14_11-14-21_2.jpg","おめめがキラッキラ?
楽しい気持ちが伝わってくるね。:3

　

#ミヌエット #ミヌエット短毛 #funnycat
#猫好きさんと繋がりたい
#catstagram
#にゃんパシャコンテスト　#オールウェルでもう吐かにゃいぞ　#にゃんすたぐらむ",https://www.instagram.com/p/CXdhDhdlD_A/?utm_source=ig_web_copy_link&igsh=MzRlODBiNWFlZA==
2021/12/15,"https://raw.githubusercontent.com/wangqi0821/uni-calendar-china/main/media/2021-12-15_11-08-49_1.jpg
https://raw.githubusercontent.com/wangqi0821/uni-calendar-china/main/media/2021-12-15_11-08-49_2.jpg","飼い主のうたたねを見守っていたうに。:3

#ミヌエット #ミヌエット短毛 #funnycat
#猫好きさんと繋がりたい
#catstagram
#にゃんパシャコンテスト　#オールウェルでもう吐かにゃいぞ　#にゃんすたぐらむ",https://www.instagram.com/p/CXgFN1QlaZl/?utm_source=ig_web_copy_link&igsh=MzRlODBiNWFlZA==
2021/12/17,"https://raw.githubusercontent.com/wangqi0821/uni-calendar-china/main/media/2021-12-17_03-05-48_1.jpg
https://raw.githubusercontent.com/wangqi0821/uni-calendar-china/main/media/2021-12-17_03-05-48_2.jpg","小動物みたいなうに。:3

#ミヌエット #ミヌエット短毛 #funnycat
#猫好きさんと繋がりたい
#catstagram
#にゃんパシャコンテスト　#オールウェルでもう吐かにゃいぞ　#にゃんすたぐらむ",https://www.instagram.com/p/CXkXh6dFl2u/?utm_source=ig_web_copy_link
2021/12/17,"https://raw.githubusercontent.com/wangqi0821/uni-calendar-china/main/media/2021-12-17_11-19-16_1.jpg
https://raw.githubusercontent.com/wangqi0821/uni-calendar-china/main/media/2021-12-17_11-19-16_2.jpg","dancing Uni？:3

#ミヌエット #ミヌエット短毛 #funnycat
#猫好きさんと繋がりたい
#catstagram
#にゃんパシャコンテスト　#オールウェルでもう吐かにゃいぞ　#にゃんすたぐらむ",https://www.instagram.com/p/CXlQANWF-CE/?utm_source=ig_web_copy_link&igsh=MzRlODBiNWFlZA==
2021/12/18,https://raw.githubusercontent.com/wangqi0821/uni-calendar-china/main/media/2021-12-18_10-30-57.jpg,"目が合うとドキッとしちゃううにの顔。:3

#ミヌエット #ミヌエット短毛 #funnycat
#猫好きさんと繋がりたい
#catstagram
#にゃんパシャコンテスト　#オールウェルでもう吐かにゃいぞ　#にゃんすたぐらむ",https://www.instagram.com/p/CXnvRMslk0p/?utm_source=ig_web_copy_link&igsh=MzRlODBiNWFlZA==
2021/12/19,https://raw.githubusercontent.com/wangqi0821/uni-calendar-china/main/media/2021-12-19_13-00-55.jpg,"脱力感たっぷりのうに。:3

#ミヌエット #ミヌエット短毛 #funnycat
#猫好きさんと繋がりたい
#catstagram
#にゃんパシャコンテスト　#オールウェルでもう吐かにゃいぞ　#にゃんすたぐらむ",https://www.instagram.com/p/CXqlOZ2la5_/?utm_source=ig_web_copy_link&igsh=MzRlODBiNWFlZA==
2021/12/20,"https://raw.githubusercontent.com/wangqi0821/uni-calendar-china/main/media/2021-12-20_11-33-36_1.jpg
https://raw.githubusercontent.com/wangqi0821/uni-calendar-china/main/media/2021-12-20_11-33-36_2.jpg",相変わらず絵に描けそうなうに。:3  #ミヌエット #ミヌエット短毛 #funnycat  #猫好きさんと繋がりたい  #catstagram  #にゃんパシャコンテスト　#オールウェルでもう吐かにゃいぞ　#にゃんすたぐらむ,https://www.instagram.com/p/CXtABy0lNSd/
2021/12/22,https://raw.githubusercontent.com/wangqi0821/uni-calendar-china/main/media/2021-12-22_10-58-34.jpg,ちょこんとちゅ?る待ち？:3  #ミヌエット #ミヌエット短毛 #funnycat  #猫好きさんと繋がりたい  #catstagram  #にゃんパシャコンテスト　#オールウェルでもう吐かにゃいぞ　#にゃんすたぐらむ,https://www.instagram.com/p/CXyFm5OlqQU/
2021/12/22,https://raw.githubusercontent.com/wangqi0821/uni-calendar-china/main/media/2021-12-22_13-21-13.jpg,くるまれて、虚無。:3  #ミヌエット #ミヌエット短毛 #funnycat  #猫好きさんと繋がりたい  #catstagram  #にゃんパシャコンテスト　#オールウェルでもう吐かにゃいぞ　#にゃんすたぐらむ,https://www.instagram.com/p/CXyV7szF3ST/
2021/12/23,https://raw.githubusercontent.com/wangqi0821/uni-calendar-china/main/media/2021-12-23_13-20-57.jpg,おめめがまんまるでキラッキラ?  #ミヌエット #ミヌエット短毛 #funnycat  #猫好きさんと繋がりたい  #catstagram  #にゃんパシャコンテスト　#オールウェルでもう吐かにゃいぞ　#にゃんすたぐらむ,https://www.instagram.com/p/CX06smAFrAi/
2021/12/25,"https://raw.githubusercontent.com/wangqi0821/uni-calendar-china/main/media/2021-12-25_05-26-12_1.jpg
https://raw.githubusercontent.com/wangqi0821/uni-calendar-china/main/media/2021-12-25_05-26-12_2.jpg
https://raw.githubusercontent.com/wangqi0821/uni-calendar-china/main/media/2021-12-25_05-26-12_3.jpg",足の裏の毛をカットされる時、 虚無の顔。:3 　  #ミヌエット #ミヌエット短毛 #funnycat  #猫好きさんと繋がりたい  #catstagram 　#にゃんすたぐらむ,https://www.instagram.com/p/CX5N9MZlbku/
2021/12/25,https://raw.githubusercontent.com/wangqi0821/uni-calendar-china/main/media/2021-12-25_13-19-39.jpg,獲物（猫じゃらし）に飛びつく寸前！:3  　  #ミヌエット #ミヌエット短毛 #funnycat  #猫好きさんと繋がりたい  #catstagram 　#にゃんすたぐらむ,https://www.instagram.com/p/CX6EI0eFhUV/
2021/12/26,"https://raw.githubusercontent.com/wangqi0821/uni-calendar-china/main/media/2021-12-26_11-19-13_1.jpg
https://raw.githubusercontent.com/wangqi0821/uni-calendar-china/main/media/2021-12-26_11-19-13_2.jpg",ほとんど黒目のうに。:3  #ミヌエット #ミヌエット短毛 #funnycat  #猫好きさんと繋がりたい  #catstagram 　#にゃんすたぐらむ,https://www.instagram.com/p/CX8bJpRl6Hg/
2021/12/28,https://raw.githubusercontent.com/wangqi0821/uni-calendar-china/main/media/2021-12-28_06-27-06.jpg,箱に入ってイカ耳！:3  #ミヌエット #ミヌエット短毛 #funnycat  #猫好きさんと繋がりたい  #catstagram 　#にゃんすたぐらむ,https://www.instagram.com/p/CYBDT6XFuLc/
2021/12/28,https://raw.githubusercontent.com/wangqi0821/uni-calendar-china/main/media/2021-12-28_13-06-14.jpg,まんまるおめめとぷっくりマズルのうに。:3  #ミヌエット #ミヌエット短毛 #funnycat  #猫好きさんと繋がりたい  #catstagram 　#にゃんすたぐらむ,https://www.instagram.com/p/CYBw_RSlZxa/
2021/12/30,https://raw.githubusercontent.com/wangqi0821/uni-calendar-china/main/media/2021-12-30_09-22-58.jpg,表情も、短いおててもかわいい。:3  #ミヌエット #ミヌエット短毛 #funnycat  #猫好きさんと繋がりたい  #catstagram 　#にゃんすたぐらむ,https://www.instagram.com/p/CYGhBudle8w/
2021/12/30,https://raw.githubusercontent.com/wangqi0821/uni-calendar-china/main/media/2021-12-30_10-50-30.mp4,うには鳴き声もかわいい。:3 　  #ミヌエット #ミヌエット短毛 #funnycat  #猫好きさんと繋がりたい  #catstagram 　#にゃんすたぐらむ,https://www.instagram.com/p/CYGqvU1qotR/
2022/1/2,"https://raw.githubusercontent.com/wangqi0821/uni-calendar-china/main/media/2022-01-02_09-35-41_1.jpg
https://raw.githubusercontent.com/wangqi0821/uni-calendar-china/main/media/2022-01-02_09-35-41_2.jpg",あけましておめでとうございます！  お餅みたいにタプタプなうにのほっぺたです。  今年もよろしくお願いします?  #ミヌエット #ミヌエット短毛 #funnycat  #猫好きさんと繋がりたい  #catstagram 　#にゃんすたぐらむ,https://www.instagram.com/p/CYOQ3g-lFtX/
2022/1/3,https://raw.githubusercontent.com/wangqi0821/uni-calendar-china/main/media/2022-01-03_11-39-38.jpg,おめめまんまるで、ふっくらなうに。:3  　  #ミヌエット #ミヌエット短毛 #funnycat  #猫好きさんと繋がりたい  #catstagram 　#にゃんすたぐらむ,https://www.instagram.com/p/CYRD2K3FDoo/
2022/1/4,"https://raw.githubusercontent.com/wangqi0821/uni-calendar-china/main/media/2022-01-04_07-15-09_1.jpg
https://raw.githubusercontent.com/wangqi0821/uni-calendar-china/main/media/2022-01-04_07-15-09_2.jpg",ワクワクが顔に出ているうに。:3  　  #ミヌエット #ミヌエット短毛 #funnycat  #猫好きさんと繋がりたい  #catstagram 　#にゃんすたぐらむ,https://www.instagram.com/p/CYTKX6xlqcV/
2022/1/6,https://raw.githubusercontent.com/wangqi0821/uni-calendar-china/main/media/2022-01-06_10-51-33.jpg,猫じゃらし待ちのおてて。:3  　  #ミヌエット #ミヌエット短毛 #funnycat  #猫好きさんと繋がりたい  #catstagram 　#にゃんすたぐらむ,https://www.instagram.com/p/CYYsumcFr9B/
2022/1/6,https://raw.githubusercontent.com/wangqi0821/uni-calendar-china/main/media/2022-01-06_13-34-48.jpg,猫じゃらしの動きにびっくりしすぎた猫。:3  #ミヌエット #ミヌエット短毛 #funnycat  #猫好きさんと繋がりたい  #catstagram 　#にゃんすたぐらむ,https://www.instagram.com/p/CYY_aVxFf0S/
2022/1/7,https://raw.githubusercontent.com/wangqi0821/uni-calendar-china/main/media/2022-01-07_06-27-39.jpg,薄暗い所で見るうにの可愛さ。:3  　  #ミヌエット #ミヌエット短毛 #funnycat  #猫好きさんと繋がりたい  #catstagram 　#にゃんすたぐらむ,https://www.instagram.com/p/CYbeVpLFQcf/
2022/1/7,https://raw.githubusercontent.com/wangqi0821/uni-calendar-china/main/media/2022-01-07_12-43-31.jpg,遊んでほしそうなうに。:3  　  #ミヌエット #ミヌエット短毛 #funnycat  #猫好きさんと繋がりたい  #catstagram 　#にゃんすたぐらむ,https://www.instagram.com/p/CYazUrslzF_/
2022/1/8,https://raw.githubusercontent.com/wangqi0821/uni-calendar-china/main/media/2022-01-08_06-05-09.jpg,しっぽがピーン！:3  #ミヌエット #ミヌエット短毛 #funnycat  #猫好きさんと繋がりたい  #catstagram 　#にゃんすたぐらむ,https://www.instagram.com/p/CYeGPBUlXFt/
2022/1/8,https://raw.githubusercontent.com/wangqi0821/uni-calendar-china/main/media/2022-01-08_13-10-37.jpg,なぜか甘酒と一緒のうに。:3  　  #ミヌエット #ミヌエット短毛 #funnycat  #猫好きさんと繋がりたい  #catstagram 　#にゃんすたぐらむ,https://www.instagram.com/p/CYdVit4lb7Y/
2022/1/9,https://raw.githubusercontent.com/wangqi0821/uni-calendar-china/main/media/2022-01-09_06-32-41.jpg,まんまるおめめとぷっくりマズル。:3  　  #ミヌエット #ミヌエット短毛 #funnycat  #猫好きさんと繋がりたい  #catstagram 　#にゃんすたぐらむ,https://www.instagram.com/p/CYf9fUZFjcl/
2022/1/10,https://raw.githubusercontent.com/wangqi0821/uni-calendar-china/main/media/2022-01-10_10-53-59.jpg,上目遣いでおすわり。:3  　  #ミヌエット #ミヌエット短毛 #funnycat  #猫好きさんと繋がりたい  #catstagram 　#にゃんすたぐらむ,https://www.instagram.com/p/CYjAL88FuNp/
2022/1/11,https://raw.githubusercontent.com/wangqi0821/uni-calendar-china/main/media/2022-01-11_13-09-01.jpg,ご飯がもらえないかにゃ？  期待の眼差し。:3  　  #ミヌエット #ミヌエット短毛 #funnycat  #猫好きさんと繋がりたい  #catstagram 　#にゃんすたぐらむ,https://www.instagram.com/p/CYl0b4OlN3K/
2022/1/13,"https://raw.githubusercontent.com/wangqi0821/uni-calendar-china/main/media/2022-01-13_11-11-21_1.jpg
https://raw.githubusercontent.com/wangqi0821/uni-calendar-china/main/media/2022-01-13_11-11-21_2.jpg",眠いうに??  #ミヌエット #ミヌエット短毛 #funnycat  #猫好きさんと繋がりたい  #catstagram 　#にゃんすたぐらむ,https://www.instagram.com/p/CYqwjyRlKqU/
2022/1/14,"https://raw.githubusercontent.com/wangqi0821/uni-calendar-china/main/media/2022-01-14_13-08-29_1.jpg
https://raw.githubusercontent.com/wangqi0821/uni-calendar-china/main/media/2022-01-14_13-08-29_2.jpg",「ふすまを破きました！」と、なぜか自信満々の顔??  2枚目は、ちょっと申し訳なさそうな顔。 上目遣いが可愛い。:3  　  #ミヌエット #ミヌエット短毛 #funnycat  #猫好きさんと繋がりたい  #catstagram 　#にゃんすたぐらむ,https://www.instagram.com/p/CYtiwpaFkVj/
2022/1/15,"https://raw.githubusercontent.com/wangqi0821/uni-calendar-china/main/media/2022-01-15_11-01-55_1.jpg
https://raw.githubusercontent.com/wangqi0821/uni-calendar-china/main/media/2022-01-15_11-01-55_2.jpg",おめめパッチリ。 口元ぷっくり。:3 　  #ミヌエット #ミヌエット短毛 #funnycat  #猫好きさんと繋がりたい  #catstagram 　#にゃんすたぐらむ,https://www.instagram.com/p/CYv5EazFTNj/
2022/1/16,"https://raw.githubusercontent.com/wangqi0821/uni-calendar-china/main/media/2022-01-16_07-35-37_1.jpg
https://raw.githubusercontent.com/wangqi0821/uni-calendar-china/main/media/2022-01-16_07-35-37_2.jpg
https://raw.githubusercontent.com/wangqi0821/uni-calendar-china/main/media/2022-01-16_07-35-37_3.jpg",なかなかのフィット感ですね。:3  #ミヌエット #ミヌエット短毛 #funnycat  #猫好きさんと繋がりたい  #catstagram 　#にゃんすたぐらむ,https://www.instagram.com/p/CYyGQVMF0o8/
2022/1/17,"https://raw.githubusercontent.com/wangqi0821/uni-calendar-china/main/media/2022-01-17_07-22-29_1.jpg
https://raw.githubusercontent.com/wangqi0821/uni-calendar-china/main/media/2022-01-17_07-22-29_2.jpg
https://raw.githubusercontent.com/wangqi0821/uni-calendar-china/main/media/2022-01-17_07-22-29_3.jpg
https://raw.githubusercontent.com/wangqi0821/uni-calendar-china/main/media/2022-01-17_07-22-29_4.jpg",うには慢性的に目を痒がることが多いので、目薬を差してカラーをよくつけています。  別に買ったカラーは嫌がりましたが、このカラーは好きみたいです。 枕にして寝てるのがまた可愛い??  そしてお顔のマッサージも大好き！ とても気持ちよさそうな顔をします。:3  　  #ミヌエット #ミヌエット短毛 #funnycat  #猫好きさんと繋がりたい  #catstagram 　#にゃんすたぐらむ,https://www.instagram.com/p/CY0pjFDFMsY/
2022/1/18,https://raw.githubusercontent.com/wangqi0821/uni-calendar-china/main/media/2022-01-18_07-15-54.jpg,本当、カラーがよく似合ってる。:3  #ミヌエット #ミヌエット短毛 #funnycat  #猫好きさんと繋がりたい  #catstagram 　#にゃんすたぐらむ,https://www.instagram.com/p/CY3NlpUlFms/
2022/1/19,https://raw.githubusercontent.com/wangqi0821/uni-calendar-china/main/media/2022-01-19_06-22-14.jpg,2/22の“猫の日”発売の宝島社「SPRiNG 4月号」。  うにがプリントされたじゃばらカードケースが付録です！ このカードケース、可愛いし、作りはしっかりしてるし、とても付録とは思えない仕上がりで…！ なんかもう…最高なんです（語彙力）  本日から予約開始しました！ 便利で可愛い箱入りうに、ぜひぜひ?? 以下URLで予約できますよ?? https://store.tkj.jp/shopdetail/000000013932   ハイライトにもリンク置いときますね??  ▼本付録の推しポイント  ?UNI minuet cat のロゴが箔推しでオシャレ? ?12ポケットあり、カードが最大約30枚収納できる ?裏面にはICカード入れスペースも ?ストラップ付きで使いやすい！  ほんと…かわいいです、この箱入りうに…??,https://www.instagram.com/p/CY6azc4lcNR/
2022/1/19,"https://raw.githubusercontent.com/wangqi0821/uni-calendar-china/main/media/2022-01-19_13-09-06_1.jpg
https://raw.githubusercontent.com/wangqi0821/uni-calendar-china/main/media/2022-01-19_13-09-06_2.jpg
https://raw.githubusercontent.com/wangqi0821/uni-calendar-china/main/media/2022-01-19_13-09-06_3.jpg",「猫じゃらしで遊んでほしいでしゅ！」:3  #ミヌエット #ミヌエット短毛 #funnycat  #猫好きさんと繋がりたい  #catstagram 　#にゃんすたぐらむ,https://www.instagram.com/p/CY5sPeCl7-x/
2022/1/20,"https://raw.githubusercontent.com/wangqi0821/uni-calendar-china/main/media/2022-01-20_09-41-47_1.jpg
https://raw.githubusercontent.com/wangqi0821/uni-calendar-china/main/media/2022-01-20_09-41-47_2.jpg",「じーっ……」からの  「??????!」:3  ★ひとつ前の、SPRiNGの投稿に嬉しいコメント本っ当ーーにありがとうございます????,https://www.instagram.com/p/CY8n38KF6SC/
2022/1/21,"https://raw.githubusercontent.com/wangqi0821/uni-calendar-china/main/media/2022-01-21_06-13-17_1.jpg
https://raw.githubusercontent.com/wangqi0821/uni-calendar-china/main/media/2022-01-21_06-13-17_2.jpg",うには上を見上げると、ピンクのお口がちょっと見えてそこがまた可愛い。:3  #ミヌエット #ミヌエット短毛 #funnycat  #猫好きさんと繋がりたい  #catstagram 　#にゃんすたぐらむ,https://www.instagram.com/p/CY-0zpLF7ha/
2022/1/21,"https://raw.githubusercontent.com/wangqi0821/uni-calendar-china/main/media/2022-01-21_12-50-33_1.jpg
https://raw.githubusercontent.com/wangqi0821/uni-calendar-china/main/media/2022-01-21_12-50-33_2.jpg",にゅっ！と出てきたうに。 面白い顔してる。:3  　  #ミヌエット #ミヌエット短毛 #funnycat  #猫好きさんと繋がりたい  #catstagram 　#にゃんすたぐらむ,https://www.instagram.com/p/CY_iRW3lyz8/
2022/1/22,https://raw.githubusercontent.com/wangqi0821/uni-calendar-china/main/media/2022-01-22_02-36-19.jpg,猫じゃらしを見せただけで、このワクワク顔！:3  #ミヌエット #ミヌエット短毛 #funnycat  #猫好きさんと繋がりたい  #catstagram 　#にゃんすたぐらむ,https://www.instagram.com/p/CZBAxdPv8oT/
2022/1/22,"https://raw.githubusercontent.com/wangqi0821/uni-calendar-china/main/media/2022-01-22_10-46-51_1.jpg
https://raw.githubusercontent.com/wangqi0821/uni-calendar-china/main/media/2022-01-22_10-46-51_2.jpg",どっちの「ペロッ」も可愛い。:3  #ミヌエット #ミヌエット短毛 #funnycat  #猫好きさんと繋がりたい  #catstagram 　#にゃんすたぐらむ,https://www.instagram.com/p/CZB46LoFumi/
2022/1/23,https://raw.githubusercontent.com/wangqi0821/uni-calendar-china/main/media/2022-01-23_06-53-38.jpg,おねだり顔のうに。:3  　  #ミヌエット #ミヌエット短毛 #funnycat  #猫好きさんと繋がりたい  #catstagram 　#にゃんすたぐらむ,https://www.instagram.com/p/CZEDA7YFCt4/
2022/1/24,https://raw.githubusercontent.com/wangqi0821/uni-calendar-china/main/media/2022-01-24_06-15-08.jpg,空気清浄機の上に乗って、得意げなうに。:3  　  #ミヌエット #ミヌエット短毛 #funnycat  #猫好きさんと繋がりたい  #catstagram 　#にゃんすたぐらむ,https://www.instagram.com/p/CZHPkBJF36F/
2022/1/24,"https://raw.githubusercontent.com/wangqi0821/uni-calendar-china/main/media/2022-01-24_12-41-00_1.jpg
https://raw.githubusercontent.com/wangqi0821/uni-calendar-china/main/media/2022-01-24_12-41-00_2.jpg",ちょこん！:3  #ミヌエット #ミヌエット短毛 #funnycat  #猫好きさんと繋がりたい  #catstagram 　#にゃんすたぐらむ,https://www.instagram.com/p/CZGjZ0Ll5Wq/
2022/1/25,https://raw.githubusercontent.com/wangqi0821/uni-calendar-china/main/media/2022-01-25_13-16-50.jpg,甘えるのが好きそうな顔立ちなのに、中身は結構クールです。  そらとあおばが優しいので、「僕が1番強い！最強！」と調子に乗ってるところがあります??  　  #ミヌエット #ミヌエット短毛 #funnycat  #猫好きさんと繋がりたい  #catstagram 　#にゃんすたぐらむ  #ミヌエット #ミヌエット短毛 #funnycat  #猫好きさんと繋がりたい  #catstagram 　#にゃんすたぐらむ,https://www.instagram.com/p/CZJ4dUllBp_/
2022/1/26,"https://raw.githubusercontent.com/wangqi0821/uni-calendar-china/main/media/2022-01-26_13-36-45_1.jpg
https://raw.githubusercontent.com/wangqi0821/uni-calendar-china/main/media/2022-01-26_13-36-45_2.jpg",キラキラおめめ。 絶対楽しいこと考えてる。:3  　  #ミヌエット #ミヌエット短毛 #funnycat  #猫好きさんと繋がりたい  #catstagram 　#にゃんすたぐらむ,https://www.instagram.com/p/CZMfiD5l9VG/
2022/1/27,"https://raw.githubusercontent.com/wangqi0821/uni-calendar-china/main/media/2022-01-27_03-40-20_1.jpg
https://raw.githubusercontent.com/wangqi0821/uni-calendar-china/main/media/2022-01-27_03-40-20_2.jpg",おめめまんまる同士。:3,https://www.instagram.com/p/CZO-MDelf_2/
2022/1/27,https://raw.githubusercontent.com/wangqi0821/uni-calendar-china/main/media/2022-01-27_09-14-46.mp4,いよいよ1月28日（金）～2月27日（日）の期間で、東京の浅草橋にて「ねこ休み展　冬　2022」が開催されます！  2月11日(金)?2022年2月22日(火)には札幌パルコでも！  うには初参加です??? 猫まみれの空間、見てみたいですよね?? ホッとして癒される場所にぜひぜひお越し下さい??  「ねこ休み展　冬　2022」  開催期間:1/28（金）?2/27(日) 会場:TODAYS GALLERY STUDIO. 〒111-0053 台東区浅草橋5-27-6 5F  電話番号:03-5809-3917 営業時間:11:00?19:00  休館日:月曜日  https://tgs.jp.net/event/neko-break/  リンクはハイライトにも載せますね??,https://www.instagram.com/p/CZOAEsVlwDR/
2022/1/27,https://raw.githubusercontent.com/wangqi0821/uni-calendar-china/main/media/2022-01-27_12-43-06.jpg,よく「うぅ????」という声を出すうに。:3    動いているうにはYouTubeにも置いてます???? 「うにうに絵日記」で検索するか、インスタのプロフィール、ハイライトから飛んで頂けると嬉しいです！  　  #ミヌエット #ミヌエット短毛 #funnycat  #猫好きさんと繋がりたい  #catstagram 　#にゃんすたぐらむ,https://www.instagram.com/p/CZOlrMOqPFP/
2022/1/28,https://raw.githubusercontent.com/wangqi0821/uni-calendar-china/main/media/2022-01-28_07-16-15.jpg,こんもり！ 冬毛で特にもふもふしてます。:3  　  #ミヌエット #ミヌエット短毛 #funnycat  #猫好きさんと繋がりたい  #catstagram 　#にゃんすたぐらむ,https://www.instagram.com/p/CZQ9k-KFack/
2022/1/29,https://raw.githubusercontent.com/wangqi0821/uni-calendar-china/main/media/2022-01-29_12-59-23.jpg,「ちゅーる、欲しいでしゅ…」  　  #ミヌエット #ミヌエット短毛 #funnycat  #猫好きさんと繋がりたい  #catstagram 　#にゃんすたぐらむ,https://www.instagram.com/p/CZUJpFZFx-U/
2022/1/30,https://raw.githubusercontent.com/wangqi0821/uni-calendar-china/main/media/2022-01-30_05-37-51.jpg,絵に描けそうな顔立ち。:3  　  #ミヌエット #ミヌエット短毛 #funnycat  #猫好きさんと繋がりたい  #catstagram 　#にゃんすたぐらむ,https://www.instagram.com/p/CZV76FNF2U-/
2022/1/31,https://raw.githubusercontent.com/wangqi0821/uni-calendar-china/main/media/2022-01-31_04-58-18.jpg,うちの可愛い可愛い家族????,https://www.instagram.com/p/CZYcLTnlLD0/
2022/2/1,"https://raw.githubusercontent.com/wangqi0821/uni-calendar-china/main/media/2022-02-01_06-39-19_1.jpg
https://raw.githubusercontent.com/wangqi0821/uni-calendar-china/main/media/2022-02-01_06-39-19_2.jpg
https://raw.githubusercontent.com/wangqi0821/uni-calendar-china/main/media/2022-02-01_06-39-19_3.jpg
https://raw.githubusercontent.com/wangqi0821/uni-calendar-china/main/media/2022-02-01_06-39-19_4.jpg",ハムの匂いがたまらないうに。  （この後何回もキッチンに登るようになったので、うにはキッチン出入り禁止になりました??）  　  #ミヌエット #ミヌエット短毛 #funnycat  #猫好きさんと繋がりたい  #catstagram 　#にゃんすたぐらむ,https://www.instagram.com/p/CZbMiCAlht5/
2022/2/2,https://raw.githubusercontent.com/wangqi0821/uni-calendar-china/main/media/2022-02-02_11-23-01.mp4,ご飯待ちのうに。:3  　 #ミヌエット #ミヌエット短毛 #funnycat  #猫好きさんと繋がりたい  #catstagram 　#にゃんすたぐらむ,https://www.instagram.com/p/CZeRl1uqEq3/
2022/2/3,https://raw.githubusercontent.com/wangqi0821/uni-calendar-china/main/media/2022-02-03_06-35-04.jpg,楕円形のうに。:3 　  #ミヌエット #ミヌエット短毛 #funnycat  #猫好きさんと繋がりたい  #catstagram 　#にゃんすたぐらむ,https://www.instagram.com/p/CZgVonYhaaL/
2022/2/4,https://raw.githubusercontent.com/wangqi0821/uni-calendar-china/main/media/2022-02-04_06-50-59.jpg,うに、違う猫みたいな顔してるなあ??  そら（9歳）の毛づくろいを一生懸命してあげるうに（1歳）。  うににしがみついてるそらがまた可愛い??どっちがお兄ちゃんなんだか…笑,https://www.instagram.com/p/CZjmDx5v1om/
2022/2/4,"https://raw.githubusercontent.com/wangqi0821/uni-calendar-china/main/media/2022-02-04_12-56-18_1.jpg
https://raw.githubusercontent.com/wangqi0821/uni-calendar-china/main/media/2022-02-04_12-56-18_2.jpg
https://raw.githubusercontent.com/wangqi0821/uni-calendar-china/main/media/2022-02-04_12-56-18_2.mp4",ちょっとだけ、キリッ！:3  　  #ミヌエット #ミヌエット短毛 #funnycat  #猫好きさんと繋がりたい  #catstagram 　#にゃんすたぐらむ,https://www.instagram.com/p/CZi8QElF40g/
2022/2/5,"https://raw.githubusercontent.com/wangqi0821/uni-calendar-china/main/media/2022-02-05_03-31-49_1.jpg
https://raw.githubusercontent.com/wangqi0821/uni-calendar-china/main/media/2022-02-05_03-31-49_2.jpg",箱に入ろうか迷ってる。:3  #ミヌエット #ミヌエット短毛 #funnycat  #猫好きさんと繋がりたい  #catstagram 　#にゃんすたぐらむ,https://www.instagram.com/p/CZlKQMzlJNF/
2022/2/6,https://raw.githubusercontent.com/wangqi0821/uni-calendar-china/main/media/2022-02-06_04-38-07.jpg,おめめまんまるで、きゅるっ??  　  #ミヌエット #ミヌエット短毛 #funnycat  #猫好きさんと繋がりたい  #catstagram 　#にゃんすたぐらむ,https://www.instagram.com/p/CZn2ouMl-mK/
2022/2/7,https://raw.githubusercontent.com/wangqi0821/uni-calendar-china/main/media/2022-02-07_10-06-56.jpg,猫ボールが楽しいうに。:3 （※ボールは飼い主が見ている時だけ出してます）  　 #ミヌエット #ミヌエット短毛 #funnycat  #猫好きさんと繋がりたい  #catstagram 　#にゃんすたぐらむ,https://www.instagram.com/p/CZrBD2vF30Z/
2022/2/8,"https://raw.githubusercontent.com/wangqi0821/uni-calendar-china/main/media/2022-02-08_13-37-05_1.jpg
https://raw.githubusercontent.com/wangqi0821/uni-calendar-china/main/media/2022-02-08_13-37-05_2.jpg",びっくりしちゃったうに。:3  #ミヌエット #ミヌエット短毛 #funnycat  #猫好きさんと繋がりたい  #catstagram 　#にゃんすたぐらむ,https://www.instagram.com/p/CZt95-EP4Oy/
2022/2/9,https://raw.githubusercontent.com/wangqi0821/uni-calendar-china/main/media/2022-02-09_10-17-17.jpg,箱でまったりのうに。:3  #ミヌエット #ミヌエット短毛 #funnycat  #猫好きさんと繋がりたい  #catstagram 　#にゃんすたぐらむ,https://www.instagram.com/p/CZwL1YzF5zd/
2022/2/10,https://raw.githubusercontent.com/wangqi0821/uni-calendar-china/main/media/2022-02-10_11-16-40.jpg,キッチンに入りたいうに。:3  #ミヌエット #ミヌエット短毛 #funnycat  #猫好きさんと繋がりたい  #catstagram 　#にゃんすたぐらむ,https://www.instagram.com/p/CZy3bTLFojd/
2022/2/11,"https://raw.githubusercontent.com/wangqi0821/uni-calendar-china/main/media/2022-02-11_06-38-00_1.jpg
https://raw.githubusercontent.com/wangqi0821/uni-calendar-china/main/media/2022-02-11_06-38-00_2.jpg
https://raw.githubusercontent.com/wangqi0821/uni-calendar-china/main/media/2022-02-11_06-38-00_3.jpg",吸い込まれるように入っていった?? 楽しいらしい。:3  　  #ミヌエット #ミヌエット短毛 #funnycat  #猫好きさんと繋がりたい  #catstagram 　#にゃんすたぐらむ,https://www.instagram.com/p/CZ08VH5FY61/
2022/2/11,"https://raw.githubusercontent.com/wangqi0821/uni-calendar-china/main/media/2022-02-11_12-32-26_1.jpg
https://raw.githubusercontent.com/wangqi0821/uni-calendar-china/main/media/2022-02-11_12-32-26_2.jpg",ωωおしらせωω  ついに！うにの写真集が出ます！ 貴重な子猫時代から今に至るまで可愛い写真がいっぱい?  タイトル：ぼくは、うに。～ミヌエットの男の子～ 発売日：4月14日（木） 定価：1320円（10％税込） ページ数：オールカラー96P ※電子書籍のおまけも後日詳細アップします??  https://www.amazon.co.jp/dp/4046811013/ref=cm_sw_em_r_mt_dp_W1VRGK71F3C72KXNT0RH  ωω　内容　ωω ?ぼくは、うに。 ?かいぬしのコラム ?あいうえうに  うにの血統書から、お父さんとお母さんを想像してイラストで家系図を作りました！  専門家の先生に見て頂き、うにがなぜこんな色になったかも解説を入れました?  一冊まるごとうにの世界?? 4月14日発売です?? ご予約が確実ですよ?！　　  Amazonで「ぼくはうに　ミヌエット」で検索してくださいね???? ハイライトにもリンク置いときます???,https://www.instagram.com/p/CZ1k5BSl-Ge/
2022/2/13,https://raw.githubusercontent.com/wangqi0821/uni-calendar-china/main/media/2022-02-13_05-16-27.mp4,Intimidating and Uni's voice is cute!  「やんのかステップ」って言うらしいですね?? 鳴き声が可愛くて、威嚇が威嚇になってないうに??  　  #ミヌエット #ミヌエット短毛 #funnycat  #猫好きさんと繋がりたい  #catstagram 　#にゃんすたぐらむ #やんのかステップ,https://www.instagram.com/p/CZ58I6vlIIY/
2022/2/14,https://raw.githubusercontent.com/wangqi0821/uni-calendar-china/main/media/2022-02-14_11-11-35.jpg,上目遣いで「ごはん…？」:3  #ミヌエット #ミヌエット短毛 #funnycat  #猫好きさんと繋がりたい  #catstagram 　#にゃんすたぐらむ,https://www.instagram.com/p/CZ9KBj_FwZA/
2022/2/16,"https://raw.githubusercontent.com/wangqi0821/uni-calendar-china/main/media/2022-02-16_13-25-06_1.jpg
https://raw.githubusercontent.com/wangqi0821/uni-calendar-china/main/media/2022-02-16_13-25-06_2.jpg
https://raw.githubusercontent.com/wangqi0821/uni-calendar-china/main/media/2022-02-16_13-25-06_3.jpg",高い所に登って、ワクワクのうに。:3  　  #ミヌエット #ミヌエット短毛 #funnycat  #猫好きさんと繋がりたい  #catstagram 　#にゃんすたぐらむ,https://www.instagram.com/p/CaCi5IjPhuk/
2022/2/17,"https://raw.githubusercontent.com/wangqi0821/uni-calendar-china/main/media/2022-02-17_06-34-35_1.jpg
https://raw.githubusercontent.com/wangqi0821/uni-calendar-china/main/media/2022-02-17_06-34-35_2.jpg
https://raw.githubusercontent.com/wangqi0821/uni-calendar-china/main/media/2022-02-17_06-34-35_3.jpg",ころん！:3  うにはお腹を触られるのも好きです????  　  #ミヌエット #ミヌエット短毛 #funnycat  #猫好きさんと繋がりたい  #catstagram 　#にゃんすたぐらむ,https://www.instagram.com/p/CaEYtTrFnqX/
2022/2/18,https://raw.githubusercontent.com/wangqi0821/uni-calendar-china/main/media/2022-02-18_07-26-08.jpg,自動給餌器が置いてあった場所に、ちょこん！:3  　  #ミヌエット #ミヌエット短毛 #funnycat  #猫好きさんと繋がりたい  #catstagram 　#にゃんすたぐらむ,https://www.instagram.com/p/CaHDZz_lzS9/
2022/2/19,https://raw.githubusercontent.com/wangqi0821/uni-calendar-china/main/media/2022-02-19_08-35-41.jpg,あざとかわいい！:3  #ミヌエット #ミヌエット短毛 #funnycat  #猫好きさんと繋がりたい  #catstagram 　#にゃんすたぐらむ,https://www.instagram.com/p/CaJwKBcF4ku/
2022/2/20,https://raw.githubusercontent.com/wangqi0821/uni-calendar-china/main/media/2022-02-20_05-50-32.mp4,うにはよくこの得意げな表情をする????  #ミヌエット #ミヌエット短毛 #funnycat  #猫好きさんと繋がりたい  #catstagram 　#にゃんすたぐらむ,https://www.instagram.com/p/CaMB4tYFTKc/
2022/2/21,https://raw.githubusercontent.com/wangqi0821/uni-calendar-china/main/media/2022-02-21_06-32-59.jpg,皆様、いつもあたたかいコメントありがとうございます????????,https://www.instagram.com/p/CaOrtJ2FGVO/
2022/2/23,"https://raw.githubusercontent.com/wangqi0821/uni-calendar-china/main/media/2022-02-23_10-44-00_1.jpg
https://raw.githubusercontent.com/wangqi0821/uni-calendar-china/main/media/2022-02-23_10-44-00_2.jpg
https://raw.githubusercontent.com/wangqi0821/uni-calendar-china/main/media/2022-02-23_10-44-00_3.jpg
https://raw.githubusercontent.com/wangqi0821/uni-calendar-china/main/media/2022-02-23_10-44-00_4.jpg",SPRiNG4月号発売中です！  うに初めての付録で、 飼い主も超！お気に入りのカードケース…??  皆様、嬉しいご報告本当にありがとうございます?????,https://www.instagram.com/p/CaUSBYvFYdg/
2022/2/25,https://raw.githubusercontent.com/wangqi0821/uni-calendar-china/main/media/2022-02-25_01-50-46.jpg,「きゅるっ?」からの「ぺろっ」:3  #ミヌエット #ミヌエット短毛 #funnycat  #猫好きさんと繋がりたい  #catstagram 　#にゃんすたぐらむ,https://www.instagram.com/p/CaZES8OFQCa/
2022/2/25,"https://raw.githubusercontent.com/wangqi0821/uni-calendar-china/main/media/2022-02-25_07-20-16_1.jpg
https://raw.githubusercontent.com/wangqi0821/uni-calendar-china/main/media/2022-02-25_07-20-16_2.jpg",空を見つめるうに。虚無の顔??  SPRiNG4月号のご報告、本当にありがとうございます???? 一つ一つコメント返しができなくてごめんなさい！！ 感謝と嬉しい気持ちでいっぱいになりながら、読ませて頂きました?????  ありがとうございます????,https://www.instagram.com/p/CaYelnXP6Ll/
2022/2/26,"https://raw.githubusercontent.com/wangqi0821/uni-calendar-china/main/media/2022-02-26_02-03-40_1.jpg
https://raw.githubusercontent.com/wangqi0821/uni-calendar-china/main/media/2022-02-26_02-03-40_2.jpg
https://raw.githubusercontent.com/wangqi0821/uni-calendar-china/main/media/2022-02-26_02-03-40_3.jpg
https://raw.githubusercontent.com/wangqi0821/uni-calendar-china/main/media/2022-02-26_02-03-40_4.jpg
https://raw.githubusercontent.com/wangqi0821/uni-calendar-china/main/media/2022-02-26_02-03-40_4.mp4
https://raw.githubusercontent.com/wangqi0821/uni-calendar-china/main/media/2022-02-26_02-03-40_5.jpg
https://raw.githubusercontent.com/wangqi0821/uni-calendar-china/main/media/2022-02-26_02-03-40_5.mp4",【PR】 ササエールのPRです??（→@sasahealth_official）  ワンちゃん猫ちゃんの「口腔ケア」「ニオイ」「腸内環境」に重きを置いている商品とのこと? うに達も歯磨きはしているのですが、やはり口臭は気になる…??  また、うには慢性的に目を痒がるところがあるのですが、腸内環境を整えることで、そういった症状も軽減されるといいなあと思い、お試しさせて頂きました??  使い方は、付属のシリンジを使って、ご飯やお水に混ぜるだけ??  食いつきもとってもいいです！ うにだけでなく、そらもあおばも綺麗に全部食べてくれました！  しばらく続けてみたところ、口臭も少なくなってきたように思います???  着色料?防腐剤?添加物不使用? そして、ヒューマングレードの原料を使用???? 「クマ笹研究一筋50年超」というところも信頼できるなあと思いました。  元気で長生きしてくれますように??  #ササエール　#PR  #猫の口腔ケア,https://www.instagram.com/p/CabE2_Zv9Q9/
2022/2/27,https://raw.githubusercontent.com/wangqi0821/uni-calendar-china/main/media/2022-02-27_06-49-00.mp4,逆光で撮るうにもなかなか素敵なのです。:3 　  #ミヌエット #ミヌエット短毛 #funnycat  #猫好きさんと繋がりたい  #catstagram 　#にゃんすたぐらむ,https://www.instagram.com/p/Cae0b-clLAu/
2022/2/27,https://raw.githubusercontent.com/wangqi0821/uni-calendar-china/main/media/2022-02-27_12-57-08.jpg,高い所にのぼったらドヤ顔！:3  　  #ミヌエット #ミヌエット短毛 #funnycat  #猫好きさんと繋がりたい  #catstagram 　#にゃんすたぐらむ,https://www.instagram.com/p/CaeKDp3ljNi/
2022/2/28,"https://raw.githubusercontent.com/wangqi0821/uni-calendar-china/main/media/2022-02-28_12-22-34_1.jpg
https://raw.githubusercontent.com/wangqi0821/uni-calendar-china/main/media/2022-02-28_12-22-34_2.jpg",しっぽを膨らませて、「僕は最強の猫なんだぞー！」とアピールするうに??  　  #ミヌエット #ミヌエット短毛 #funnycat  #猫好きさんと繋がりたい  #catstagram 　#にゃんすたぐらむ,https://www.instagram.com/p/CahVRt3lWV2/
2022/3/1,"https://raw.githubusercontent.com/wangqi0821/uni-calendar-china/main/media/2022-03-01_09-30-19_1.jpg
https://raw.githubusercontent.com/wangqi0821/uni-calendar-china/main/media/2022-03-01_09-30-19_2.jpg",みっちり！:3  #ミヌエット #ミヌエット短毛 #funnycat  #猫好きさんと繋がりたい  #catstagram 　#にゃんすたぐらむ,https://www.instagram.com/p/CajmW6HFV1J/
2022/3/2,"https://raw.githubusercontent.com/wangqi0821/uni-calendar-china/main/media/2022-03-02_11-50-54_1.jpg
https://raw.githubusercontent.com/wangqi0821/uni-calendar-china/main/media/2022-03-02_11-50-54_2.jpg",癒しの寝顔。:3  #ミヌエット #ミヌエット短毛 #funnycat  #猫好きさんと繋がりたい  #catstagram 　#にゃんすたぐらむ,https://www.instagram.com/p/CambPg5Fyli/
2022/3/3,https://raw.githubusercontent.com/wangqi0821/uni-calendar-china/main/media/2022-03-03_13-17-59.jpg,ルンルンなうに。:3  　  #ミヌエット #ミヌエット短毛 #funnycat  #猫好きさんと繋がりたい  #catstagram 　#にゃんすたぐらむ,https://www.instagram.com/p/CapKAI-FoEQ/
2022/3/4,https://raw.githubusercontent.com/wangqi0821/uni-calendar-china/main/media/2022-03-04_11-30-07.jpg,お外を見るのが大好き。:3  　  #ミヌエット #ミヌエット短毛 #funnycat  #猫好きさんと繋がりたい  #catstagram 　#にゃんすたぐらむ,https://www.instagram.com/p/Caric9LlLq7/
2022/3/5,"https://raw.githubusercontent.com/wangqi0821/uni-calendar-china/main/media/2022-03-05_08-56-46_1.jpg
https://raw.githubusercontent.com/wangqi0821/uni-calendar-china/main/media/2022-03-05_08-56-46_2.jpg
https://raw.githubusercontent.com/wangqi0821/uni-calendar-china/main/media/2022-03-05_08-56-46_3.jpg
https://raw.githubusercontent.com/wangqi0821/uni-calendar-china/main/media/2022-03-05_08-56-46_4.jpg
https://raw.githubusercontent.com/wangqi0821/uni-calendar-china/main/media/2022-03-05_08-56-46_5.jpg
https://raw.githubusercontent.com/wangqi0821/uni-calendar-china/main/media/2022-03-05_08-56-46_6.jpg
https://raw.githubusercontent.com/wangqi0821/uni-calendar-china/main/media/2022-03-05_08-56-46_7.jpg",【PR】 モダニティ株式会社様から、おしゃれな猫ハウスをプレゼントして頂きました！  MEYOU社製の『The CUBE』??? 3匹とも居心地良さそうです?  楽天にありますよ??  https://item.rakuten.co.jp/modernity/10000021/  YouTubeでもうにが楽しそうに遊んでます???  #PR #MEYOU #ミヌエット #猫好きさんと繋がりたい  #catstagram #thecube  #モダニティ株式会社,https://www.instagram.com/p/Cat1sv1lpuW/
2022/3/6,https://raw.githubusercontent.com/wangqi0821/uni-calendar-china/main/media/2022-03-06_06-21-05.mp4,ドアを開けた瞬間「可愛い！」と言ってしまったやつ。:3  #ミヌエット #ミヌエット短毛 #funnycat  #猫好きさんと繋がりたい  #catstagram 　#にゃんすたぐらむ,https://www.instagram.com/p/Caw3y9plDKj/
2022/3/6,https://raw.githubusercontent.com/wangqi0821/uni-calendar-china/main/media/2022-03-06_13-12-49.jpg,もうすぐうにの誕生日。:3  #ミヌエット #ミヌエット短毛 #funnycat  #猫好きさんと繋がりたい  #catstagram 　#にゃんすたぐらむ,https://www.instagram.com/p/CawIhcgl9Ox/
2022/3/7,"https://raw.githubusercontent.com/wangqi0821/uni-calendar-china/main/media/2022-03-07_09-36-06_1.jpg
https://raw.githubusercontent.com/wangqi0821/uni-calendar-china/main/media/2022-03-07_09-36-06_2.jpg
https://raw.githubusercontent.com/wangqi0821/uni-calendar-china/main/media/2022-03-07_09-36-06_3.jpg",なかなかキャッチできないうに。:3  #ミヌエット #ミヌエット短毛 #funnycat  #猫好きさんと繋がりたい  #catstagram 　#にゃんすたぐらむ,https://www.instagram.com/p/CazDyhDF3JN/
2022/3/8,https://raw.githubusercontent.com/wangqi0821/uni-calendar-china/main/media/2022-03-08_11-15-08.jpg,佐川の袋でかくれんぼ。:3  #ミヌエット #ミヌエット短毛 #funnycat  #猫好きさんと繋がりたい  #catstagram 　#にゃんすたぐらむ,https://www.instagram.com/p/Ca1z6zfl5C2/
2022/3/8,https://raw.githubusercontent.com/wangqi0821/uni-calendar-china/main/media/2022-03-08_12-59-17.jpg,多分うには、自分のことを最強の猫だと思ってる?? 自己肯定感高そう！:3  　 #ミヌエット #ミヌエット短毛 #funnycat  #猫好きさんと繋がりたい  #catstagram 　#にゃんすたぐらむ,https://www.instagram.com/p/Ca1_1ixlMXP/
2022/3/9,https://raw.githubusercontent.com/wangqi0821/uni-calendar-china/main/media/2022-03-09_10-36-49.jpg,猫グッズで占領されているリビング??  　  #ミヌエット #ミヌエット短毛 #funnycat  #猫好きさんと繋がりたい  #catstagram 　#にゃんすたぐらむ,https://www.instagram.com/p/Ca4UVAVFLJA/
2022/3/9,https://raw.githubusercontent.com/wangqi0821/uni-calendar-china/main/media/2022-03-09_12-59-58.jpg,うにをiPhoneで撮る。 黒つぶれしていないうには新鮮かも？  柔らかい光でもふもふ???  #ミヌエット #ミヌエット短毛 #funnycat  #猫好きさんと繋がりたい  #catstagram 　#にゃんすたぐらむ #スマホ写真 #スマホ撮影 #スマホ写真部,https://www.instagram.com/p/Ca4ktgyF38z/
2022/3/10,"https://raw.githubusercontent.com/wangqi0821/uni-calendar-china/main/media/2022-03-10_11-28-35_1.jpg
https://raw.githubusercontent.com/wangqi0821/uni-calendar-china/main/media/2022-03-10_11-28-35_2.jpg
https://raw.githubusercontent.com/wangqi0821/uni-calendar-china/main/media/2022-03-10_11-28-35_3.jpg
https://raw.githubusercontent.com/wangqi0821/uni-calendar-china/main/media/2022-03-10_11-28-35_4.jpg",この箱が一番のお気に入り。。:3  #ミヌエット #ミヌエット短毛 #funnycat  #猫好きさんと繋がりたい  #catstagram 　#にゃんすたぐらむ,https://www.instagram.com/p/Ca6_DAvlDXs/
2022/3/10,"https://raw.githubusercontent.com/wangqi0821/uni-calendar-china/main/media/2022-03-10_13-14-18_1.jpg
https://raw.githubusercontent.com/wangqi0821/uni-calendar-china/main/media/2022-03-10_13-14-18_2.jpg",トンネルの中でおめめまんまる。:3  　 #ミヌエット #ミヌエット短毛 #funnycat  #猫好きさんと繋がりたい  #catstagram 　#にゃんすたぐらむ,https://www.instagram.com/p/Ca7LJQ1lNQ3/
2022/3/11,https://raw.githubusercontent.com/wangqi0821/uni-calendar-china/main/media/2022-03-11_09-57-42.mp4,子猫時代、もっと写真撮っとけばよかったなあ…  #ミヌエット #ミヌエット短毛 #funnycat  #猫好きさんと繋がりたい  #catstagram 　#にゃんすたぐらむ #猫写真　#猫のいる暮らし　#catphoto,https://www.instagram.com/p/Ca9ZbBOgHqK/
2022/3/12,https://raw.githubusercontent.com/wangqi0821/uni-calendar-china/main/media/2022-03-12_04-30-18.jpg,ちゅーる大好き！:3  #ミヌエット #ミヌエット短毛 #funnycat  #猫好きさんと繋がりたい  #catstagram 　#にゃんすたぐらむ #猫写真　#猫のいる暮らし　#catphoto,https://www.instagram.com/p/CbAHJsfvanA/
2022/3/12,"https://raw.githubusercontent.com/wangqi0821/uni-calendar-china/main/media/2022-03-12_11-15-36_1.jpg
https://raw.githubusercontent.com/wangqi0821/uni-calendar-china/main/media/2022-03-12_11-15-36_2.jpg
https://raw.githubusercontent.com/wangqi0821/uni-calendar-china/main/media/2022-03-12_11-15-36_3.jpg
https://raw.githubusercontent.com/wangqi0821/uni-calendar-china/main/media/2022-03-12_11-15-36_4.jpg",うにのお気に入りの場所の一つ。:3  #ミヌエット #ミヌエット短毛 #funnycat  #猫好きさんと繋がりたい  #catstagram 　#にゃんすたぐらむ #猫写真　#猫のいる暮らし　#catphoto,https://www.instagram.com/p/Ca_YxJwvGJ-/
2022/3/13,https://raw.githubusercontent.com/wangqi0821/uni-calendar-china/main/media/2022-03-13_07-15-07.jpg,イカ耳で、ちょっと困り顔が可愛い。:3  #ミヌエット #ミヌエット短毛 #funnycat  #猫好きさんと繋がりたい  #catstagram 　#にゃんすたぐらむ #猫写真　#猫のいる暮らし　#catphoto,https://www.instagram.com/p/CbCQbQMvMzs/
2022/3/14,https://raw.githubusercontent.com/wangqi0821/uni-calendar-china/main/media/2022-03-14_09-37-08.jpg,顔といい、待ち方といい、全てが可愛い。:3 　  #ミヌエット #ミヌエット短毛 #funnycat  #猫好きさんと繋がりたい  #catstagram 　#にゃんすたぐらむ #猫写真　#猫のいる暮らし　#catphoto,https://www.instagram.com/p/CbFTH9kPHJx/
2022/3/14,https://raw.githubusercontent.com/wangqi0821/uni-calendar-china/main/media/2022-03-14_11-36-26.jpg,ピント甘いけど可愛い。:3  　 #ミヌエット #ミヌエット短毛 #funnycat  #猫好きさんと繋がりたい  #catstagram 　#にゃんすたぐらむ #猫写真　#猫のいる暮らし　#catphoto,https://www.instagram.com/p/CbFFeNnPMYY/
2022/3/15,https://raw.githubusercontent.com/wangqi0821/uni-calendar-china/main/media/2022-03-15_10-35-53.jpg,何を見てるのかな？:3  　  #ミヌエット #ミヌエット短毛 #funnycat  #猫好きさんと繋がりたい  #catstagram 　#にゃんすたぐらむ #猫写真　#猫のいる暮らし　#catphoto,https://www.instagram.com/p/CbHw_XuvqXu/
2022/3/16,https://raw.githubusercontent.com/wangqi0821/uni-calendar-china/main/media/2022-03-16_10-27-45.jpg,キラキラおめめとおててが可愛い。:3  #ミヌエット #ミヌエット短毛 #funnycat  #猫好きさんと繋がりたい  #catstagram 　#にゃんすたぐらむ #猫写真　#猫のいる暮らし　#catphoto #集まれ一眼レフ好き  #PENTAXキャンペーン2022,https://www.instagram.com/p/CbKU2tZPIlY/
2022/3/17,https://raw.githubusercontent.com/wangqi0821/uni-calendar-china/main/media/2022-03-17_11-38-18.jpg,うにはオレンジ色がよく似合う??  #ミヌエット #ミヌエット短毛　#funnycat #猫好きさんと繋がりたい　#catstagram #にゃんすたぐらむ　#猫写真 #猫のいる暮らし　#catphoto #集まれ一眼レフ好き　 #PENTAXキャンペーン2022,https://www.instagram.com/p/CbNBuTlv3cm/
2022/3/18,"https://raw.githubusercontent.com/wangqi0821/uni-calendar-china/main/media/2022-03-18_07-24-25_1.jpg
https://raw.githubusercontent.com/wangqi0821/uni-calendar-china/main/media/2022-03-18_07-24-25_2.jpg
https://raw.githubusercontent.com/wangqi0821/uni-calendar-china/main/media/2022-03-18_07-24-25_3.jpg
https://raw.githubusercontent.com/wangqi0821/uni-calendar-china/main/media/2022-03-18_07-24-25_4.jpg
https://raw.githubusercontent.com/wangqi0821/uni-calendar-china/main/media/2022-03-18_07-24-25_5.jpg
https://raw.githubusercontent.com/wangqi0821/uni-calendar-china/main/media/2022-03-18_07-24-25_6.jpg
https://raw.githubusercontent.com/wangqi0821/uni-calendar-china/main/media/2022-03-18_07-24-25_7.jpg",まんまるおめめで飼い主を出待ち。:3  #ミヌエット #ミヌエット短毛　#funnycat #猫好きさんと繋がりたい　#catstagram #にゃんすたぐらむ　#猫写真 #猫のいる暮らし　#集まれ一眼レフ好き　#PENTAXキャンペーン2022,https://www.instagram.com/p/CbPtoJGP0ro/
2022/3/18,"https://raw.githubusercontent.com/wangqi0821/uni-calendar-china/main/media/2022-03-18_12-40-25_1.jpg
https://raw.githubusercontent.com/wangqi0821/uni-calendar-china/main/media/2022-03-18_12-40-25_2.jpg",【PR】 ITS-LAB様（@clapha_by_itslab）の爪とぎのご紹介です。  形とカラーを選べて、名入れも無料?? 国産ダンボール使用で、全て人の手で貼り付けてるそうです??  しっかりとした作りで、研ぎカスも殆ど出ません。 本当に丈夫で、長持ちしそう??  うにもお気に入りです?? ちょこんとしてるのがまた可愛い?? （ドヤ顔も??）  こちらの看板猫、プンちゃんがうにと同じ誕生日（3/27）っていうのがなんだか嬉しかったです????  https://its-lab.stores.jp  https://www.rakuten.co.jp/iwakurainsatsu/  （claphaで検索して下さいね?）  #clapha #PR #完全受注生産 #カスタムオーダー爪とぎ #国産ダンボール,https://www.instagram.com/p/CbPJdv5vCj6/
2022/3/19,"https://raw.githubusercontent.com/wangqi0821/uni-calendar-china/main/media/2022-03-19_07-20-41_1.jpg
https://raw.githubusercontent.com/wangqi0821/uni-calendar-china/main/media/2022-03-19_07-20-41_2.jpg",うに好みの箱を見つけるのはなかなか難しい??  #ミヌエット #ミヌエット短毛　#funnycat #猫好きさんと繋がりたい　#catstagram #にゃんすたぐらむ　#猫写真 #猫のいる暮らし　#集まれ一眼レフ好き,https://www.instagram.com/p/CbSJeqMPxfG/
2022/3/19,https://raw.githubusercontent.com/wangqi0821/uni-calendar-china/main/media/2022-03-19_11-22-16.jpg,丸まって、ぐっすり??  #ミヌエット #ミヌエット短毛　#funnycat #猫好きさんと繋がりたい　#catstagram #にゃんすたぐらむ　#猫写真 #猫のいる暮らし　#集まれ一眼レフ好き　 #pentaxキャンペーン2022,https://www.instagram.com/p/CbRt1MQPeOF/
2022/3/20,https://raw.githubusercontent.com/wangqi0821/uni-calendar-china/main/media/2022-03-20_09-47-42_1.jpg,エプロン（？）、嫌がるかと思ったら結構気に入ってるみたいです?? セリアにありました??  #ミヌエット #ミヌエット短毛　#funnycat #猫好きさんと繋がりたい　#catstagram #にゃんすたぐらむ　#猫写真 #猫のいる暮らし　#集まれ一眼レフ好き,https://www.instagram.com/p/CbUjcxKPxO1/
2022/3/21,https://raw.githubusercontent.com/wangqi0821/uni-calendar-china/main/media/2022-03-21_06-41-47.jpg,ご飯の時間になると目で訴えてくる??  #ミヌエット #ミヌエット短毛　#funnycat #猫好きさんと繋がりたい　#catstagram #にゃんすたぐらむ　#猫写真 #猫のいる暮らし　#集まれ一眼レフ好き　 #PENTAXキャンペーン2022,https://www.instagram.com/p/CbWy-GOvq9Y/
2022/3/21,https://raw.githubusercontent.com/wangqi0821/uni-calendar-china/main/media/2022-03-21_10-34-03.jpg,あざと可愛いうに。:3  #ミヌエット #ミヌエット短毛　#funnycat #猫好きさんと繋がりたい　#catstagram #にゃんすたぐらむ　#猫写真 #猫のいる暮らし　#集まれ一眼レフ好き　 #PENTAXキャンペーン2022,https://www.instagram.com/p/CbXNjQIvmkw/
2022/3/22,https://raw.githubusercontent.com/wangqi0821/uni-calendar-china/main/media/2022-03-22_11-41-46.jpg,おめめまんまる??  #ミヌエット #ミヌエット短毛　#funnycat #猫好きさんと繋がりたい　#catstagram #にゃんすたぐらむ　#猫写真 #猫のいる暮らし　#集まれ一眼レフ好き,https://www.instagram.com/p/CbZ6GClv-wK/
2022/3/23,"https://raw.githubusercontent.com/wangqi0821/uni-calendar-china/main/media/2022-03-23_09-40-26_1.jpg
https://raw.githubusercontent.com/wangqi0821/uni-calendar-china/main/media/2022-03-23_09-40-26_2.jpg
https://raw.githubusercontent.com/wangqi0821/uni-calendar-china/main/media/2022-03-23_09-40-26_3.jpg",写真集の色校チェックをしました。  うには色校が入ってた封筒がお気に入りのようで、すぐに入っていきました?? 子猫の時の写真もありますよ。 4/14（木）発売です！ 　 予約が始まってますので、どうぞよろしくお願いします???  Amazonで「うに　ミヌエット」と検索してくださいね。  ぼくは、うに。~ミヌエットの男の子~ https://www.amazon.co.jp/dp/4046811013/ref=cm_sw_r_cp_api_i_443KVVBWMJGRFJQ1QSH5  うに、自分の写真集、踏んでますよ??！！！  #ミヌエット #ミヌエット短毛　#funnycat #猫好きさんと繋がりたい　#catstagram #にゃんすたぐらむ　#猫写真 #猫のいる暮らし,https://www.instagram.com/p/CbcZrmovCZv/
2022/3/23,"https://raw.githubusercontent.com/wangqi0821/uni-calendar-china/main/media/2022-03-23_10-56-15_1.jpg
https://raw.githubusercontent.com/wangqi0821/uni-calendar-china/main/media/2022-03-23_10-56-15_2.jpg
https://raw.githubusercontent.com/wangqi0821/uni-calendar-china/main/media/2022-03-23_10-56-15_3.jpg
https://raw.githubusercontent.com/wangqi0821/uni-calendar-china/main/media/2022-03-23_10-56-15_4.jpg
https://raw.githubusercontent.com/wangqi0821/uni-calendar-china/main/media/2022-03-23_10-56-15_5.jpg
https://raw.githubusercontent.com/wangqi0821/uni-calendar-china/main/media/2022-03-23_10-56-15_6.jpg
https://raw.githubusercontent.com/wangqi0821/uni-calendar-china/main/media/2022-03-23_10-56-15_7.jpg",触りたくなるほっぺた。:3  #ミヌエット #ミヌエット短毛　#funnycat #猫好きさんと繋がりたい　#catstagram #にゃんすたぐらむ　#猫写真 #猫のいる暮らし　#集まれ一眼レフ好き　 #PENTAXキャンペーン2022,https://www.instagram.com/p/CbcRAQ3PLrD/
2022/3/24,"https://raw.githubusercontent.com/wangqi0821/uni-calendar-china/main/media/2022-03-24_10-52-03_1.jpg
https://raw.githubusercontent.com/wangqi0821/uni-calendar-china/main/media/2022-03-24_10-52-03_2.jpg",文字通り「:3」の顔。  #ミヌエット #ミヌエット短毛　#funnycat #猫好きさんと繋がりたい　#catstagram #にゃんすたぐらむ　#猫写真 #猫のいる暮らし　#集まれ一眼レフ好き　 #pentaxキャンペーン2022,https://www.instagram.com/p/CbfK3ONvqjC/
2022/3/24,https://raw.githubusercontent.com/wangqi0821/uni-calendar-china/main/media/2022-03-24_12-44-29.jpg,最近距離が縮まったうにとあおば????  なかなか2匹一緒に写真を撮ることは難しいけど、この日は撮れた！  #ミヌエット #ミヌエット短毛　#funnycat #猫好きさんと繋がりたい　#catstagram #にゃんすたぐらむ　#猫写真 #猫のいる暮らし　#集まれ一眼レフ好き　 #PENTAXキャンペーン2022,https://www.instagram.com/p/Cbe9_plvOsH/
2022/3/25,"https://raw.githubusercontent.com/wangqi0821/uni-calendar-china/main/media/2022-03-25_10-05-06_1.jpg
https://raw.githubusercontent.com/wangqi0821/uni-calendar-china/main/media/2022-03-25_10-05-06_2.jpg
https://raw.githubusercontent.com/wangqi0821/uni-calendar-china/main/media/2022-03-25_10-05-06_3.jpg",今発売中の「ネコDK vol.7」にうにが載っております！  それもグランプリ…！ 本当に嬉しいです?? うににはご褒美のちゅーるをあげないとですね???  ネコDKはネコ用品の良いところも悪いところもぶっちゃけてくれるので、読んでて本当に面白いです?? 可愛い猫ちゃんもいっぱい！ おすすめの一冊です???　  https://amzn.to/3wysIin  #ネコDK #ミヌエット #ミヌエット短毛　#funnycat #猫好きさんと繋がりたい　#catstagram #にゃんすたぐらむ　#猫写真 #猫のいる暮らし,https://www.instagram.com/p/Cbhdas5PxUl/
2022/3/26,https://raw.githubusercontent.com/wangqi0821/uni-calendar-china/main/media/2022-03-26_09-30-16.jpg,"一生懸命鳴いて、ご飯のアピール??  Give me a snack, please!  #ミヌエット #ミヌエット短毛　#funnycat #猫好きさんと繋がりたい　#catstagram #にゃんすたぐらむ　#猫写真 #猫のいる暮らし",https://www.instagram.com/p/CbkM4tYg33D/
2022/3/26,https://raw.githubusercontent.com/wangqi0821/uni-calendar-china/main/media/2022-03-26_11-43-09.mp4,お外を見るのが好きなうに。:3  「ネコDK」のお祝いコメント本当にありがとうございます????? 嬉しい気持ちで読ませて頂きました???  #ミヌエット #ミヌエット短毛　#funnycat #猫好きさんと繋がりたい　#catstagram #にゃんすたぐらむ　#猫写真 #猫のいる暮らし,https://www.instagram.com/p/Cbj-OfTP5BV/
2022/3/27,"https://raw.githubusercontent.com/wangqi0821/uni-calendar-china/main/media/2022-03-27_04-29-21_1.jpg
https://raw.githubusercontent.com/wangqi0821/uni-calendar-china/main/media/2022-03-27_04-29-21_10.jpg
https://raw.githubusercontent.com/wangqi0821/uni-calendar-china/main/media/2022-03-27_04-29-21_2.jpg
https://raw.githubusercontent.com/wangqi0821/uni-calendar-china/main/media/2022-03-27_04-29-21_3.jpg
https://raw.githubusercontent.com/wangqi0821/uni-calendar-china/main/media/2022-03-27_04-29-21_4.jpg
https://raw.githubusercontent.com/wangqi0821/uni-calendar-china/main/media/2022-03-27_04-29-21_5.jpg
https://raw.githubusercontent.com/wangqi0821/uni-calendar-china/main/media/2022-03-27_04-29-21_6.jpg
https://raw.githubusercontent.com/wangqi0821/uni-calendar-china/main/media/2022-03-27_04-29-21_7.jpg
https://raw.githubusercontent.com/wangqi0821/uni-calendar-china/main/media/2022-03-27_04-29-21_8.jpg
https://raw.githubusercontent.com/wangqi0821/uni-calendar-china/main/media/2022-03-27_04-29-21_9.jpg",今日はうにの誕生日です?????? 無事に2歳を迎えることができました??  いつも暖かく見守って下さって、本当にありがとうございます???  Today is Uni's birthday! He turned 2 today???  Thanks for always looking out for Uni???  #ミヌエット #ミヌエット短毛　#funnycat #猫好きさんと繋がりたい　#catstagram #にゃんすたぐらむ　#猫写真 #tuxedocat #猫のいる暮らし　#集まれ一眼レフ好き　 #PENTAXキャンペーン2022,https://www.instagram.com/p/CbmAlYTv2UV/
2022/3/28,https://raw.githubusercontent.com/wangqi0821/uni-calendar-china/main/media/2022-03-28_12-36-04.mp4,子猫時代のうに。:3  誕生日のお祝いコメント、ありがとうございました??? 何回も読ませて頂きました！  Thank you so much for celebrating Uni's birthday!!  #ミヌエット #ミヌエット短毛　#funnycat #猫好きさんと繋がりたい　#catstagram #にゃんすたぐらむ　#猫写真 #tuxedocat #猫のいる暮らし　#集まれ一眼レフ好き,https://www.instagram.com/p/Cbpc1ztAlx8/
2022/3/29,https://raw.githubusercontent.com/wangqi0821/uni-calendar-china/main/media/2022-03-29_10-58-23.jpg,窓の外に鳥が！:3  #ミヌエット #ミヌエット短毛　#funnycat #猫好きさんと繋がりたい　#catstagram #にゃんすたぐらむ　#猫写真 #tuxedocat #猫のいる暮らし　#集まれ一眼レフ好き　 #PENTAXキャンペーン2022,https://www.instagram.com/p/CbsFigJPY9f/
2022/3/29,"https://raw.githubusercontent.com/wangqi0821/uni-calendar-china/main/media/2022-03-29_13-08-06_1.jpg
https://raw.githubusercontent.com/wangqi0821/uni-calendar-china/main/media/2022-03-29_13-08-06_2.jpg",おめめキラキラでご飯待ち。:3  #ミヌエット #ミヌエット短毛　#funnycat #猫好きさんと繋がりたい　#catstagram #にゃんすたぐらむ　#猫写真 #tuxedocat #猫のいる暮らし　#集まれ一眼レフ好き,https://www.instagram.com/p/Cbr2sg0vLtZ/
2022/3/30,"https://raw.githubusercontent.com/wangqi0821/uni-calendar-china/main/media/2022-03-30_03-08-54_1.jpg
https://raw.githubusercontent.com/wangqi0821/uni-calendar-china/main/media/2022-03-30_03-08-54_2.jpg",むくっ。:3  #ミヌエット #ミヌエット短毛　#funnycat #猫好きさんと繋がりたい　#catstagram #にゃんすたぐらむ　#猫写真 #tuxedocat #猫のいる暮らし　#集まれ一眼レフ好き　 #pentaxキャンペーン2022,https://www.instagram.com/p/CbtlwxoPz6X/
2022/3/30,https://raw.githubusercontent.com/wangqi0821/uni-calendar-china/main/media/2022-03-30_10-21-20.jpg,ダブルうに。:3  このクッションを見ると、うにがいるといつも勘違いしちゃいます??  #ミヌエット #ミヌエット短毛　#funnycat #猫好きさんと繋がりたい　#catstagram #にゃんすたぐらむ　#猫写真 #tuxedocat #猫のいる暮らし　#集まれ一眼レフ好き,https://www.instagram.com/p/CbuXP_UPoQ1/
2022/3/31,https://raw.githubusercontent.com/wangqi0821/uni-calendar-china/main/media/2022-03-31_06-33-50.jpg,振り向きながら鳴くんですよ… 可愛いというか尊い?????  Uni's cute voice!:3  #ミヌエット #ミヌエット短毛　#funnycat #猫好きさんと繋がりたい　#catstagram #にゃんすたぐらむ　#猫写真 #tuxedocat #猫のいる暮らし,https://www.instagram.com/p/CbxMY57A1KH/
2022/3/31,"https://raw.githubusercontent.com/wangqi0821/uni-calendar-china/main/media/2022-03-31_11-31-21_1.jpg
https://raw.githubusercontent.com/wangqi0821/uni-calendar-china/main/media/2022-03-31_11-31-21_2.jpg",うにの、ちょっととぼけたような顔も好きです。:3  #ミヌエット #ミヌエット短毛　#funnycat #猫好きさんと繋がりたい　#catstagram #にゃんすたぐらむ　#猫写真 #tuxedocat #猫のいる暮らし　#集まれ一眼レフ好き　 #PENTAXキャンペーン2022,https://www.instagram.com/p/CbxEDtmPFC5/
2022/3/31,https://raw.githubusercontent.com/wangqi0821/uni-calendar-china/main/media/2022-03-31_12-46-29.mp4,「この箱壊れてますよ。早く直して下さい。」:3  割と大きめの箱を気に入ってしまいました… 片付けたいのに片付けられない??  #ミヌエット #ミヌエット短毛　#funnycat #猫好きさんと繋がりたい　#catstagram #にゃんすたぐらむ　#猫写真 #tuxedocat #猫のいる暮らし　#集まれ一眼レフ好き,https://www.instagram.com/p/CbwiAi9PwF8/
2022/4/1,"https://raw.githubusercontent.com/wangqi0821/uni-calendar-china/main/media/2022-04-01_08-26-46_1.jpg
https://raw.githubusercontent.com/wangqi0821/uni-calendar-china/main/media/2022-04-01_08-26-46_2.jpg
https://raw.githubusercontent.com/wangqi0821/uni-calendar-china/main/media/2022-04-01_08-26-46_3.jpg
https://raw.githubusercontent.com/wangqi0821/uni-calendar-china/main/media/2022-04-01_08-26-46_4.jpg
https://raw.githubusercontent.com/wangqi0821/uni-calendar-china/main/media/2022-04-01_08-26-46_5.jpg
https://raw.githubusercontent.com/wangqi0821/uni-calendar-china/main/media/2022-04-01_08-26-46_6.jpg
https://raw.githubusercontent.com/wangqi0821/uni-calendar-china/main/media/2022-04-01_08-26-46_7.jpg
https://raw.githubusercontent.com/wangqi0821/uni-calendar-china/main/media/2022-04-01_08-26-46_8.jpg
https://raw.githubusercontent.com/wangqi0821/uni-calendar-china/main/media/2022-04-01_08-26-46_9.jpg",写真集の中身をちょこっとご紹介???  こんな感じで可愛く仕上がっております??  うにの可愛い写真がいっぱい！ コラムもあって、読むのが楽しい一冊です?? 4/14（木）発売で、ご予約受付中です??  Amazonで「うに　写真集」と検索するか、ストーリーズのハイライトにもリンク置いときますね???  あともう少しだ??????  #ミヌエット #ミヌエット短毛　#funnycat #猫好きさんと繋がりたい　#catstagram #にゃんすたぐらむ　#猫写真 #tuxedocat #猫のいる暮らし　#集まれ一眼レフ好き,https://www.instagram.com/p/CbzTujPhYMb/
2022/4/2,https://raw.githubusercontent.com/wangqi0821/uni-calendar-china/main/media/2022-04-02_07-48-16.mp4,ぴょこっ！:3  #ミヌエット #ミヌエット短毛　#funnycat #猫好きさんと繋がりたい　#catstagram #にゃんすたぐらむ　#猫写真 #tuxedocat #猫のいる暮らし　#集まれ一眼レフ好き　 #PENTAXキャンペーン2022 #にゃんだふるフォトコン,https://www.instagram.com/p/Cb2ER-Avc1Y/
2022/4/2,"https://raw.githubusercontent.com/wangqi0821/uni-calendar-china/main/media/2022-04-02_10-09-30_1.jpg
https://raw.githubusercontent.com/wangqi0821/uni-calendar-china/main/media/2022-04-02_10-09-30_2.jpg",うにが鳴きながら寄ってくるだけの動画????  #ミヌエット #ミヌエット短毛　#funnycat #猫好きさんと繋がりたい　#catstagram #にゃんすたぐらむ　#猫写真 #tuxedocat #猫のいる暮らし,https://www.instagram.com/p/Cb1z2cQA4jZ/
2022/4/3,https://raw.githubusercontent.com/wangqi0821/uni-calendar-china/main/media/2022-04-03_09-01-16.jpg,うには撮り方次第では、ちょっと（？）ふっくらして見える??  #ミヌエット #ミヌエット短毛　#funnycat #猫好きさんと繋がりたい　#catstagram #にゃんすたぐらむ　#猫写真 #tuxedocat #にゃんだふるフォトコン,https://www.instagram.com/p/Cb46MQcvCHM/
2022/4/3,https://raw.githubusercontent.com/wangqi0821/uni-calendar-china/main/media/2022-04-03_12-39-04.jpg,あごの下におてて?！ ただそれだけなのに可愛い??  #ミヌエット #ミヌエット短毛　#funnycat #猫好きさんと繋がりたい　#catstagram #にゃんすたぐらむ　#猫写真 #tuxedocat #にゃんだふるフォトコン #一眼レフのある生活,https://www.instagram.com/p/Cb4hRGvP2yT/
2022/4/4,https://raw.githubusercontent.com/wangqi0821/uni-calendar-china/main/media/2022-04-04_08-41-14.jpg,きれいなおめめ???  #ミヌエット #ミヌエット短毛　#funnycat #猫好きさんと繋がりたい　#catstagram #にゃんすたぐらむ　#猫写真 #tuxedocat #にゃんだふるフォトコン　#一眼レフのある生活,https://www.instagram.com/p/Cb7DxOaPzSq/
2022/4/5,https://raw.githubusercontent.com/wangqi0821/uni-calendar-china/main/media/2022-04-05_11-05-05.mp4,ポケモンみたいな、うにのお返事。:3  like a pokemon!  #ミヌエット #ミヌエット短毛　#funnycat #猫好きさんと繋がりたい　#catstagram #にゃんすたぐらむ　#猫写真 #tuxedocat,https://www.instagram.com/p/Cb9425Vgneh/
2022/4/5,https://raw.githubusercontent.com/wangqi0821/uni-calendar-china/main/media/2022-04-05_11-05-05.mp4,うにが見下ろしてくる幸せ。:3  #ミヌエット #ミヌエット短毛　#funnycat #猫好きさんと繋がりたい　#catstagram #にゃんすたぐらむ　#猫写真 #tuxedocat #にゃんだふるフォトコン,https://www.instagram.com/p/Cb91yl-vTJK/
2022/4/6,https://raw.githubusercontent.com/wangqi0821/uni-calendar-china/main/media/2022-04-06_11-29-33.mp4,写真集の紹介動画を作ってもらいました！  出だしがイラストなんですけど、もうめちゃめちゃ可愛いんです????  いよいよ来週4/14(木)発売です??? ストーリーズのハイライトに予約のリンク置いてます??  「写真集予約したよ?！」のご報告、本当にありがとうございます?????  #ミヌエット #ミヌエット短毛　#funnycat #猫好きさんと繋がりたい　#catstagram #にゃんすたぐらむ　#猫　#tuxedocat,https://www.instagram.com/p/CcAqwpugmQy/
2022/4/6,https://raw.githubusercontent.com/wangqi0821/uni-calendar-china/main/media/2022-04-06_07-15-44_1.jpg,ご飯はまだかにゃ？:3  #ミヌエット #ミヌエット短毛　#funnycat #猫好きさんと繋がりたい　#catstagram #にゃんすたぐらむ　#猫写真 #tuxedocat #にゃんだふるフォトコン,https://www.instagram.com/p/CcADkq8PpMo/
2022/4/6,https://raw.githubusercontent.com/wangqi0821/uni-calendar-china/main/media/2022-04-06_11-29-33.mp4,うにのひとりごと。:3  #ミヌエット #ミヌエット短毛　#funnycat #猫好きさんと繋がりたい　#catstagram #にゃんすたぐらむ　#猫写真 #tuxedocat,https://www.instagram.com/p/CcAgiXDgHCG/
2022/4/7,"https://raw.githubusercontent.com/wangqi0821/uni-calendar-china/main/media/2022-04-07_10-58-21_1.jpg
https://raw.githubusercontent.com/wangqi0821/uni-calendar-china/main/media/2022-04-07_10-58-21_2.jpg",お待たせしました！ 『ぼくは、うに。～ミヌエットの男の子～』 電子書籍特典のお知らせです??  【電子書籍特典】書籍未収録撮りおろしカット3種 ～うにからのひとことメッセージつき～  撮りおろしも可愛い????  #ミヌエット #ミヌエット短毛　#funnycat #猫好きさんと繋がりたい　#catstagram #にゃんすたぐらむ　#tuxedocat,https://www.instagram.com/p/CcDOYFDPlZE/
2022/4/7,https://raw.githubusercontent.com/wangqi0821/uni-calendar-china/main/media/2022-04-07_12-47-51.jpg,子猫時代の鳴き声。:3  うには子猫の時から遊ぶのが大好きで、いっぱい遊んだ後でも「もっと！遊びたい！」とアピールする子でした。  その時の鳴き声です??  Uni's cute voice!（when he was little）  #ミヌエット #ミヌエット短毛　#funnycat #猫好きさんと繋がりたい　#catstagram #にゃんすたぐらむ　#猫写真 #tuxedocat,https://www.instagram.com/p/CcDQb0agCQo/
2022/4/7,https://raw.githubusercontent.com/wangqi0821/uni-calendar-china/main/media/2022-04-07_13-11-26.mp4,うににちょうどいい隙間。:3  #ミヌエット #ミヌエット短毛　#funnycat #猫好きさんと繋がりたい　#catstagram #にゃんすたぐらむ　#猫写真 #tuxedocat #にゃんだふるフォトコン,https://www.instagram.com/p/CcDB2JMv-4h/
2022/4/8,https://raw.githubusercontent.com/wangqi0821/uni-calendar-china/main/media/2022-04-08_03-10-31.jpg,ハイッ！:3  #ミヌエット #ミヌエット短毛　#funnycat #猫好きさんと繋がりたい　#catstagram #にゃんすたぐらむ　#猫写真 #tuxedocat #にゃんだふるフォトコン,https://www.instagram.com/p/CcFwldTPtsF/
2022/4/8,https://raw.githubusercontent.com/wangqi0821/uni-calendar-china/main/media/2022-04-08_12-25-15.jpg,おめめキラキラ??  #ミヌエット #ミヌエット短毛　#funnycat #猫好きさんと繋がりたい　#catstagram #にゃんすたぐらむ　#猫写真 #tuxedocat #にゃんだふるフォトコン　#一眼レフのある生活   #ミヌエット #ミヌエット短毛　#funnycat #猫好きさんと繋がりたい　#catstagram #にゃんすたぐらむ　#猫写真 #tuxedocat #にゃんだふるフォトコン,https://www.instagram.com/p/CcExGZjP4Xq/
2022/4/9,https://raw.githubusercontent.com/wangqi0821/uni-calendar-china/main/media/2022-04-09_09-03-02.jpg,ちゅーる大好き！:3  #ミヌエット #ミヌエット短毛　#funnycat #猫好きさんと繋がりたい　#catstagram #にゃんすたぐらむ　#猫写真 #tuxedocat #にゃんだふるフォトコン #ちゅーる,https://www.instagram.com/p/CcH-PR1PpuH/
2022/4/9,https://raw.githubusercontent.com/wangqi0821/uni-calendar-china/main/media/2022-04-09_13-19-22.jpg,「……キマった！」:3  #ミヌエット #ミヌエット短毛　#funnycat #猫好きさんと繋がりたい　#catstagram #にゃんすたぐらむ　#猫写真 #tuxedocat #にゃんだふるフォトコン,https://www.instagram.com/p/CcIbktFvBDo/
2022/4/10,https://raw.githubusercontent.com/wangqi0821/uni-calendar-china/main/media/2022-04-10_06-30-36.mp4,最近あおばに懐いてるような…  #ミヌエット #ミヌエット短毛　#funnycat #猫好きさんと繋がりたい　#catstagram #にゃんすたぐらむ　#猫写真 #tuxedocat #にゃんだふるフォトコン,https://www.instagram.com/p/CcKupFYPYsS/
2022/4/10,"https://raw.githubusercontent.com/wangqi0821/uni-calendar-china/main/media/2022-04-10_10-44-28_1.jpg
https://raw.githubusercontent.com/wangqi0821/uni-calendar-china/main/media/2022-04-10_10-44-28_2.jpg
https://raw.githubusercontent.com/wangqi0821/uni-calendar-china/main/media/2022-04-10_10-44-28_3.jpg",うには自分が高い所までジャンプできることに気づいて、色んな高い所に行くようになりました。  高い所にいる時は得意げ?? 下りる時はちょっと慎重です??  #ミヌエット #ミヌエット短毛　#funnycat #猫好きさんと繋がりたい　#catstagram #にゃんすたぐらむ　#tuxedocat,https://www.instagram.com/p/CcKQ-lxAuh-/
2022/4/11,"https://raw.githubusercontent.com/wangqi0821/uni-calendar-china/main/media/2022-04-11_10-28-27_1.jpg
https://raw.githubusercontent.com/wangqi0821/uni-calendar-china/main/media/2022-04-11_10-28-27_2.jpg
https://raw.githubusercontent.com/wangqi0821/uni-calendar-china/main/media/2022-04-11_10-28-27_3.jpg
https://raw.githubusercontent.com/wangqi0821/uni-calendar-china/main/media/2022-04-11_10-28-27_4.jpg",気持ち良すぎて、どんどんたれちゃった猫。:3 ほっぺた…??  #ミヌエット #ミヌエット短毛　#funnycat #猫好きさんと繋がりたい　#catstagram #にゃんすたぐらむ　#猫写真 #tuxedocat #にゃんだふるフォトコン #一眼レフのある生活,https://www.instagram.com/p/CcNRmk1PNUh/
2022/4/12,"https://raw.githubusercontent.com/wangqi0821/uni-calendar-china/main/media/2022-04-12_09-41-15_1.jpg
https://raw.githubusercontent.com/wangqi0821/uni-calendar-china/main/media/2022-04-12_09-41-15_2.jpg",猫じゃらしが楽しすぎた時の顔??  #ミヌエット #ミヌエット短毛　#funnycat #猫好きさんと繋がりたい　#catstagram #にゃんすたぐらむ　#猫写真 #tuxedocat #にゃんだふるフォトコン　#一眼レフのある生活,https://www.instagram.com/p/CcP-3D7vQdi/
2022/4/12,https://raw.githubusercontent.com/wangqi0821/uni-calendar-china/main/media/2022-04-12_11-42-24.jpg,猫じゃらしで遊んでたら、乗り出しすぎちゃった。:3  #ミヌエット #ミヌエット短毛　#funnycat #猫好きさんと繋がりたい　#catstagram #にゃんすたぐらむ　#猫写真 #tuxedocat #にゃんだふるフォトコン #一眼レフのある生活,https://www.instagram.com/p/CcPw_zrvQun/
2022/4/13,https://raw.githubusercontent.com/wangqi0821/uni-calendar-china/main/media/2022-04-13_10-41-38.mp4,ちょこんとおすわりするだけの動画。:3  #ミヌエット #ミヌエット短毛　#funnycat #猫好きさんと繋がりたい　#catstagram #にゃんすたぐらむ　#猫写真 #tuxedocat,https://www.instagram.com/p/CcScn5Ag3VD/
2022/4/14,https://raw.githubusercontent.com/wangqi0821/uni-calendar-china/main/media/2022-04-14_11-16-47.jpg,顔もまんまる、おめめもまんまる。:3  #ミヌエット #ミヌエット短毛　#funnycat #猫好きさんと繋がりたい　#catstagram #にゃんすたぐらむ　#猫写真 #tuxedocat #にゃんだふるフォトコン #一眼レフのある生活,https://www.instagram.com/p/CcVFhPovVDI/
2022/4/14,"https://raw.githubusercontent.com/wangqi0821/uni-calendar-china/main/media/2022-04-14_12-45-04_1.jpg
https://raw.githubusercontent.com/wangqi0821/uni-calendar-china/main/media/2022-04-14_12-45-04_2.jpg",にゅっ！:3  #ミヌエット #ミヌエット短毛　#funnycat #猫好きさんと繋がりたい　#catstagram #にゃんすたぐらむ　#猫写真 #tuxedocat #にゃんだふるフォトコン,https://www.instagram.com/p/CcVPnz8PI6e/
2022/4/15,https://raw.githubusercontent.com/wangqi0821/uni-calendar-china/main/media/2022-04-15_09-09-12.jpg,うにご自慢の毛並み。ツヤツヤです? （ホコリも目立ちます??）  ★写真集の嬉しいご報告ありがとうございます！本当に嬉しい… 飼い主、涙腺ゆるみっぱなしです??  #ミヌエット #ミヌエット短毛　#funnycat #猫好きさんと繋がりたい　#catstagram #にゃんすたぐらむ　#猫写真 #tuxedocat #にゃんだふるフォトコン #一眼レフのある生活,https://www.instagram.com/p/CcXbtqHPqQD/
2022/4/15,https://raw.githubusercontent.com/wangqi0821/uni-calendar-china/main/media/2022-04-15_10-33-59.mp4,目が合ったら近づいてきた！:3  #ミヌエット #ミヌエット短毛　#funnycat #猫好きさんと繋がりたい　#catstagram #にゃんすたぐらむ　#猫写真 #tuxedocat,https://www.instagram.com/p/CcXlRDtA68F/
2022/4/16,https://raw.githubusercontent.com/wangqi0821/uni-calendar-china/main/media/2022-04-16_08-56-45.jpg,猫じゃらしをパクッ！:3  「僕は強い！最強だにゃ！」  #ミヌエット #ミヌエット短毛　#funnycat #猫好きさんと繋がりたい　#catstagram #にゃんすたぐらむ　#猫写真 #tuxedocat #にゃんだふるフォトコン,https://www.instagram.com/p/CcZ_FYYv0PA/
2022/4/16,https://raw.githubusercontent.com/wangqi0821/uni-calendar-china/main/media/2022-04-16_13-11-53.jpg,リュックに入ってます。:3  #ミヌエット #ミヌエット短毛　#funnycat #猫好きさんと繋がりたい　#catstagram #にゃんすたぐらむ　#猫写真 #tuxedocat #にゃんだふるフォトコン #一眼レフのある生活,https://www.instagram.com/p/CcacSDVvUGs/
2022/4/17,https://raw.githubusercontent.com/wangqi0821/uni-calendar-china/main/media/2022-04-17_02-13-46.jpg,短いあんよで一生懸命遊んでます??  #ミヌエット #ミヌエット短毛　#funnycat #猫好きさんと繋がりたい　#catstagram #にゃんすたぐらむ　#猫写真 #tuxedocat,https://www.instagram.com/p/Cccwt_QAZgN/
2022/4/17,https://raw.githubusercontent.com/wangqi0821/uni-calendar-china/main/media/2022-04-17_10-50-14.mp4,猫じゃらし待ちが可愛いから見て…??  #ミヌエット #ミヌエット短毛　#funnycat #猫好きさんと繋がりたい　#catstagram #にゃんすたぐらむ　#猫写真 #tuxedocat #にゃんだふるフォトコン #一眼レフのある生活,https://www.instagram.com/p/CcdBgnSPTbQ/
2022/4/17,https://raw.githubusercontent.com/wangqi0821/uni-calendar-china/main/media/2022-04-17_13-15-40.jpg,ぼくは、うに。  #ミヌエット #ミヌエット短毛　#funnycat #猫好きさんと繋がりたい　#catstagram #にゃんすたぐらむ　#猫写真 #tuxedocat #にゃんだふるフォトコン #一眼レフのある生活,https://www.instagram.com/p/Ccb1wuNPK64/
2022/4/18,https://raw.githubusercontent.com/wangqi0821/uni-calendar-china/main/media/2022-04-18_10-10-58.jpg,今日本屋さんでうにの写真集を見かけました。  ちっちゃかったこの子がまさかこういう形にしてもらえるなんて… 色々思い出が巡って、本屋さんでグッときちゃいました??  #ミヌエット #ミヌエット短毛　#funnycat #猫好きさんと繋がりたい　#catstagram #にゃんすたぐらむ　#猫写真 #tuxedocat #にゃんだふるフォトコン #一眼レフのある生活,https://www.instagram.com/p/CcfcT36vk38/
2022/4/18,https://raw.githubusercontent.com/wangqi0821/uni-calendar-china/main/media/2022-04-18_11-48-21.jpg,赤ちゃんになったうに。:3  like a baby  #ZOZOCATミヌエット #ミヌエット短毛　#funnycat #猫好きさんと繋がりたい　#catstagram #にゃんすたぐらむ　#猫写真 #tuxedocat #にゃんだふるフォトコン #一眼レフのある生活,https://www.instagram.com/p/CcfRKpXP55r/
2022/4/19,https://raw.githubusercontent.com/wangqi0821/uni-calendar-china/main/media/2022-04-19_02-57-47.jpg,猫じゃらし待ちからの…  ハイッ！:3  #ミヌエット #ミヌエット短毛　#funnycat #猫好きさんと繋がりたい　#catstagram #にゃんすたぐらむ　#猫写真 #tuxedocat #にゃんだふるフォトコン #一眼レフのある生活,https://www.instagram.com/p/CchzpV2hJd0/
2022/4/19,"https://raw.githubusercontent.com/wangqi0821/uni-calendar-china/main/media/2022-04-19_09-50-44_1.jpg
https://raw.githubusercontent.com/wangqi0821/uni-calendar-china/main/media/2022-04-19_09-50-44_2.jpg",この顔結構好き??  #ミヌエット #ミヌエット短毛　#funnycat #猫好きさんと繋がりたい　#catstagram #にゃんすたぐらむ　#猫写真 #tuxedocat #にゃんだふるフォトコン #一眼レフのある生活,https://www.instagram.com/p/CchEYxEPbW2/
2022/4/20,https://raw.githubusercontent.com/wangqi0821/uni-calendar-china/main/media/2022-04-20_10-17-09.mp4,ご飯の準備に気づいた猫。:3 Uni's cute voice!  #ミヌエット #ミヌエット短毛　#funnycat #猫好きさんと繋がりたい　#catstagram #にゃんすたぐらむ　#猫写真 #tuxedocat,https://www.instagram.com/p/CckbXX8g8Mt/
2022/4/21,https://raw.githubusercontent.com/wangqi0821/uni-calendar-china/main/media/2022-04-21_03-52-20.jpg,ひょこっ！:3  #ミヌエット #ミヌエット短毛　#funnycat #猫好きさんと繋がりたい　#catstagram #にゃんすたぐらむ　#猫写真 #tuxedocat #にゃんだふるフォトコン #一眼レフのある生活 #catsofinstagram,https://www.instagram.com/p/CcnIBqSPqS7/
2022/4/21,https://raw.githubusercontent.com/wangqi0821/uni-calendar-china/main/media/2022-04-21_11-25-01.jpg,くるんっ！:3  #ミヌエット #ミヌエット短毛　#funnycat #猫好きさんと繋がりたい　#catstagram #にゃんすたぐらむ　#猫写真 #tuxedocat #にゃんだふるフォトコン #一眼レフのある生活,https://www.instagram.com/p/CcmUOJDvQks/
2022/4/22,https://raw.githubusercontent.com/wangqi0821/uni-calendar-china/main/media/2022-04-22_10-27-31.jpg,にゅっ！:3  #ミヌエット #ミヌエット短毛　#funnycat #猫好きさんと繋がりたい　#catstagram #にゃんすたぐらむ　#猫写真 #tuxedocat #にゃんだふるフォトコン,https://www.instagram.com/p/CcpmPcKPhyJ/
2022/4/22,"https://raw.githubusercontent.com/wangqi0821/uni-calendar-china/main/media/2022-04-22_11-13-14_1.jpg
https://raw.githubusercontent.com/wangqi0821/uni-calendar-china/main/media/2022-04-22_11-13-14_2.jpg",遊んでほしくて身を乗り出してきた猫。:3  #ミヌエット #ミヌエット短毛　#funnycat #猫好きさんと繋がりたい　#catstagram #にゃんすたぐらむ　#猫写真 #tuxedocat #にゃんだふるフォトコン #一眼レフのある生活,https://www.instagram.com/p/CcpreOGPu47/
2022/4/23,https://raw.githubusercontent.com/wangqi0821/uni-calendar-china/main/media/2022-04-23_05-51-45.mp4,Photo shoot??  ちょっとやってみたかった??  #ミヌエット#funnycat #猫好きさんと繋がりたい　#catstagram #にゃんすたぐらむ #猫写真 #tuxedocat #meowed #cutecat #bestmeow #instacats #9gagcute,https://www.instagram.com/p/CcrraH2AlSB/
2022/4/23,https://raw.githubusercontent.com/wangqi0821/uni-calendar-china/main/media/2022-04-23_11-32-34.jpg,ずっとこの箱がお気に入り??  #ミヌエット#funnycat #猫好きさんと繋がりたい　#catstagram #にゃんすたぐらむ #猫写真 #tuxedocat #meowed #cutecat #bestmeow #instacats #9gagcute #一眼レフのある生活  #にゃんだふるフォトコン,https://www.instagram.com/p/CcsSepVP7yo/
2022/4/24,https://raw.githubusercontent.com/wangqi0821/uni-calendar-china/main/media/2022-04-24_03-19-39.jpg,ヨッ！:3  #ミヌエット#funnycat #猫好きさんと繋がりたい　#catstagram #にゃんすたぐらむ #猫写真 #tuxedocat #meowed #cutecat #bestmeow #instacats #9gagcute #一眼レフのある生活  #にゃんだふるフォトコン,https://www.instagram.com/p/Ccux93_Pbo9/
2022/4/24,https://raw.githubusercontent.com/wangqi0821/uni-calendar-china/main/media/2022-04-24_10-46-11.jpg,どんだけこの箱好きなん… めっちゃ気持ちよさそうな顔で寝てる??  #ミヌエット#funnycat #猫好きさんと繋がりたい　#catstagram #にゃんすたぐらむ #猫写真 #tuxedocat #meowed #cutecat #bestmeow #instacats #9gagcute #一眼レフのある生活  #にゃんだふるフォトコン,https://www.instagram.com/p/Cct-3WJPJ4E/
2022/4/25,https://raw.githubusercontent.com/wangqi0821/uni-calendar-china/main/media/2022-04-25_08-37-35.jpg,マラカス持たせたい。:3 （ファイティングポーズに見えるとの声もあり????）  #ミヌエット#funnycat #猫好きさんと繋がりたい　#catstagram #にゃんすたぐらむ #猫写真 #tuxedocat #meowed #cutecat #bestmeow #instacats #9gagcute #一眼レフのある生活  #にゃんだふるフォトコン,https://www.instagram.com/p/CcxIC3rvfa7/
2022/4/26,https://raw.githubusercontent.com/wangqi0821/uni-calendar-china/main/media/2022-04-26_10-02-34.mp4,確かに…うには可愛い??  #ミヌエット#funnycat #猫好きさんと繋がりたい　#catstagram #にゃんすたぐらむ #猫写真 #tuxedocat #meowed #cutecat #bestmeow #instacats #9gagcute,https://www.instagram.com/p/Ccz2i7bAGci/
2022/4/27,https://raw.githubusercontent.com/wangqi0821/uni-calendar-china/main/media/2022-04-27_03-04-48.jpg,ソファに登ろうとしてるところをパシャリ??  #ミヌエット#funnycat #猫好きさんと繋がりたい　#catstagram #にゃんすたぐらむ #猫写真 #tuxedocat #meowed #cutecat #bestmeow #instacats #9gagcute #一眼レフのある生活  #にゃんだふるフォトコン,https://www.instagram.com/p/Cc2i2Ppvg7T/
2022/4/27,https://raw.githubusercontent.com/wangqi0821/uni-calendar-china/main/media/2022-04-27_11-08-00.jpg,ヨッ！:3  #ミヌエット#funnycat #猫好きさんと繋がりたい　#catstagram #にゃんすたぐらむ #猫写真 #tuxedocat #meowed #cutecat #bestmeow #instacats #9gagcute #一眼レフのある生活  #にゃんだふるフォトコン,https://www.instagram.com/p/Cc1rjJ6PXdF/
2022/4/28,https://raw.githubusercontent.com/wangqi0821/uni-calendar-china/main/media/2022-04-28_03-09-45.jpg,ぼくは、うに！  I'm Uni!:3  #ミヌエット#funnycat #猫好きさんと繋がりたい　#catstagram #にゃんすたぐらむ #猫写真 #tuxedocat #meowed #cutecat #bestmeow #instacats #9gagcute #一眼レフのある生活,https://www.instagram.com/p/Cc5BMBrv5cW/
2022/4/28,https://raw.githubusercontent.com/wangqi0821/uni-calendar-china/main/media/2022-04-28_10-11-36.jpg,キリッ！:3  #ミヌエット#funnycat #猫好きさんと繋がりたい　#catstagram #にゃんすたぐらむ #猫写真 #tuxedocat #meowed #cutecat #bestmeow #instacats #9gagcute #一眼レフのある生活,https://www.instagram.com/p/Cc4Q6R_PoYl/
2022/4/29,https://raw.githubusercontent.com/wangqi0821/uni-calendar-china/main/media/2022-04-29_09-49-43.jpg,箱の中でワクワク???  #ミヌエット#funnycat #猫好きさんと繋がりたい　#catstagram #にゃんすたぐらむ #猫写真 #tuxedocat #meowed #cutecat #bestmeow #instacats #9gagcute #一眼レフのある生活,https://www.instagram.com/p/Cc7jesNvMAU/
2022/4/30,https://raw.githubusercontent.com/wangqi0821/uni-calendar-china/main/media/2022-04-30_10-04-36.jpg,ご機嫌のお顔。:3  #ミヌエット#funnycat #猫好きさんと繋がりたい　#catstagram #にゃんすたぐらむ #猫写真 #tuxedocat #meowed #cutecat #bestmeow #instacats #9gagcute #一眼レフのある生活,https://www.instagram.com/p/Cc-J-gwPiWW/
2022/4/30,"https://raw.githubusercontent.com/wangqi0821/uni-calendar-china/main/media/2022-04-30_11-25-10_1.jpg
https://raw.githubusercontent.com/wangqi0821/uni-calendar-china/main/media/2022-04-30_11-25-10_2.jpg",洗面所にうに。 どかそうとしたら可愛く抵抗された。:3  #ミヌエット#funnycat #猫好きさんと繋がりたい　#catstagram #にゃんすたぐらむ #猫写真 #tuxedocat #meowed #cutecat #bestmeow #instacats #9gagcute #一眼レフのある生活,https://www.instagram.com/p/Cc-TMmEvfNf/
2022/5/1,https://raw.githubusercontent.com/wangqi0821/uni-calendar-china/main/media/2022-05-01_08-53-23.jpg,おやつタイム。:3  #ミヌエット#funnycat #猫好きさんと繋がりたい　#catstagram #にゃんすたぐらむ #猫写真 #tuxedocat #meowed #cutecat #bestmeow #instacats #9gagcute #一眼レフのある生活,https://www.instagram.com/p/CdAmny0P_Sn/
2022/5/1,https://raw.githubusercontent.com/wangqi0821/uni-calendar-china/main/media/2022-05-01_10-57-44.jpg,お気に入りの場所とお気に入りの箱?? 　　  #ミヌエット#funnycat #猫好きさんと繋がりたい　#catstagram #にゃんすたぐらむ #猫写真 #tuxedocat #meowed #cutecat #bestmeow #instacats #9gagcute #一眼レフのある生活,https://www.instagram.com/p/CdA02jNvfsN/
2022/5/2,https://raw.githubusercontent.com/wangqi0821/uni-calendar-china/main/media/2022-05-02_08-13-36.jpg,うにの可愛い鳴き声??  Uni's cute voice!:3  #ミヌエット#funnycat #猫好きさんと繋がりたい　#catstagram #にゃんすたぐらむ #猫写真 #tuxedocat #meowed #cutecat #bestmeow #instacats #9gagcute,https://www.instagram.com/p/CdDdNNkA0Ab/
2022/5/2,https://raw.githubusercontent.com/wangqi0821/uni-calendar-china/main/media/2022-05-02_11-30-25.mp4,綺麗な横顔?? まんまるおめめじゃなくても撮ってて楽しいです。:3  #ミヌエット#funnycat #猫好きさんと繋がりたい　#catstagram #にゃんすたぐらむ #猫写真 #tuxedocat #meowed #cutecat #bestmeow #instacats #9gagcute #一眼レフのある生活,https://www.instagram.com/p/CdDG3UHvmV-/
2022/5/3,https://raw.githubusercontent.com/wangqi0821/uni-calendar-china/main/media/2022-05-03_10-48-55.jpg,うにが立った！:3  #ミヌエット#funnycat #猫好きさんと繋がりたい　#catstagram #にゃんすたぐらむ #猫写真 #tuxedocat #meowed #cutecat #bestmeow #instacats #9gagcute #一眼レフのある生活,https://www.instagram.com/p/CdF9bsrvlx5/
2022/5/4,https://raw.githubusercontent.com/wangqi0821/uni-calendar-china/main/media/2022-05-04_10-54-00.jpg,もちもちしてそうなうに。:3 　  #ミヌエット#funnycat #猫好きさんと繋がりたい　#catstagram #にゃんすたぐらむ #猫写真 #tuxedocat #meowed #cutecat #bestmeow #instacats #9gagcute #一眼レフのある生活 #リラックス大人猫miawmiaw,https://www.instagram.com/p/CdIiz0tPbfF/
2022/5/5,"https://raw.githubusercontent.com/wangqi0821/uni-calendar-china/main/media/2022-05-05_08-16-03_1.jpg
https://raw.githubusercontent.com/wangqi0821/uni-calendar-china/main/media/2022-05-05_08-16-03_2.jpg",うに、ぽつーん…  うには時々寂しそうに見えます。 でも基本はクールなので、多分ご飯のこととかを考えてるんだと思います??  Uni looked a little lonely.   #ミヌエット#funnycat #猫好きさんと繋がりたい　#catstagram #にゃんすたぐらむ #猫写真 #tuxedocat #meowed #cutecat #bestmeow #instacats #9gagcute #一眼レフのある生活,https://www.instagram.com/p/CdK1h5zvqkR/
2022/5/6,https://raw.githubusercontent.com/wangqi0821/uni-calendar-china/main/media/2022-05-06_10-32-35.jpg,見上げたらうに。:3  #ミヌエット#funnycat #猫好きさんと繋がりたい　#catstagram #にゃんすたぐらむ #猫写真 #tuxedocat #meowed #cutecat #bestmeow #instacats #9gagcute #一眼レフのある生活,https://www.instagram.com/p/CdNp8zWvvLP/
2022/5/6,"https://raw.githubusercontent.com/wangqi0821/uni-calendar-china/main/media/2022-05-06_11-30-19_1.jpg
https://raw.githubusercontent.com/wangqi0821/uni-calendar-china/main/media/2022-05-06_11-30-19_2.jpg
https://raw.githubusercontent.com/wangqi0821/uni-calendar-china/main/media/2022-05-06_11-30-19_3.jpg",リラックスしすぎて、どんどん顔が変わっていくのが可愛い??  #ミヌエット#funnycat #猫好きさんと繋がりたい　#catstagram #にゃんすたぐらむ #猫写真 #tuxedocat #meowed #cutecat #bestmeow #instacats #9gagcute #一眼レフのある生活 #リラックス大人猫miawmiaw,https://www.instagram.com/p/CdNwjo3vpbK/
2022/5/7,https://raw.githubusercontent.com/wangqi0821/uni-calendar-china/main/media/2022-05-07_09-56-49.jpg,楽しい気持ちが顔に出てる??  #ミヌエット#funnycat #猫好きさんと繋がりたい　#catstagram #にゃんすたぐらむ #猫写真 #tuxedocat #meowed #cutecat #bestmeow #instacats #9gagcute #一眼レフのある生活,https://www.instagram.com/p/CdQKpoqvx_u/
2022/5/8,https://raw.githubusercontent.com/wangqi0821/uni-calendar-china/main/media/2022-05-08_09-57-35.jpg,この写真、結構お気に入りです?? ちょっと首を傾げてて可愛い！  購入して下さった方、 感想、コメント下さった方、本当にありがとうございます???  #ミヌエット#funnycat #猫好きさんと繋がりたい　#catstagram #にゃんすたぐらむ #猫写真 #tuxedocat #meowed #cutecat #bestmeow #instacats #9gagcute #一眼レフのある生活,https://www.instagram.com/p/CdSviHdv_XL/
2022/5/8,https://raw.githubusercontent.com/wangqi0821/uni-calendar-china/main/media/2022-05-08_12-36-32.mp4,ずっと聞いてられるうにの声。:3  Uni's cute voice!  #ミヌエット#funnycat #猫好きさんと繋がりたい　#catstagram #にゃんすたぐらむ #猫写真 #tuxedocat #meowed #cutecat #bestmeow #instacats #9gagcute,https://www.instagram.com/p/CdTBjSSA-rw/
2022/5/9,https://raw.githubusercontent.com/wangqi0821/uni-calendar-china/main/media/2022-05-09_12-36-20.jpg,こうして見ると結構大きい？  #ミヌエット#funnycat #猫好きさんと繋がりたい　#catstagram #にゃんすたぐらむ #猫写真 #tuxedocat #meowed #cutecat #bestmeow #instacats #9gagcute #一眼レフのある生活,https://www.instagram.com/p/CdVmfzTvajj/
2022/5/10,https://raw.githubusercontent.com/wangqi0821/uni-calendar-china/main/media/2022-05-10_11-23-01.jpg,キャラクターみたいなうにの顔…??  #ミヌエット#funnycat #猫好きさんと繋がりたい　#catstagram #にゃんすたぐらむ #猫写真 #tuxedocat #meowed #cutecat #bestmeow #instacats #9gagcute #一眼レフのある生活 #リラックス大人猫miawmiaw,https://www.instagram.com/p/CdYC5kxPu-A/
2022/5/11,https://raw.githubusercontent.com/wangqi0821/uni-calendar-china/main/media/2022-05-11_05-20-29.jpg,この新しいバッグはなかなかいいでしゅね！  #ミヌエット#funnycat #猫好きさんと繋がりたい　#catstagram #にゃんすたぐらむ #猫写真 #tuxedocat #meowed #cutecat #bestmeow #instacats #9gagcute #一眼レフのある生活,https://www.instagram.com/p/Cda3zkRv-wJ/
2022/5/11,https://raw.githubusercontent.com/wangqi0821/uni-calendar-china/main/media/2022-05-11_13-43-47.jpg,元気よく、ハイッ！:3  #ミヌエット#funnycat #猫好きさんと繋がりたい　#catstagram #にゃんすたぐらむ #猫写真 #tuxedocat #meowed #cutecat #bestmeow #instacats #9gagcute #一眼レフのある生活,https://www.instagram.com/p/CdZ-NMIvgSk/
2022/5/12,"https://raw.githubusercontent.com/wangqi0821/uni-calendar-china/main/media/2022-05-12_08-21-55_1.jpg
https://raw.githubusercontent.com/wangqi0821/uni-calendar-china/main/media/2022-05-12_08-21-55_2.jpg",ちょうどうにサイズ。:3  #ミヌエット#funnycat #猫好きさんと繋がりたい　#catstagram #にゃんすたぐらむ #猫写真 #tuxedocat #meowed #cutecat #bestmeow #instacats #9gagcute #一眼レフのある生活,https://www.instagram.com/p/Cdc3xASvbsA/
2022/5/13,"https://raw.githubusercontent.com/wangqi0821/uni-calendar-china/main/media/2022-05-13_10-45-53_1.jpg
https://raw.githubusercontent.com/wangqi0821/uni-calendar-china/main/media/2022-05-13_10-45-53_2.jpg",夜のご飯待ちがとっても可愛い??  #ミヌエット#funnycat #猫好きさんと繋がりたい　#catstagram #にゃんすたぐらむ #猫写真 #tuxedocat #meowed #cutecat #bestmeow #instacats #9gagcute #一眼レフのある生活,https://www.instagram.com/p/CdftCSvv6s4/
2022/5/14,https://raw.githubusercontent.com/wangqi0821/uni-calendar-china/main/media/2022-05-14_07-16-44.jpg,ちょこん！ 何を見てるのかな？:3  #ミヌエット#funnycat #猫好きさんと繋がりたい　#catstagram #にゃんすたぐらむ #猫写真 #tuxedocat #meowed #cutecat #bestmeow #instacats #9gagcute #一眼レフのある生活,https://www.instagram.com/p/Cdh55RVvafw/
2022/5/15,https://raw.githubusercontent.com/wangqi0821/uni-calendar-china/main/media/2022-05-15_09-44-15.jpg,このカラーは気持ちいいみたいで、結構お気に入りです??  「いい枕になるんでしゅ…??」  #ミヌエット#funnycat #猫好きさんと繋がりたい　#catstagram #にゃんすたぐらむ #猫写真 #tuxedocat #meowed #cutecat #bestmeow #instacats #9gagcute #一眼レフのある生活 #リラックス大人猫miawmiaw,https://www.instagram.com/p/CdlDX16vBDF/
2022/5/15,"https://raw.githubusercontent.com/wangqi0821/uni-calendar-china/main/media/2022-05-15_12-37-16_1.jpg
https://raw.githubusercontent.com/wangqi0821/uni-calendar-china/main/media/2022-05-15_12-37-16_2.jpg",猫パンチでしゅ！ 僕は最強なんでしゅ！ （多分世界で一番自分が強いと思ってる??）  #ミヌエット#funnycat #猫好きさんと繋がりたい　#catstagram #にゃんすたぐらむ #猫写真 #tuxedocat #meowed #cutecat #bestmeow #instacats #9gagcute #一眼レフのある生活,https://www.instagram.com/p/CdkvkqjP2UH/
2022/5/16,https://raw.githubusercontent.com/wangqi0821/uni-calendar-china/main/media/2022-05-16_03-27-35.jpg,イカ耳でナイスキャッチ！ おてても可愛い??  #ミヌエット#funnycat #猫好きさんと繋がりたい　#catstagram #にゃんすたぐらむ #猫写真 #tuxedocat #meowed #cutecat #bestmeow #instacats #9gagcute #一眼レフのある生活,https://www.instagram.com/p/CdnqtsFPzWu/
2022/5/16,"https://raw.githubusercontent.com/wangqi0821/uni-calendar-china/main/media/2022-05-16_12-59-31_1.jpg
https://raw.githubusercontent.com/wangqi0821/uni-calendar-china/main/media/2022-05-16_12-59-31_2.jpg",うにです！ I'm Uni!  #ミヌエット#funnycat #猫好きさんと繋がりたい　#catstagram #にゃんすたぐらむ #猫写真 #tuxedocat #meowed #cutecat #bestmeow #instacats #9gagcute #一眼レフのある生活,https://www.instagram.com/p/CdmpQvuvKvu/
2022/5/17,https://raw.githubusercontent.com/wangqi0821/uni-calendar-china/main/media/2022-05-17_11-38-49.jpg,短い手足で一生懸命！:3  #ミヌエット#funnycat #猫好きさんと繋がりたい　#catstagram #にゃんすたぐらむ #猫写真 #tuxedocat #meowed #cutecat #bestmeow #instacats #9gagcute #一眼レフのある生活,https://www.instagram.com/p/CdqGRbXPNFO/
2022/5/18,"https://raw.githubusercontent.com/wangqi0821/uni-calendar-china/main/media/2022-05-18_10-44-58_1.jpg
https://raw.githubusercontent.com/wangqi0821/uni-calendar-china/main/media/2022-05-18_10-44-58_2.jpg
https://raw.githubusercontent.com/wangqi0821/uni-calendar-china/main/media/2022-05-18_10-44-58_3.jpg",何を見つけたのかな？:3  #ミヌエット#funnycat #猫好きさんと繋がりたい　#catstagram #にゃんすたぐらむ #猫写真 #tuxedocat #meowed #cutecat #bestmeow #instacats #9gagcute #一眼レフのある生活,https://www.instagram.com/p/Cdsk5_yvQv9/
2022/5/19,"https://raw.githubusercontent.com/wangqi0821/uni-calendar-china/main/media/2022-05-19_10-28-19_1.jpg
https://raw.githubusercontent.com/wangqi0821/uni-calendar-china/main/media/2022-05-19_10-28-19_1.mp4
https://raw.githubusercontent.com/wangqi0821/uni-calendar-china/main/media/2022-05-19_10-28-19_2.jpg
https://raw.githubusercontent.com/wangqi0821/uni-calendar-china/main/media/2022-05-19_10-28-19_3.jpg
https://raw.githubusercontent.com/wangqi0821/uni-calendar-china/main/media/2022-05-19_10-28-19_4.jpg
https://raw.githubusercontent.com/wangqi0821/uni-calendar-china/main/media/2022-05-19_10-28-19_5.jpg
https://raw.githubusercontent.com/wangqi0821/uni-calendar-china/main/media/2022-05-19_10-28-19_6.jpg",【PR】ユニ?チャーム様の「銀のスプーン　贅沢うまみ仕立て」と「三ツ星グルメお魚味クリーム」をお試しさせて頂きました???   動画のフードは、ユニ?チャーム様の「銀のスプーン　贅沢うまみ仕立て」ですが、お魚のうまみたっぷり！ 挽き小魚パウダーが入っているらしいです?????  香りが良かったみたいで、写真を撮っているとうにが「早く早く！」とおねだりしてきました?? 小分けになっているのも嬉しいですね????   お皿を持っていくそばから、うにのきゅるきゅる声が炸裂?? あっという間に完食しました！  猫ちゃんの健康に必須成分であるタウリンが配合されているのもいいですね～???   ★三ツ星グルメお魚味クリーム カリカリの粒にお魚味クリームが絡んで高級感??? 「絶対これうに好きだろうな～??」と思ったら、案の定でした ??? 試しに一粒うにに差し出すと、すごい勢い！ 指までしっかりなめられました????  こちらもあっという間に完食！ 食べきりサイズで小分けにしてあるのも使いやすいですね???? 着色料も不使用とのことです??   どちらもすぐに食べ終わり、「もうないの???？」と寂しそうでしたが、満足げのお顔に飼い主もとても嬉しかったです????     #ユニチャーム #銀のスプーン　#銀のスプーン贅沢うまみ仕立て #三ツ星グルメ #三ツ星グルメお魚味クリーム　#PR #ミヌエット　#ミヌエット短毛　#funnycat  #猫好きさんと繋がりたい #catstagram #にゃんすたぐらむ #猫写真　#tuxedocat,https://www.instagram.com/p/CdvHyz2vzxh/
2022/5/19,https://raw.githubusercontent.com/wangqi0821/uni-calendar-china/main/media/2022-05-19_13-29-06.jpg,奇跡の口元ω！  #ミヌエット#funnycat #猫好きさんと繋がりたい　#catstagram #にゃんすたぐらむ #猫写真 #tuxedocat #meowed #cutecat #bestmeow #instacats #9gagcute #一眼レフのある生活,https://www.instagram.com/p/Cdvce63P-u6/
2022/5/20,https://raw.githubusercontent.com/wangqi0821/uni-calendar-china/main/media/2022-05-20_12-40-34.jpg,お行儀よく、ちょこん！  #ミヌエット#funnycat #猫好きさんと繋がりたい　#catstagram #にゃんすたぐらむ #猫写真 #tuxedocat #meowed #cutecat #bestmeow #instacats #9gagcute #一眼レフのある生活,https://www.instagram.com/p/Cdx7uXTPM8s/
2022/5/21,"https://raw.githubusercontent.com/wangqi0821/uni-calendar-china/main/media/2022-05-21_11-37-06.jpg
https://raw.githubusercontent.com/wangqi0821/uni-calendar-china/main/media/2022-05-21_11-37-06.mp4",うにが歩いてくるだけの動画です??  #ミヌエット#funnycat #猫好きさんと繋がりたい　#catstagram #にゃんすたぐらむ #猫写真 #tuxedocat #meowed #cutecat #bestmeow #instacats #9gagcute #一眼レフのある生活,https://www.instagram.com/p/Cd0ZHMyA3UM/
2022/5/22,https://raw.githubusercontent.com/wangqi0821/uni-calendar-china/main/media/2022-05-22_09-39-32.jpg,音量大きめにするとゴロゴロが聞こえます???? ゴロゴロ言いながら寝てる???  #ミヌエット#funnycat #猫好きさんと繋がりたい　#catstagram #にゃんすたぐらむ #猫写真 #tuxedocat #meowed #cutecat #bestmeow #instacats #9gagcute,https://www.instagram.com/p/Cd3EqkQAX9f/
2022/5/22,https://raw.githubusercontent.com/wangqi0821/uni-calendar-china/main/media/2022-05-22_12-36-14.mp4,箱に入ってなぜかちょっと困り顔。:3  #ミヌエット#funnycat #猫好きさんと繋がりたい　#catstagram #にゃんすたぐらむ #猫写真 #tuxedocat #meowed #cutecat #bestmeow #instacats #9gagcute #一眼レフのある生活,https://www.instagram.com/p/Cd2wmO7PqtM/
2022/5/23,"https://raw.githubusercontent.com/wangqi0821/uni-calendar-china/main/media/2022-05-23_12-41-07_1.jpg
https://raw.githubusercontent.com/wangqi0821/uni-calendar-china/main/media/2022-05-23_12-41-07_2.jpg",足裏の毛をカットしました??  「何でこんなことするんでしゅか？」と仏頂面のうにです??  #ミヌエット#funnycat #猫好きさんと繋がりたい　#catstagram #にゃんすたぐらむ #猫写真 #tuxedocat #meowed #cutecat #bestmeow #instacats #9gagcute #一眼レフのある生活,https://www.instagram.com/p/Cd5qK-4PrfE/
2022/5/24,https://raw.githubusercontent.com/wangqi0821/uni-calendar-china/main/media/2022-05-24_12-34-16.jpg,猫じゃらし楽しい！:3  #ミヌエット#funnycat #猫好きさんと繋がりたい　#catstagram #にゃんすたぐらむ #猫写真 #tuxedocat #meowed #cutecat #bestmeow #instacats #9gagcute #一眼レフのある生活,https://www.instagram.com/p/Cd8OLsYPSTI/
2022/5/25,https://raw.githubusercontent.com/wangqi0821/uni-calendar-china/main/media/2022-05-25_11-01-57.jpg,ぼくはうに！うにたんです！  今見たらインスタ500投稿目でした。  いつもイイネ、あたたかいコメント本当にありがとうございます??? 心の支えになってます???  #ミヌエット#funnycat #猫好きさんと繋がりたい　#catstagram #にゃんすたぐらむ #猫写真 #tuxedocat #meowed #cutecat #bestmeow #instacats #9gagcute #一眼レフのある生活,https://www.instagram.com/p/Cd-oagZBB9Y/
2022/5/26,"https://raw.githubusercontent.com/wangqi0821/uni-calendar-china/main/media/2022-05-26_06-39-48_1.jpg
https://raw.githubusercontent.com/wangqi0821/uni-calendar-china/main/media/2022-05-26_06-39-48_2.jpg
https://raw.githubusercontent.com/wangqi0821/uni-calendar-china/main/media/2022-05-26_06-39-48_3.jpg
https://raw.githubusercontent.com/wangqi0821/uni-calendar-china/main/media/2022-05-26_06-39-48_4.jpg
https://raw.githubusercontent.com/wangqi0821/uni-calendar-china/main/media/2022-05-26_06-39-48_5.jpg",昨日「ねこ休み展 2022 in 福岡」に行ってきました！  念願のねこ休み展???? 地元?福岡で、うにの展示を見ることができて感動しました?? 可愛い??！！！  福岡では、写真集も置いて頂けることになりました?? なんと！ねこ休み展会場限定のステッカーもつけて頂けることになり…！ 小さいですけど、とても可愛いステッカーですよ??  あと、会場では猫ちゃんグッズもたくさんあり、欲しかったMOCOTOさん（@maihimemoco）のザビエル首輪もお迎えしてきました???  帰ってうににつけてみたら、全く嫌がらず、そしてとても可愛い…！ そらもあおばも嫌がりませんでした???? あまりにも可愛くて写真をいっぱい撮っちゃいました??  他の猫ちゃんの展示も癒したっぷりで、見に行けて本当に幸せでした?? 6/19(日)まであってますので、福岡近郊の方ぜひお越しください????  場所等の詳細は、私のハイライトか「ねこ休み展　2022 福岡」で検索してみてくださいね??  #ザビエラー #ねこ休み展 #ザビエル首輪  #ミヌエット#funnycat #猫好きさんと繋がりたい　#catstagram #にゃんすたぐらむ #猫写真 #tuxedocat #meowed #cutecat #bestmeow #instacats #9gagcute #一眼レフのある生活,https://www.instagram.com/p/CeAvNQJvJo3/
2022/5/27,"https://raw.githubusercontent.com/wangqi0821/uni-calendar-china/main/media/2022-05-27_04-41-39_1.jpg
https://raw.githubusercontent.com/wangqi0821/uni-calendar-china/main/media/2022-05-27_04-41-39_2.jpg
https://raw.githubusercontent.com/wangqi0821/uni-calendar-china/main/media/2022-05-27_04-41-39_3.jpg
https://raw.githubusercontent.com/wangqi0821/uni-calendar-china/main/media/2022-05-27_04-41-39_4.jpg
https://raw.githubusercontent.com/wangqi0821/uni-calendar-china/main/media/2022-05-27_04-41-39_5.jpg
https://raw.githubusercontent.com/wangqi0821/uni-calendar-china/main/media/2022-05-27_04-41-39_6.jpg
https://raw.githubusercontent.com/wangqi0821/uni-calendar-china/main/media/2022-05-27_04-41-39_7.jpg",「おいしーおいしー」っていう声が聞こえてきそうです?? ちゅーるを持つおててが…??  Uni loves a churu??  #ミヌエット#funnycat #猫好きさんと繋がりたい　#catstagram #にゃんすたぐらむ #猫写真 #tuxedocat #meowed #cutecat #bestmeow #instacats #9gagcute #一眼レフのある生活,https://www.instagram.com/p/CeDwxiaPHzE/
2022/5/27,https://raw.githubusercontent.com/wangqi0821/uni-calendar-china/main/media/2022-05-27_10-51-13.jpg,copacoさん（@copaco.jp）の紙時計のサンプルに使って頂きました??  この紙の時計、「わたしだけの掛け時計」と言います。 　 スマホ等に入っているお気に入りの写真やイラストがありますよね？ そこから、フレームの色、時計針の色、文字盤デザイン、色を選べ、世界に一つだけの紙製の掛け時計を作ることができます???  紙製と言っても強度はかなりしっかりしています！ 紙の柔らかの風合いといいとこどりな時計です???♀??  ネット上で見るより、実物見た時の感動がすごかった…！ 自分の大事な宝物を最高の状態に仕上げて頂いたと感じています??  ふと時計に目をやった時、可愛いうにが目に入って、何回も幸せな気持ちになります??  贈り物にも喜ばれると思います??  もう一つ、「わたしによりそう置き時計」もありますので、今度ご紹介させてくださいね?  6/30までは応援購入で、通常価格よりお得に購入することができます???? ストーリーズのハイライトにもリンク置いときますね?  #copaco #紙時計 #わたしだけの掛け時計 #ミヌエット#funnycat #猫好きさんと繋がりたい　#catstagram #にゃんすたぐらむ #猫写真 #tuxedocat #meowed #cutecat #bestmeow #instacats #9gagcute #一眼レフのある生活,https://www.instagram.com/p/CeDGe0fP4g-/
2022/5/28,https://raw.githubusercontent.com/wangqi0821/uni-calendar-china/main/media/2022-05-28_09-54-25.jpg,ぬいぐるみみたいなうに??  #ミヌエット#funnycat #猫好きさんと繋がりたい　#catstagram #にゃんすたぐらむ #猫写真 #tuxedocat #meowed #cutecat #bestmeow #instacats #9gagcute #一眼レフのある生活,https://www.instagram.com/p/CeGaRAEvQQK/
2022/5/28,https://raw.githubusercontent.com/wangqi0821/uni-calendar-china/main/media/2022-05-28_11-32-15.jpg,歩いてるだけなのに可愛い??  #ミヌエット#funnycat #猫好きさんと繋がりたい　#catstagram #にゃんすたぐらむ #猫写真 #tuxedocat #meowed #cutecat #bestmeow #instacats #9gagcute #一眼レフのある生活,https://www.instagram.com/p/CeGPEbNPsX7/
2022/5/29,"https://raw.githubusercontent.com/wangqi0821/uni-calendar-china/main/media/2022-05-29_12-25-36_1.jpg
https://raw.githubusercontent.com/wangqi0821/uni-calendar-china/main/media/2022-05-29_12-25-36_2.jpg",お水の皿を洗って戻ってきたら、トレイの上に居座ってた??  「うにサイズでなかなかでしゅ！」:3  #ミヌエット#funnycat #猫好きさんと繋がりたい　#catstagram #にゃんすたぐらむ #猫写真 #tuxedocat #meowed #cutecat #bestmeow #instacats #9gagcute #一眼レフのある生活,https://www.instagram.com/p/CeJFKnyPeFp/
2022/5/30,https://raw.githubusercontent.com/wangqi0821/uni-calendar-china/main/media/2022-05-30_10-41-47.jpg,顔まわりを触られるのが好きなうに。  なんて気持ち良さそうなお顔??  #ミヌエット#funnycat #猫好きさんと繋がりたい　#catstagram #にゃんすたぐらむ #猫写真 #tuxedocat #meowed #cutecat #bestmeow #instacats #9gagcute #一眼レフのある生活 #リラックス大人猫miawmiaw,https://www.instagram.com/p/CeLeFG_PNcP/
2022/5/31,https://raw.githubusercontent.com/wangqi0821/uni-calendar-china/main/media/2022-05-31_13-36-26.jpg,いつもどことなく自信ありげに見えるうに??  #ミヌエット#funnycat #猫好きさんと繋がりたい　#catstagram #にゃんすたぐらむ #猫写真 #tuxedocat #meowed #cutecat #bestmeow #instacats #9gagcute #一眼レフのある生活,https://www.instagram.com/p/CeOW3OpP_I9/
2022/6/1,https://raw.githubusercontent.com/wangqi0821/uni-calendar-china/main/media/2022-06-01_09-59-08.jpg,この箱は何でこんなに落ち着くんだろにゃー??  #ミヌエット #funnycat #猫好きさんとつながりたい #catstagram #にゃんすたぐらむ #猫写真 #tuxedocat #meowed  #cutecat #bestmeow #instacat #9gag #9gagcute #一眼レフのある生活,https://www.instagram.com/p/CeQ1WJ4vsgh/
2022/6/1,"https://raw.githubusercontent.com/wangqi0821/uni-calendar-china/main/media/2022-06-01_12-41-17_1.jpg
https://raw.githubusercontent.com/wangqi0821/uni-calendar-china/main/media/2022-06-01_12-41-17_2.jpg",未だに子猫みたいな写り??  #ミヌエット #funnycat #猫好きさんとつながりたい #catstagram #にゃんすたぐらむ #猫写真 #tuxedocat #meowed  #cutecat #bestmeow #instacat #9gag #9gagcute #一眼レフのある生活,https://www.instagram.com/p/CeQiyiCvakS/
2022/6/2,https://raw.githubusercontent.com/wangqi0821/uni-calendar-china/main/media/2022-06-02_11-34-46.mp4,いつもはクールなうにだけど、時々甘えてきます?? 膝にぴょーんと乗ってきて、幸せそうなお顔??  #ミヌエット #funnycat #猫好きさんとつながりたい #catstagram #にゃんすたぐらむ #猫写真 #tuxedocat #meowed  #cutecat #bestmeow #instacat #9gag #9gagcute,https://www.instagram.com/p/CeTSSSyALi8/
2022/6/3,"https://raw.githubusercontent.com/wangqi0821/uni-calendar-china/main/media/2022-06-03_09-39-32_1.jpg
https://raw.githubusercontent.com/wangqi0821/uni-calendar-china/main/media/2022-06-03_09-39-32_2.jpg",うにを下から見るのも癒されます? 肉球…??  #ミヌエット #funnycat #猫好きさんとつながりたい #catstagram #にゃんすたぐらむ #猫写真 #tuxedocat #meowed  #cutecat #bestmeow #instacat #9gag #9gagcute #一眼レフのある生活,https://www.instagram.com/p/CeVqIvIv3mk/
2022/6/3,https://raw.githubusercontent.com/wangqi0821/uni-calendar-china/main/media/2022-06-03_10-58-32.jpg,ちゅーるをジャーーン！と見せた時の顔。:3  #ミヌエット #funnycat #猫好きさんとつながりたい #catstagram #にゃんすたぐらむ #猫写真 #tuxedocat #meowed  #cutecat #bestmeow #instacat #9gag #9gagcute #一眼レフのある生活,https://www.instagram.com/p/CeVzLSMPoWM/
2022/6/4,"https://raw.githubusercontent.com/wangqi0821/uni-calendar-china/main/media/2022-06-04_04-22-19_1.jpg
https://raw.githubusercontent.com/wangqi0821/uni-calendar-china/main/media/2022-06-04_04-22-19_2.jpg",防災用のハーネスの練習??  前よりは慣れたみたいだけど、表情が?? そしてやっぱりコローン…  というか途中で抜けて逃げてしまったので、これが外でなくて良かったと焦りました?? サイズの調整はしっかりと！ですね。  #ミヌエット #funnycat #猫好きさんとつながりたい #catstagram #にゃんすたぐらむ #猫写真 #tuxedocat #meowed  #cutecat #bestmeow #instacat #9gag #9gagcute #一眼レフのある生活,https://www.instagram.com/p/CeXqoP2hf2o/
2022/6/4,"https://raw.githubusercontent.com/wangqi0821/uni-calendar-china/main/media/2022-06-04_10-59-29_1.jpg
https://raw.githubusercontent.com/wangqi0821/uni-calendar-china/main/media/2022-06-04_10-59-29_2.jpg",広角で撮るとより子猫っぽい。:3  #ミヌエット #funnycat #猫好きさんとつながりたい #catstagram #にゃんすたぐらむ #猫写真 #tuxedocat #meowed  #cutecat #bestmeow #instacat #9gag #9gagcute #一眼レフのある生活,https://www.instagram.com/p/CeYYFKJBT4R/
2022/6/5,https://raw.githubusercontent.com/wangqi0821/uni-calendar-china/main/media/2022-06-05_04-24-16.mp4,ちょっとクールめ？のうに。:3  #ミヌエット #funnycat #猫好きさんとつながりたい #catstagram #にゃんすたぐらむ #猫写真 #tuxedocat #meowed  #cutecat #bestmeow #instacat #9gag #9gagcute #一眼レフのある生活,https://www.instagram.com/p/CebAh1-Pfqb/
2022/6/5,https://raw.githubusercontent.com/wangqi0821/uni-calendar-china/main/media/2022-06-05_11-31-25.jpg,これ好きなんでしゅ…??  #ミヌエット #funnycat #猫好きさんとつながりたい #catstagram #にゃんすたぐらむ #猫写真 #tuxedocat #meowed  #cutecat #bestmeow #instacat #9gag #9gagcute,https://www.instagram.com/p/CeaPYfcgnou/
2022/6/6,https://raw.githubusercontent.com/wangqi0821/uni-calendar-china/main/media/2022-06-06_10-25-53.jpg,イカ耳ちゃん。:3  #ミヌエット #funnycat #猫好きさんとつながりたい #catstagram #にゃんすたぐらむ #猫写真 #tuxedocat #meowed  #cutecat #bestmeow #instacat #9gag #9gagcute #一眼レフのある生活,https://www.instagram.com/p/Cedd0y_PUzg/
2022/6/6,https://raw.githubusercontent.com/wangqi0821/uni-calendar-china/main/media/2022-06-06_10-25-53.jpg,これは自動給餌器を置くために作った台なのですが、それを移動させたらうにのお気に入りの場所になりました??  まるでうにのために作られた場所みたい?? ぴったりで、ちょこん！:3  #ミヌエット #funnycat #猫好きさんとつながりたい #catstagram #にゃんすたぐらむ #猫写真 #tuxedocat #meowed  #cutecat #bestmeow #instacat #9gag #9gagcute #一眼レフのある生活,https://www.instagram.com/p/CedvqXHvgHI/
2022/6/7,,久しぶりにこのカラーをつけたうにを見ると、やけにカラーが大きく見える?? 浮き輪みたい??  #ミヌエット #funnycat #猫好きさんとつながりたい #catstagram #にゃんすたぐらむ #猫写真 #tuxedocat #meowed  #cutecat #bestmeow #instacat #9gag #9gagcute #一眼レフのある生活,https://www.instagram.com/p/CegImHYvlNQ/
2022/6/8,,うずうず…  Uni is itching to play!  #ミヌエット #funnycat #猫好きさんとつながりたい #catstagram #にゃんすたぐらむ #猫写真 #tuxedocat #meowed  #cutecat #bestmeow #instacat #9gag #9gagcute #一眼レフのある生活,https://www.instagram.com/p/Cei41b5P3Z8/
2022/6/9,,チラッ??  #ミヌエット #funnycat #猫好きさんとつながりたい #catstagram #にゃんすたぐらむ #猫写真 #tuxedocat #meowed  #cutecat #bestmeow #instacat #9gag #9gagcute #一眼レフのある生活,https://www.instagram.com/p/CelNYnEPChA/
2022/6/9,,キャリーから出てきたうに。 不安そうなお顔でキョロキョロ??  #ミヌエット #funnycat #猫好きさんとつながりたい #catstagram #にゃんすたぐらむ #猫写真 #tuxedocat #meowed  #cutecat #bestmeow #instacat #9gag #9gagcute #一眼レフのある生活,https://www.instagram.com/p/Celfgn3PPEb/
2022/6/10,"https://raw.githubusercontent.com/wangqi0821/uni-calendar-china/main/media/2022-06-10_10-07-50_1.jpg
https://raw.githubusercontent.com/wangqi0821/uni-calendar-china/main/media/2022-06-10_10-07-50_2.jpg
https://raw.githubusercontent.com/wangqi0821/uni-calendar-china/main/media/2022-06-10_10-07-50_3.jpg
https://raw.githubusercontent.com/wangqi0821/uni-calendar-china/main/media/2022-06-10_10-07-50_4.jpg
https://raw.githubusercontent.com/wangqi0821/uni-calendar-china/main/media/2022-06-10_10-07-50_5.jpg
https://raw.githubusercontent.com/wangqi0821/uni-calendar-china/main/media/2022-06-10_10-07-50_6.jpg","2年前の今日6月10日、うにを我が家にお迎えしました??  うに、出会ってくれてありがとう??? こんなにちっちゃかったんだねえ??  Two years ago today,we welcomed Uni to the family. We can't believe he was that small! We are so glad to have met him. 　  #ミヌエット #funnycat #猫好きさんとつながりたい #catstagram #にゃんすたぐらむ #猫写真 #tuxedocat #meowed  #cutecat #bestmeow #instacat #9gag #9gagcute #一眼レフのある生活",https://www.instagram.com/p/Cenu8GGvV6p/
2022/6/11,https://raw.githubusercontent.com/wangqi0821/uni-calendar-china/main/media/2022-06-11_03-36-00.mp4,ちょっと前の動画です??  このポンポンは飽きるのが早かったです…??  #ミヌエット #funnycat #猫好きさんとつながりたい #catstagram #にゃんすたぐらむ #猫写真 #tuxedocat #meowed  #cutecat #bestmeow #instacat #9gag #9gagcute #猫リール,https://www.instagram.com/p/CepmgvTgPLW/
2022/6/11,https://raw.githubusercontent.com/wangqi0821/uni-calendar-china/main/media/2022-06-11_12-40-04.jpg,大好きな丸椅子の上で舌ペロッ??  #ミヌエット #funnycat #猫好きさんとつながりたい #catstagram #にゃんすたぐらむ #猫写真 #tuxedocat #meowed  #cutecat #bestmeow #instacat #9gag #9gagcute #一眼レフのある生活,https://www.instagram.com/p/CeqlJ8VPVC1/
2022/6/12,https://raw.githubusercontent.com/wangqi0821/uni-calendar-china/main/media/2022-06-12_10-09-32.mp4,自分が見返して幸せになれる動画になりました??  #ミヌエット #funnycat #猫好きさんとつながりたい #catstagram #にゃんすたぐらむ #猫写真 #tuxedocat #meowed  #cutecat #bestmeow #instacat #9gag #9gagcute #猫リール,https://www.instagram.com/p/Ces4sLVAInS/
2022/6/13,"https://raw.githubusercontent.com/wangqi0821/uni-calendar-china/main/media/2022-06-13_11-04-10_1.jpg
https://raw.githubusercontent.com/wangqi0821/uni-calendar-china/main/media/2022-06-13_11-04-10_2.jpg",ぷっくり。ちょこん。:3  #ミヌエット #funnycat #猫好きさんとつながりたい #catstagram #にゃんすたぐらむ #猫写真 #tuxedocat #meowed  #cutecat #bestmeow #instacat #9gag #9gagcute #一眼レフのある生活,https://www.instagram.com/p/CevjxRavNAY/
2022/6/14,https://raw.githubusercontent.com/wangqi0821/uni-calendar-china/main/media/2022-06-14_12-38-54.jpg,ワクワク??  #ミヌエット #funnycat #猫好きさんとつながりたい #catstagram #にゃんすたぐらむ #猫写真 #tuxedocat #meowed  #cutecat #bestmeow #instacat #9gag #9gagcute #一眼レフのある生活,https://www.instagram.com/p/CeyTaF7P_y3/
2022/6/15,https://raw.githubusercontent.com/wangqi0821/uni-calendar-china/main/media/2022-06-15_10-38-48.jpg,子猫うに????  #ミヌエット #funnycat #猫好きさんとつながりたい #catstagram #にゃんすたぐらむ #猫写真 #tuxedocat #meowed  #cutecat #bestmeow #instacat #9gag #9gagcute #一眼レフのある生活,https://www.instagram.com/p/Ce0qdQPvGKl/
2022/6/16,"https://raw.githubusercontent.com/wangqi0821/uni-calendar-china/main/media/2022-06-16_11-18-34_1.jpg
https://raw.githubusercontent.com/wangqi0821/uni-calendar-china/main/media/2022-06-16_11-18-34_2.jpg",癒される寝顔??  #ミヌエット #funnycat #猫好きさんとつながりたい #catstagram #にゃんすたぐらむ #猫写真 #tuxedocat #meowed  #cutecat #bestmeow #instacat #9gag #9gagcute #一眼レフのある生活,https://www.instagram.com/p/Ce3TzclvE-W/
2022/6/16,"https://raw.githubusercontent.com/wangqi0821/uni-calendar-china/main/media/2022-06-16_12-26-07_1.jpg
https://raw.githubusercontent.com/wangqi0821/uni-calendar-china/main/media/2022-06-16_12-26-07_2.jpg
https://raw.githubusercontent.com/wangqi0821/uni-calendar-china/main/media/2022-06-16_12-26-07_3.jpg",トンネルと猫じゃらしの組み合わせ??  遊んでる時の表情が可愛すぎやしませんか??  #ミヌエット #funnycat #猫好きさんとつながりたい #catstagram #にゃんすたぐらむ #猫写真 #tuxedocat #meowed  #cutecat #bestmeow #instacat #9gag #9gagcute #一眼レフのある生活,https://www.instagram.com/p/Ce3biKhP7Mu/
2022/6/17,https://raw.githubusercontent.com/wangqi0821/uni-calendar-china/main/media/2022-06-17_11-33-54.jpg,ちゅーるをもらう時は全力なうに。:3  #ミヌエット #funnycat #猫好きさんとつながりたい #catstagram #にゃんすたぐらむ #猫写真 #tuxedocat #meowed  #cutecat #bestmeow #instacat #9gag #9gagcute #一眼レフのある生活,https://www.instagram.com/p/Ce56WisP7FV/
2022/6/18,https://raw.githubusercontent.com/wangqi0821/uni-calendar-china/main/media/2022-06-18_12-33-54.jpg,「He is so :3」 とのコメントを見て、本当その通りの顔だなあって??  #ミヌエット #funnycat #猫好きさんとつながりたい #catstagram #にゃんすたぐらむ #猫写真 #tuxedocat #meowed  #cutecat #bestmeow #instacat #9gag #9gagcute #一眼レフのある生活,https://www.instagram.com/p/Ce8mA9_PPcU/
2022/6/19,"https://raw.githubusercontent.com/wangqi0821/uni-calendar-china/main/media/2022-06-19_06-29-44_1.jpg
https://raw.githubusercontent.com/wangqi0821/uni-calendar-china/main/media/2022-06-19_06-29-44_2.jpg
https://raw.githubusercontent.com/wangqi0821/uni-calendar-china/main/media/2022-06-19_06-29-44_3.jpg
https://raw.githubusercontent.com/wangqi0821/uni-calendar-china/main/media/2022-06-19_06-29-44_4.jpg",とことこ歩いて可愛い??  #ミヌエット #funnycat #猫好きさんとつながりたい #catstagram #にゃんすたぐらむ #猫写真 #tuxedocat #meowed  #cutecat #bestmeow #instacat #9gag #9gagcute #猫リール,https://www.instagram.com/p/Ce-7IciA3gO/
2022/6/19,https://raw.githubusercontent.com/wangqi0821/uni-calendar-china/main/media/2022-06-19_10-17-38.mp4,copacoさん（@copaco.jp）の2つ目の紙時計、「わたしによりそう置き時計」です??  写真やポストカード、ToDoリストなどを貼り付けることができ、その時々の気分に応じてインテリアを楽しむことができます???  縦置き、横置きどちらも楽しめるのがいい感じ??  1枚目のうにたん、写真と同じ表情をしてくれました??  3枚目はうにチェック？（笑）  copacoさんの時計を見てると、紙の優しい雰囲気と強度って両立するんだなーと思います。  興味を持たれた方は、copacoさんのインスタ（@copaco.jp）か、こちらのストーリーズのハイライトから見てみて下さいね??  #PR #ミヌエット #funnycat #猫好きさんとつながりたい #catstagram #にゃんすたぐらむ #猫写真 #tuxedocat #meowed  #cutecat #bestmeow #instacat #9gag #9gagcute #一眼レフのある生活,https://www.instagram.com/p/Ce-hIf8v79w/
2022/6/21,"https://raw.githubusercontent.com/wangqi0821/uni-calendar-china/main/media/2022-06-21_03-21-16_1.jpg
https://raw.githubusercontent.com/wangqi0821/uni-calendar-china/main/media/2022-06-21_03-21-16_2.jpg",トンネルの中はワクワク??  #ミヌエット #funnycat #猫好きさんとつながりたい #catstagram #にゃんすたぐらむ #猫写真 #tuxedocat #meowed  #cutecat #bestmeow #instacat #9gag #9gagcute #一眼レフのある生活,https://www.instagram.com/p/CfDVJ7yvibD/
2022/6/22,https://raw.githubusercontent.com/wangqi0821/uni-calendar-china/main/media/2022-06-22_10-42-11.mp4,短いおててで一生懸命遊んでます??  後ろのそらはほとんど動かない??  #ミヌエット #funnycat #猫好きさんとつながりたい #catstagram #にゃんすたぐらむ #猫写真 #tuxedocat #meowed  #cutecat #bestmeow #instacat #9gag #9gagcute #猫リール,https://www.instagram.com/p/CfGsNlaAOXA/
2022/6/23,"https://raw.githubusercontent.com/wangqi0821/uni-calendar-china/main/media/2022-06-23_12-37-39_1.jpg
https://raw.githubusercontent.com/wangqi0821/uni-calendar-china/main/media/2022-06-23_12-37-39_2.jpg
https://raw.githubusercontent.com/wangqi0821/uni-calendar-china/main/media/2022-06-23_12-37-39_3.jpg",似合う？:3  How do I look?  #ミヌエット #funnycat #猫好きさんとつながりたい #catstagram #にゃんすたぐらむ #くつしたねこ  #tuxedocat #meowed  #cutecat #bestmeow #instacat #9gag #9gagcute #一眼レフのある生活,https://www.instagram.com/p/CfJeay_v99k/
2022/6/24,"https://raw.githubusercontent.com/wangqi0821/uni-calendar-china/main/media/2022-06-24_11-27-37_1.jpg
https://raw.githubusercontent.com/wangqi0821/uni-calendar-china/main/media/2022-06-24_11-27-37_2.jpg",外にいる飼い主を見守るうに。  ちょっと開けた隙間にはまり込んでるのが可愛い??  #ミヌエット #funnycat #猫好きさんとつながりたい #catstagram #にゃんすたぐらむ #猫写真 #tuxedocat #meowed  #cutecat #bestmeow #instacat #9gag #9gagcute #一眼レフのある生活,https://www.instagram.com/p/CfL7Mr6PC8W/
2022/6/25,"https://raw.githubusercontent.com/wangqi0821/uni-calendar-china/main/media/2022-06-25_11-02-28_1.jpg
https://raw.githubusercontent.com/wangqi0821/uni-calendar-china/main/media/2022-06-25_11-02-28_2.jpg
https://raw.githubusercontent.com/wangqi0821/uni-calendar-china/main/media/2022-06-25_11-02-28_3.jpg
https://raw.githubusercontent.com/wangqi0821/uni-calendar-china/main/media/2022-06-25_11-02-28_4.jpg",爪切りです??  「へっちゃらです！」  「僕は最強！」  「……まだ？」（チラッ）  可愛い??  #ミヌエット #funnycat #猫好きさんとつながりたい #catstagram #にゃんすたぐらむ #くつしたねこ　#tuxedocat #meowed  #cutecat #bestmeow #instacat #9gag #9gagcute #一眼レフのある生活,https://www.instagram.com/p/CfOdHV1vwdM/
2022/6/26,"https://raw.githubusercontent.com/wangqi0821/uni-calendar-china/main/media/2022-06-26_09-28-34_1.jpg
https://raw.githubusercontent.com/wangqi0821/uni-calendar-china/main/media/2022-06-26_09-28-34_2.jpg",未だに目が合うとドキッとする??  #ミヌエット #funnycat #猫好きさんとつながりたい #catstagram #にゃんすたぐらむ #猫写真 #tuxedocat #meowed  #cutecat #bestmeow #instacat #9gag #9gagcute #一眼レフのある生活 #リラックス大人猫miawmiaw,https://www.instagram.com/p/CfQ3KfuP5vR/
2022/6/26,https://raw.githubusercontent.com/wangqi0821/uni-calendar-china/main/media/2022-06-26_13-07-43.jpg,テーブルの端っこにちょこん！:3  #ミヌエット #funnycat #猫好きさんとつながりたい #catstagram #にゃんすたぐらむ #猫写真 #tuxedocat #meowed  #cutecat #bestmeow #instacat #9gag #9gagcute #一眼レフのある生活,https://www.instagram.com/p/CfRQPluvB5z/
2022/6/27,https://raw.githubusercontent.com/wangqi0821/uni-calendar-china/main/media/2022-06-27_10-34-24.mp4,箱を重ねてたらうにが入ってました??  ちょっとうにには小さい箱かな？と思ってたら、これはこれで居心地がいいようです??  #ミヌエット #funnycat #猫好きさんとつながりたい #catstagram #にゃんすたぐらむ #猫写真 #tuxedocat #meowed  #cutecat #bestmeow #instacat #9gag #9gagcute #一眼レフのある生活,https://www.instagram.com/p/CfTqT3LvXv2/
2022/6/27,"https://raw.githubusercontent.com/wangqi0821/uni-calendar-china/main/media/2022-06-27_11-33-58_1.jpg
https://raw.githubusercontent.com/wangqi0821/uni-calendar-china/main/media/2022-06-27_11-33-58_2.jpg",甘え方が上手すぎる??  #ミヌエット #funnycat #猫好きさんとつながりたい #catstagram #にゃんすたぐらむ #猫写真 #tuxedocat #meowed  #cutecat #bestmeow #instacat #9gag #9gagcute #猫リール,https://www.instagram.com/p/CfTjZQFAbX9/
2022/6/28,https://raw.githubusercontent.com/wangqi0821/uni-calendar-china/main/media/2022-06-28_13-00-57.jpg,そしてリラックス??  #ミヌエット #funnycat #猫好きさんとつながりたい #catstagram #にゃんすたぐらむ #猫写真 #tuxedocat #meowed  #cutecat #bestmeow #instacat #9gag #9gagcute #一眼レフのある生活 #リラックス大人猫miawmiaw,https://www.instagram.com/p/CfWZD1qPZKf/
2022/6/29,"https://raw.githubusercontent.com/wangqi0821/uni-calendar-china/main/media/2022-06-29_13-00-06_1.jpg
https://raw.githubusercontent.com/wangqi0821/uni-calendar-china/main/media/2022-06-29_13-00-06_2.jpg",何考えてるか分からない顔…だけど可愛い??  #ミヌエット #funnycat #猫好きさんとつながりたい #catstagram #にゃんすたぐらむ #猫写真 #tuxedocat #meowed  #cutecat #bestmeow #instacat #9gag #9gagcute #一眼レフのある生活,https://www.instagram.com/p/CfY9wfZPqHf/
2022/6/30,https://raw.githubusercontent.com/wangqi0821/uni-calendar-china/main/media/2022-06-30_12-25-08.jpg,高い所にのぼると得意げな表情をします?? それが何とも可愛い??  #ミヌエット #funnycat #猫好きさんとつながりたい #catstagram #にゃんすたぐらむ #猫写真 #tuxedocat #meowed  #cutecat #bestmeow #instacat #9gag #9gagcute #一眼レフのある生活 #くつしたねこ,https://www.instagram.com/p/CfbejQIPd0H/
2022/7/1,"https://raw.githubusercontent.com/wangqi0821/uni-calendar-china/main/media/2022-07-01_12-42-26_1.jpg
https://raw.githubusercontent.com/wangqi0821/uni-calendar-china/main/media/2022-07-01_12-42-26_2.jpg
https://raw.githubusercontent.com/wangqi0821/uni-calendar-china/main/media/2022-07-01_12-42-26_3.jpg",猫じゃらしの反応が可愛いし、面白い??  #ミヌエット #funnycat #猫好きさんとつながりたい #catstagram #にゃんすたぐらむ #猫写真 #tuxedocat #meowed  #cutecat #bestmeow #instacat #9gag #9gagcute #一眼レフのある生活 #くつしたねこ,https://www.instagram.com/p/CfeFUxovIF_/
2022/7/2,https://raw.githubusercontent.com/wangqi0821/uni-calendar-china/main/media/2022-07-02_11-32-37.mp4,新しい猫じゃらしが楽しいうに??  #ミヌエット #funnycat #猫好きさんとつながりたい #catstagram #にゃんすたぐらむ #猫写真 #tuxedocat #meowed  #cutecat #bestmeow #instacat #9gag #9gagcute #一眼レフのある生活 #くつしたねこ,https://www.instagram.com/p/CfghytLgtP-/
2022/7/3,https://raw.githubusercontent.com/wangqi0821/uni-calendar-china/main/media/2022-07-03_10-16-35.mp4,堂々としたうにです??  Uni is filled with self confidence!  #ミヌエット #funnycat #猫好きさんとつながりたい #catstagram #にゃんすたぐらむ #猫写真 #tuxedocat #meowed  #cutecat #bestmeow #instacat #9gag #9gagcute #一眼レフのある生活 #くつしたねこ,https://www.instagram.com/p/Cfi-IU5gIuh/
2022/7/4,"https://raw.githubusercontent.com/wangqi0821/uni-calendar-china/main/media/2022-07-04_11-15-12_1.jpg
https://raw.githubusercontent.com/wangqi0821/uni-calendar-china/main/media/2022-07-04_11-15-12_2.jpg",こんな風に3匹で寝てるのは珍しくて、見た瞬間「可愛い！」と言ってしまった????  #ミヌエット #funnycat #猫好きさんとつながりたい #catstagram #にゃんすたぐらむ #猫写真 #tuxedocat #meowed  #cutecat #bestmeow #instacat #9gag #9gagcute #一眼レフのある生活 #くつしたねこ,https://www.instagram.com/p/CflzQLVgbln/
2022/7/4,https://raw.githubusercontent.com/wangqi0821/uni-calendar-china/main/media/2022-07-04_12-39-41.mp4,夜はいっぱい遊んでほしいでしゅ！:3  #ミヌエット #funnycat #猫好きさんとつながりたい #catstagram #にゃんすたぐらむ #猫写真 #tuxedocat #meowed  #cutecat #bestmeow #instacat #9gag #9gagcute #一眼レフのある生活 #くつしたねこ,https://www.instagram.com/p/Cflpue-PxgJ/
2022/7/5,"https://raw.githubusercontent.com/wangqi0821/uni-calendar-china/main/media/2022-07-05_12-28-27_1.jpg
https://raw.githubusercontent.com/wangqi0821/uni-calendar-china/main/media/2022-07-05_12-28-27_2.jpg",吸い込まれそうなうにの目力?? ただリラックスしてるだけなのに???♀?  #ミヌエット #funnycat #猫好きさんとつながりたい #catstagram #にゃんすたぐらむ #猫写真 #tuxedocat #meowed  #cutecat #bestmeow #instacat #9gag #9gagcute #一眼レフのある生活 #くつしたねこ,https://www.instagram.com/p/CfoW53zvD5i/
2022/7/6,"https://raw.githubusercontent.com/wangqi0821/uni-calendar-china/main/media/2022-07-06_13-21-57_1.jpg
https://raw.githubusercontent.com/wangqi0821/uni-calendar-china/main/media/2022-07-06_13-21-57_2.jpg",こんもりしています??  #ミヌエット #funnycat #猫好きさんとつながりたい #catstagram #にゃんすたぐらむ #猫写真 #tuxedocat #meowed  #cutecat #bestmeow #instacat #9gag #9gagcute #一眼レフのある生活 #くつしたねこ,https://www.instagram.com/p/CfrB0ovPHUo/
2022/7/7,https://raw.githubusercontent.com/wangqi0821/uni-calendar-china/main/media/2022-07-07_12-44-22.jpg,舌しまい忘れてて可愛かった??  #ミヌエット #funnycat #猫好きさんとつながりたい #catstagram #にゃんすたぐらむ #猫写真 #tuxedocat #meowed  #cutecat #bestmeow #instacat #9gag #9gagcute #一眼レフのある生活 #くつしたねこ,https://www.instagram.com/p/CftiUOHPEWg/
2022/7/9,https://raw.githubusercontent.com/wangqi0821/uni-calendar-china/main/media/2022-07-09_09-39-10.mp4,遊んだ後に近づいてくるの可愛い????  #ミヌエット #funnycat #猫好きさんとつながりたい #catstagram #にゃんすたぐらむ #猫写真 #tuxedocat #meowed  #cutecat #bestmeow #instacat #9gag #9gagcute #一眼レフのある生活 #くつしたねこ,https://www.instagram.com/p/CfyWZYRAJgi/
2022/7/10,https://raw.githubusercontent.com/wangqi0821/uni-calendar-china/main/media/2022-07-10_10-53-50.mp4,袋から出てくるだけなのに可愛い。:3  #ミヌエット #funnycat #猫好きさんとつながりたい #catstagram #にゃんすたぐらむ #猫写真 #tuxedocat #meowed  #cutecat #bestmeow #instacat #9gag #9gagcute #一眼レフのある生活 #くつしたねこ,https://www.instagram.com/p/Cf1D1giAvTP/
2022/7/11,https://raw.githubusercontent.com/wangqi0821/uni-calendar-china/main/media/2022-07-11_08-16-57.jpg,ほっぺたお餅ちゃん。:3  #ミヌエット #funnycat #猫好きさんとつながりたい #catstagram #にゃんすたぐらむ #猫写真 #tuxedocat #meowed  #cutecat #bestmeow #instacat #9gag #9gagcute #一眼レフのある生活 #くつしたねこ,https://www.instagram.com/p/Cf3W5CqPkqd/
2022/7/12,"https://raw.githubusercontent.com/wangqi0821/uni-calendar-china/main/media/2022-07-12_03-33-32_1.jpg
https://raw.githubusercontent.com/wangqi0821/uni-calendar-china/main/media/2022-07-12_03-33-32_2.jpg",トンネル遊びは楽しいね??  #ミヌエット #funnycat #猫好きさんとつながりたい #catstagram #にゃんすたぐらむ #猫写真 #tuxedocat #meowed  #cutecat #bestmeow #instacat #9gag #9gagcute #一眼レフのある生活 #くつしたねこ,https://www.instagram.com/p/Cf5bQM2Pl9a/
2022/7/12,https://raw.githubusercontent.com/wangqi0821/uni-calendar-china/main/media/2022-07-12_13-10-28.jpg,うにのぬいぐるみがあったら可愛いかも？:3  #ミヌエット #funnycat #猫好きさんとつながりたい #catstagram #にゃんすたぐらむ #猫写真 #tuxedocat #meowed  #cutecat #bestmeow #instacat #9gag #9gagcute #一眼レフのある生活 #くつしたねこ,https://www.instagram.com/p/Cf6dRwuvS1R/
2022/7/13,"https://raw.githubusercontent.com/wangqi0821/uni-calendar-china/main/media/2022-07-13_12-32-32_1.jpg
https://raw.githubusercontent.com/wangqi0821/uni-calendar-china/main/media/2022-07-13_12-32-32_2.jpg",後ろでモゾモゾしてると思ったら…可愛いことになってました?? （写真だけ撮って、すぐに外しました）  #ミヌエット #funnycat #猫好きさんとつながりたい #catstagram #にゃんすたぐらむ #猫写真 #tuxedocat #meowed  #cutecat #bestmeow #instacat #9gag #9gagcute #一眼レフのある生活 #くつしたねこ,https://www.instagram.com/p/Cf89uy7vO3Q/
2022/7/14,"https://raw.githubusercontent.com/wangqi0821/uni-calendar-china/main/media/2022-07-14_11-21-04_1.jpg
https://raw.githubusercontent.com/wangqi0821/uni-calendar-china/main/media/2022-07-14_11-21-04_2.jpg",気持ち良さそうにコローンと寝てました??  #ミヌエット #funnycat #猫好きさんとつながりたい #catstagram #にゃんすたぐらむ #猫写真 #tuxedocat #meowed  #cutecat #bestmeow #instacat #9gag #9gagcute #一眼レフのある生活 #くつしたねこ,https://www.instagram.com/p/Cf_aWRxPvzJ/
2022/7/15,"https://raw.githubusercontent.com/wangqi0821/uni-calendar-china/main/media/2022-07-15_11-39-01_1.jpg
https://raw.githubusercontent.com/wangqi0821/uni-calendar-china/main/media/2022-07-15_11-39-01_2.jpg",テーブルの下でまったり。:3  #ミヌエット #funnycat #猫好きさんとつながりたい #catstagram #にゃんすたぐらむ #猫写真 #tuxedocat #meowed  #cutecat #bestmeow #instacat #9gag #9gagcute #一眼レフのある生活 #くつしたねこ,https://www.instagram.com/p/CgCBMkrvnJX/
2022/7/16,https://raw.githubusercontent.com/wangqi0821/uni-calendar-china/main/media/2022-07-16_12-54-12.mp4,うにたんの幸せな時間??  #ミヌエット #funnycat #猫好きさんとつながりたい #catstagram #にゃんすたぐらむ #猫写真 #tuxedocat #meowed  #cutecat #bestmeow #instacat #9gag #9gagcute #一眼レフのある生活 #くつしたねこ,https://www.instagram.com/p/CgEufbIgLe3/
2022/7/17,https://raw.githubusercontent.com/wangqi0821/uni-calendar-china/main/media/2022-07-17_11-20-31.jpg,うにたんお気に入りのバッグ??  #ミヌエット #funnycat #猫好きさんとつながりたい #catstagram #にゃんすたぐらむ #猫写真 #tuxedocat #meowed  #cutecat #bestmeow #instacat #9gag #9gagcute #一眼レフのある生活 #くつしたねこ,https://www.instagram.com/p/CgHIqz7vznr/
2022/7/18,https://raw.githubusercontent.com/wangqi0821/uni-calendar-china/main/media/2022-07-18_08-07-06.mp4,光が綺麗でした? 最後、黒目が大きくなります??  #ミヌエット #funnycat #猫好きさんとつながりたい #catstagram #にゃんすたぐらむ #猫写真 #tuxedocat #meowed  #cutecat #bestmeow #instacat #9gag #9gagcute #一眼レフのある生活 #くつしたねこ,https://www.instagram.com/p/CgJXSVVAU6Q/
2022/7/19,https://raw.githubusercontent.com/wangqi0821/uni-calendar-china/main/media/2022-07-19_03-28-48.jpg,絵が苦手な私でも描いてみたくなる顔立ち。:3  #ミヌエット #funnycat #猫好きさんとつながりたい #catstagram #にゃんすたぐらむ #猫写真 #tuxedocat #meowed  #cutecat #bestmeow #instacat #9gag #9gagcute #一眼レフのある生活 #くつしたねこ,https://www.instagram.com/p/CgLcRljPp6K/
2022/7/19,https://raw.githubusercontent.com/wangqi0821/uni-calendar-china/main/media/2022-07-19_13-12-46.jpg,ひょこっ！ うにはつい笑ってしまう顔してますね??  #ミヌエット #funnycat #猫好きさんとつながりたい #catstagram #にゃんすたぐらむ #猫写真 #tuxedocat #meowed  #cutecat #bestmeow #instacat #9gag #9gagcute #一眼レフのある生活 #くつしたねこ,https://www.instagram.com/p/CgMfGqqvsYE/
2022/7/20,https://raw.githubusercontent.com/wangqi0821/uni-calendar-china/main/media/2022-07-20_13-01-30.jpg,肉球チラリのサービスショット??  #ミヌエット #funnycat #猫好きさんとつながりたい #catstagram #にゃんすたぐらむ #猫写真 #tuxedocat #meowed  #cutecat #bestmeow #instacat #9gag #9gagcute #一眼レフのある生活 #くつしたねこ,https://www.instagram.com/p/CgPCnA4vlRz/
2022/7/21,https://raw.githubusercontent.com/wangqi0821/uni-calendar-china/main/media/2022-07-21_12-37-55.jpg,うにたん、舌がちょこっと出てますよ??  #ミヌエット #funnycat #猫好きさんとつながりたい #catstagram #にゃんすたぐらむ #猫写真 #tuxedocat #meowed  #cutecat #bestmeow #instacat #9gag #9gagcute #一眼レフのある生活 #くつしたねこ,https://www.instagram.com/p/CgRktLtPJUb/
2022/7/22,https://raw.githubusercontent.com/wangqi0821/uni-calendar-china/main/media/2022-07-22_11-00-18.jpg,僕はライオンです！??  I'm a lion! :3  #ミヌエット #funnycat #猫好きさんとつながりたい #catstagram #にゃんすたぐらむ #猫写真 #tuxedocat #meowed  #cutecat #bestmeow #instacat #9gag #9gagcute #一眼レフのある生活 #くつしたねこ,https://www.instagram.com/p/CgT-VGwPYyb/
2022/7/23,https://raw.githubusercontent.com/wangqi0821/uni-calendar-china/main/media/2022-07-23_08-05-39.jpg,子猫の時のうに。 膝をふみふみしながら幸せそうな顔。:3  When Uni was a kitten??  #ミヌエット #funnycat #猫好きさんとつながりたい #catstagram #にゃんすたぐらむ #猫写真 #tuxedocat #meowed  #cutecat #bestmeow #instacat #9gag #9gagcute #一眼レフのある生活 #くつしたねこ,https://www.instagram.com/p/CgWPI0WvGcD/
2022/7/23,https://raw.githubusercontent.com/wangqi0821/uni-calendar-china/main/media/2022-07-23_11-11-29.mp4,すりすり??甘噛み??舌しまい忘れが可愛い???  #ミヌエット #funnycat #猫好きさんとつながりたい #catstagram #にゃんすたぐらむ #猫写真 #tuxedocat #meowed  #cutecat #bestmeow #instacat #9gag #9gagcute #一眼レフのある生活 #くつしたねこ,https://www.instagram.com/p/CgWkKuMArXm/
2022/7/24,https://raw.githubusercontent.com/wangqi0821/uni-calendar-china/main/media/2022-07-24_12-36-49.jpg,お腹が空きましたアピール??  Please give me a snack! :3  #ミヌエット #funnycat #猫好きさんとつながりたい #catstagram #にゃんすたぐらむ #猫写真 #tuxedocat #meowed  #cutecat #bestmeow #instacat #9gag #9gagcute #一眼レフのある生活 #くつしたねこ,https://www.instagram.com/p/CgZS9wkP8nX/
2022/7/25,https://raw.githubusercontent.com/wangqi0821/uni-calendar-china/main/media/2022-07-25_10-11-44.mp4,スパイうに！ 変装したり、ケンカ？したり、隠れたり…クールで強そうなうにを集めてみました???? SPY UNI! :3  （サングラスは写真を撮る時だけつけてもらいました）  #ミヌエット #funnycat #猫好きさんとつながりたい #catstagram #にゃんすたぐらむ #猫写真 #tuxedocat #meowed  #cutecat #bestmeow #instacat #9gag #9gagcute #一眼レフのある生活 #くつしたねこ,https://www.instagram.com/p/CgbnHgOAj25/
2022/7/26,https://raw.githubusercontent.com/wangqi0821/uni-calendar-china/main/media/2022-07-26_12-43-57.mp4,顔をちょっと動かしてるだけなのに可愛い??  #ミヌエット #funnycat #猫好きさんとつながりたい #catstagram #にゃんすたぐらむ #猫写真 #tuxedocat #meowed  #cutecat #bestmeow #instacat #9gag #9gagcute #一眼レフのある生活 #くつしたねこ,https://www.instagram.com/p/CgedQhwgzOb/
2022/7/27,https://raw.githubusercontent.com/wangqi0821/uni-calendar-china/main/media/2022-07-27_13-07-04.jpg,ご飯の時間が近くなると、目で訴えてきます??  #ミヌエット #funnycat #猫好きさんとつながりたい #catstagram #にゃんすたぐらむ #猫写真 #tuxedocat #meowed  #cutecat #bestmeow #instacat #9gag #9gagcute #一眼レフのある生活 #くつしたねこ,https://www.instagram.com/p/CghEz-sP2y5/
2022/7/28,"https://raw.githubusercontent.com/wangqi0821/uni-calendar-china/main/media/2022-07-28_12-42-47_1.jpg
https://raw.githubusercontent.com/wangqi0821/uni-calendar-china/main/media/2022-07-28_12-42-47_2.jpg",器用にカラーを枕にしています??  #ミヌエット #funnycat #猫好きさんとつながりたい #catstagram #にゃんすたぐらむ #猫写真 #tuxedocat #meowed  #cutecat #bestmeow #instacat #9gag #9gagcute #一眼レフのある生活 #くつしたねこ,https://www.instagram.com/p/Cgjm0_6PnQR/
2022/7/29,https://raw.githubusercontent.com/wangqi0821/uni-calendar-china/main/media/2022-07-29_12-43-14.jpg,どの紐で遊ぼうかにゃー？??  #ミヌエット #funnycat #猫好きさんとつながりたい #catstagram #にゃんすたぐらむ #猫写真 #tuxedocat #meowed  #cutecat #bestmeow #instacat #9gag #9gagcute #一眼レフのある生活 #くつしたねこ,https://www.instagram.com/p/CgmLrHoP2mw/
2022/7/30,https://raw.githubusercontent.com/wangqi0821/uni-calendar-china/main/media/2022-07-30_12-54-28.jpg,子猫の時のうに。もふもふ。  When Uni was a kitten??  #ミヌエット #funnycat #猫好きさんとつながりたい #catstagram #にゃんすたぐらむ #猫写真 #tuxedocat #meowed  #cutecat #bestmeow #instacat #9gag #9gagcute #一眼レフのある生活 #くつしたねこ,https://www.instagram.com/p/CgoxwSdh5DM/
2022/7/31,"https://raw.githubusercontent.com/wangqi0821/uni-calendar-china/main/media/2022-07-31_10-16-41_1.jpg
https://raw.githubusercontent.com/wangqi0821/uni-calendar-china/main/media/2022-07-31_10-16-41_2.jpg",その顔とおてては何…可愛い??  #ミヌエット #funnycat #猫好きさんとつながりたい #catstagram #にゃんすたぐらむ #猫写真 #tuxedocat #meowed  #cutecat #bestmeow #instacat #9gag #9gagcute #一眼レフのある生活 #くつしたねこ,https://www.instagram.com/p/CgrEfgNPT2u/
2022/8/1,"https://raw.githubusercontent.com/wangqi0821/uni-calendar-china/main/media/2022-08-01_12-37-31_1.jpg
https://raw.githubusercontent.com/wangqi0821/uni-calendar-china/main/media/2022-08-01_12-37-31_2.jpg
https://raw.githubusercontent.com/wangqi0821/uni-calendar-china/main/media/2022-08-01_12-37-31_3.jpg
https://raw.githubusercontent.com/wangqi0821/uni-calendar-china/main/media/2022-08-01_12-37-31_4.jpg",すやーすやーうとうと??  #ミヌエット #funnycat #猫好きさんとつながりたい #catstagram #にゃんすたぐらむ #猫写真 #tuxedocat #meowed  #cutecat #bestmeow #instacat #9gag #9gagcute #一眼レフのある生活 #くつしたねこ,https://www.instagram.com/p/Cgt5Z8gPLsT/
2022/8/2,https://raw.githubusercontent.com/wangqi0821/uni-calendar-china/main/media/2022-08-02_12-37-15.mp4,とことこ歩いてくるだけの動画??  #ミヌエット #funnycat #猫好きさんとつながりたい #catstagram #にゃんすたぐらむ #猫写真 #tuxedocat #meowed  #cutecat #bestmeow #instacat #9gag #9gagcute #一眼レフのある生活 #くつしたねこ,https://www.instagram.com/p/CgweEV7AnJp/
2022/8/3,https://raw.githubusercontent.com/wangqi0821/uni-calendar-china/main/media/2022-08-03_11-40-16.jpg,本当に楽しそうに遊んでくれるうに。:3  #ミヌエット #funnycat #猫好きさんとつながりたい #catstagram #にゃんすたぐらむ #猫写真 #tuxedocat #meowed  #cutecat #bestmeow #instacat #9gag #9gagcute #一眼レフのある生活 #くつしたねこ,https://www.instagram.com/p/Cgy8cWiPh-v/
2022/8/4,https://raw.githubusercontent.com/wangqi0821/uni-calendar-china/main/media/2022-08-04_11-35-27.jpg,遊んでほしいでしゅ…  #ミヌエット #funnycat #猫好きさんとつながりたい #catstagram #にゃんすたぐらむ #猫写真 #tuxedocat #meowed  #cutecat #bestmeow #instacat #9gag #9gagcute #一眼レフのある生活 #くつしたねこ,https://www.instagram.com/p/Cg1gsAOPV8a/
2022/8/5,"https://raw.githubusercontent.com/wangqi0821/uni-calendar-china/main/media/2022-08-05_12-51-02_1.jpg
https://raw.githubusercontent.com/wangqi0821/uni-calendar-china/main/media/2022-08-05_12-51-02_2.jpg
https://raw.githubusercontent.com/wangqi0821/uni-calendar-china/main/media/2022-08-05_12-51-02_3.jpg",びっくりなことがあると、顔が変わるというかフクロウっぽくなります??  #ミヌエット #funnycat #猫好きさんとつながりたい #catstagram #にゃんすたぐらむ #猫写真 #tuxedocat #meowed  #cutecat #bestmeow #instacat #9gag #9gagcute #一眼レフのある生活 #くつしたねこ,https://www.instagram.com/p/Cg4OIWLPpw9/
2022/8/6,https://raw.githubusercontent.com/wangqi0821/uni-calendar-china/main/media/2022-08-06_12-40-50.jpg,かーちゃん！早く猫じゃらしを…！:3  #ミヌエット #funnycat #猫好きさんとつながりたい #catstagram #にゃんすたぐらむ #猫写真 #tuxedocat #meowed  #cutecat #bestmeow #instacat #9gag #9gagcute #一眼レフのある生活 #くつしたねこ,https://www.instagram.com/p/Cg6xwkTPMoZ/
2022/8/7,https://raw.githubusercontent.com/wangqi0821/uni-calendar-china/main/media/2022-08-07_03-11-11.jpg,子猫時代の、あどけないうに。:3  When Uni was a kitten??  #ミヌエット #funnycat #猫好きさんとつながりたい #catstagram #にゃんすたぐらむ #猫写真 #tuxedocat #meowed  #cutecat #bestmeow #instacat #9gag #9gagcute #一眼レフのある生活 #くつしたねこ,https://www.instagram.com/p/Cg8VXJxvPet/
2022/8/8,https://raw.githubusercontent.com/wangqi0821/uni-calendar-china/main/media/2022-08-08_10-30-33.mp4,本当に寄ってくるんですね?！ あとは鳥の鳴き声の動画にも反応します????  #猫が寄ってくる音 #ミヌエット #funnycat #猫好きさんとつながりたい #catstagram #にゃんすたぐらむ #猫写真 #tuxedocat #meowed  #cutecat #bestmeow #instacat #9gag #9gagcute #一眼レフのある生活 #くつしたねこ,https://www.instagram.com/p/Cg_sY2OAezR/
2022/8/9,https://raw.githubusercontent.com/wangqi0821/uni-calendar-china/main/media/2022-08-09_11-32-49.mp4,緩衝材がいっぱい入ってて楽しかったようです??  #ミヌエット #funnycat #猫好きさんとつながりたい #catstagram #にゃんすたぐらむ #猫写真 #tuxedocat #meowed  #cutecat #bestmeow #instacat #9gag #9gagcute #一眼レフのある生活 #くつしたねこ,https://www.instagram.com/p/ChCYK1Rg_7m/
2022/8/10,https://raw.githubusercontent.com/wangqi0821/uni-calendar-china/main/media/2022-08-10_03-20-53.jpg,「ぷっくり」という言葉がぴったり！:3  #ミヌエット #funnycat #猫好きさんとつながりたい #catstagram #にゃんすたぐらむ #猫写真 #tuxedocat #meowed  #cutecat #bestmeow #instacat #9gag #9gagcute #一眼レフのある生活 #くつしたねこ,https://www.instagram.com/p/ChEE26vve97/
2022/8/10,https://raw.githubusercontent.com/wangqi0821/uni-calendar-china/main/media/2022-08-10_12-35-50.jpg,「キャッチミーイフユーキャン2」で楽しそうに遊んでるところをパシャリ??  #ミヌエット #funnycat #猫好きさんとつながりたい #catstagram #にゃんすたぐらむ #猫写真 #tuxedocat #meowed  #cutecat #bestmeow #instacat #9gag #9gagcute #一眼レフのある生活 #猫壱写真館 #猫壱 #キャッチミーイフユーキャン2,https://www.instagram.com/p/ChFEXefvhqU/
2022/8/12,"https://raw.githubusercontent.com/wangqi0821/uni-calendar-china/main/media/2022-08-12_10-29-48_1.jpg
https://raw.githubusercontent.com/wangqi0821/uni-calendar-china/main/media/2022-08-12_10-29-48_2.jpg
https://raw.githubusercontent.com/wangqi0821/uni-calendar-china/main/media/2022-08-12_10-29-48_3.jpg
https://raw.githubusercontent.com/wangqi0821/uni-calendar-china/main/media/2022-08-12_10-29-48_4.jpg
https://raw.githubusercontent.com/wangqi0821/uni-calendar-china/main/media/2022-08-12_10-29-48_5.jpg
https://raw.githubusercontent.com/wangqi0821/uni-calendar-china/main/media/2022-08-12_10-29-48_6.jpg
https://raw.githubusercontent.com/wangqi0821/uni-calendar-china/main/media/2022-08-12_10-29-48_7.jpg
https://raw.githubusercontent.com/wangqi0821/uni-calendar-china/main/media/2022-08-12_10-29-48_8.jpg
https://raw.githubusercontent.com/wangqi0821/uni-calendar-china/main/media/2022-08-12_10-29-48_9.jpg",うにをお風呂に入れました?? 何か汚れることがない限り、年に一回だけ入れるようにしてます??  貴重な機会だったので、いっぱい写真を撮ってしまいました?? また載せたいと思います?? YouTubeもぜひ見てくださいね???  #ミヌエット #funnycat #猫好きさんとつながりたい #catstagram #にゃんすたぐらむ #猫写真 #tuxedocat #meowed  #cutecat #bestmeow #instacat #9gag #9gagcute #一眼レフのある生活 #くつしたねこ,https://www.instagram.com/p/ChJ_iIavHYm/
2022/8/13,https://raw.githubusercontent.com/wangqi0821/uni-calendar-china/main/media/2022-08-13_09-46-17.mp4,お気に入りの箱に入って、寝るまでの動画です??  #ミヌエット #funnycat #猫好きさんとつながりたい #catstagram #にゃんすたぐらむ #猫写真 #tuxedocat #meowed  #cutecat #bestmeow #instacat #9gag #9gagcute #一眼レフのある生活 #くつしたねこ,https://www.instagram.com/p/ChMfUYxg4Tj/
2022/8/14,"https://raw.githubusercontent.com/wangqi0821/uni-calendar-china/main/media/2022-08-14_11-36-18_1.jpg
https://raw.githubusercontent.com/wangqi0821/uni-calendar-china/main/media/2022-08-14_11-36-18_2.jpg
https://raw.githubusercontent.com/wangqi0821/uni-calendar-china/main/media/2022-08-14_11-36-18_3.jpg
https://raw.githubusercontent.com/wangqi0821/uni-calendar-china/main/media/2022-08-14_11-36-18_4.jpg
https://raw.githubusercontent.com/wangqi0821/uni-calendar-china/main/media/2022-08-14_11-36-18_5.jpg
https://raw.githubusercontent.com/wangqi0821/uni-calendar-china/main/media/2022-08-14_11-36-18_6.jpg
https://raw.githubusercontent.com/wangqi0821/uni-calendar-china/main/media/2022-08-14_11-36-18_7.jpg
https://raw.githubusercontent.com/wangqi0821/uni-calendar-china/main/media/2022-08-14_11-36-18_8.jpg",お風呂写真の続きです??  乾かしてる間は虚無の顔になってましたね? 8枚目の写真は不機嫌そうな表情をバッチリ捉えました??  うにたん、お疲れ様！  #ミヌエット #funnycat #猫好きさんとつながりたい #catstagram #にゃんすたぐらむ #猫写真 #tuxedocat #meowed  #cutecat #bestmeow #instacat #9gag #9gagcute #一眼レフのある生活 #くつしたねこ,https://www.instagram.com/p/ChPQu5avjqe/
2022/8/15,"https://raw.githubusercontent.com/wangqi0821/uni-calendar-china/main/media/2022-08-15_11-38-08_1.jpg
https://raw.githubusercontent.com/wangqi0821/uni-calendar-china/main/media/2022-08-15_11-38-08_2.jpg",特技：子猫みたいな表情??  #ミヌエット #funnycat #猫好きさんとつながりたい #catstagram #にゃんすたぐらむ #猫写真 #tuxedocat #meowed  #cutecat #bestmeow #instacat #9gag #9gagcute #一眼レフのある生活 #くつしたねこ,https://www.instagram.com/p/ChR1vNev180/
2022/8/16,https://raw.githubusercontent.com/wangqi0821/uni-calendar-china/main/media/2022-08-16_11-35-36.mp4,降りる時は慎重なうにです。:3 （鳴き声入りです??）  Uni is so cautious!  #ミヌエット #funnycat #猫好きさんとつながりたい #catstagram #にゃんすたぐらむ #猫写真 #tuxedocat #meowed  #cutecat #bestmeow #instacat #9gag #9gagcute #一眼レフのある生活 #くつしたねこ,https://www.instagram.com/p/ChUaJRJgx-0/
2022/8/17,https://raw.githubusercontent.com/wangqi0821/uni-calendar-china/main/media/2022-08-17_12-21-32.jpg,もふもふ?ぬいぐるみみたい??  #ミヌエット #funnycat #猫好きさんとつながりたい #catstagram #にゃんすたぐらむ #猫写真 #tuxedocat #meowed  #cutecat #bestmeow #instacat #9gag #9gagcute #一眼レフのある生活 #くつしたねこ,https://www.instagram.com/p/ChXESy_PSfo/
2022/8/18,"https://raw.githubusercontent.com/wangqi0821/uni-calendar-china/main/media/2022-08-18_11-14-03_1.jpg
https://raw.githubusercontent.com/wangqi0821/uni-calendar-china/main/media/2022-08-18_11-14-03_2.jpg",全体的に丸っこい。:3  #ミヌエット #funnycat #猫好きさんとつながりたい #catstagram #にゃんすたぐらむ #猫写真 #tuxedocat #meowed  #cutecat #bestmeow #instacat #9gag #9gagcute #一眼レフのある生活 #くつしたねこ,https://www.instagram.com/p/ChZhXczvSSn/
2022/8/19,https://raw.githubusercontent.com/wangqi0821/uni-calendar-china/main/media/2022-08-19_12-54-55.jpg,今日はどの猫じゃらしかな？ ワクワクのうにです。:3  #ミヌエット #funnycat #猫好きさんとつながりたい #catstagram #にゃんすたぐらむ #猫写真 #tuxedocat #meowed  #cutecat #bestmeow #instacat #9gag #9gagcute #一眼レフのある生活 #くつしたねこ,https://www.instagram.com/p/ChcRtGIPaB1/
2022/8/20,https://raw.githubusercontent.com/wangqi0821/uni-calendar-china/main/media/2022-08-20_11-20-26.jpg,猫じゃらしで遊んでるだけなのに可愛い???  #ミヌエット #funnycat #猫好きさんとつながりたい #catstagram #にゃんすたぐらむ #猫写真 #tuxedocat #meowed  #cutecat #bestmeow #instacat #9gag #9gagcute #一眼レフのある生活 #くつしたねこ,https://www.instagram.com/p/Cherr-YPCZF/
2022/8/21,https://raw.githubusercontent.com/wangqi0821/uni-calendar-china/main/media/2022-08-21_10-30-31.jpg,僕は強い！ライオンなんで！????  #ミヌエット #funnycat #猫好きさんとつながりたい #catstagram #にゃんすたぐらむ #猫写真 #tuxedocat #meowed  #cutecat #bestmeow #instacat #9gag #9gagcute #一眼レフのある生活 #くつしたねこ,https://www.instagram.com/p/ChhKxMwPUgK/
2022/8/22,"https://raw.githubusercontent.com/wangqi0821/uni-calendar-china/main/media/2022-08-22_10-59-28_1.jpg
https://raw.githubusercontent.com/wangqi0821/uni-calendar-china/main/media/2022-08-22_10-59-28_2.jpg",猫じゃらし待ちのうに。 ワクワクしてて可愛い??  #ミヌエット #funnycat #猫好きさんとつながりたい #catstagram #にゃんすたぐらむ #猫写真 #tuxedocat #meowed  #cutecat #bestmeow #instacat #9gag #9gagcute #一眼レフのある生活 #くつしたねこ,https://www.instagram.com/p/Chjy4KHvWas/
2022/8/23,https://raw.githubusercontent.com/wangqi0821/uni-calendar-china/main/media/2022-08-23_12-50-21.jpg,玄関でちょこんとおすわり??  ひんやりしてるからか、玄関好きみたいです。 おかげで毎日玄関は綺麗にしよう！ってなります??  #ミヌエット #funnycat #猫好きさんとつながりたい #catstagram #にゃんすたぐらむ #猫写真 #tuxedocat #meowed  #cutecat #bestmeow #instacat #9gag #9gagcute #一眼レフのある生活 #くつしたねこ,https://www.instagram.com/p/ChmkXGbPaQJ/
2022/8/24,https://raw.githubusercontent.com/wangqi0821/uni-calendar-china/main/media/2022-08-24_11-23-52.mp4,子猫時代のお風呂??  When Uni was a kitten??  #ミヌエット #funnycat #猫好きさんとつながりたい #catstagram #にゃんすたぐらむ #猫写真 #tuxedocat #meowed  #cutecat #bestmeow #instacat #9gag #9gagcute #一眼レフのある生活 #くつしたねこ,https://www.instagram.com/p/Cho-5n2A0Ea/
2022/8/25,https://raw.githubusercontent.com/wangqi0821/uni-calendar-china/main/media/2022-08-25_11-05-20.mp4,短いあんよで一生懸命！  最後のカメラ目線にときめきました??  #ミヌエット #funnycat #猫好きさんとつながりたい #catstagram #にゃんすたぐらむ #猫写真 #tuxedocat #meowed  #cutecat #bestmeow #instacat #9gag #9gagcute #一眼レフのある生活 #くつしたねこ,https://www.instagram.com/p/ChrhyVAAFik/
2022/8/26,"https://raw.githubusercontent.com/wangqi0821/uni-calendar-china/main/media/2022-08-26_02-59-03_1.jpg
https://raw.githubusercontent.com/wangqi0821/uni-calendar-china/main/media/2022-08-26_02-59-03_2.jpg",リラックスうにたん。 見てるこちらが癒されます。:3  #ミヌエット #funnycat #猫好きさんとつながりたい #catstagram #にゃんすたぐらむ #猫写真 #tuxedocat #meowed  #cutecat #bestmeow #instacat #9gag #9gagcute #一眼レフのある生活 #くつしたねこ,https://www.instagram.com/p/ChtPE9QvKy7/
2022/8/26,https://raw.githubusercontent.com/wangqi0821/uni-calendar-china/main/media/2022-08-26_11-17-32.jpg,優しい雰囲気のうに。:3  #ミヌエット #funnycat #猫好きさんとつながりたい #catstagram #にゃんすたぐらむ #猫写真 #tuxedocat #meowed  #cutecat #bestmeow #instacat #9gag #9gagcute #一眼レフのある生活 #くつしたねこ,https://www.instagram.com/p/ChuIH9FvAOf/
2022/8/27,https://raw.githubusercontent.com/wangqi0821/uni-calendar-china/main/media/2022-08-27_11-37-19.mp4,ちゅーるを食べに来るうにが可愛かったので??  #ミヌエット #funnycat #猫好きさんとつながりたい #catstagram #にゃんすたぐらむ #猫写真 #tuxedocat #meowed  #cutecat #bestmeow #instacat #9gag #9gagcute #一眼レフのある生活 #くつしたねこ,https://www.instagram.com/p/ChwvG5YAtPZ/
2022/8/28,"https://raw.githubusercontent.com/wangqi0821/uni-calendar-china/main/media/2022-08-28_11-13-45_1.jpg
https://raw.githubusercontent.com/wangqi0821/uni-calendar-china/main/media/2022-08-28_11-13-45_2.jpg",一生懸命遊ぶうにが可愛すぎました???  #ミヌエット #funnycat #猫好きさんとつながりたい #catstagram #にゃんすたぐらむ #猫写真 #tuxedocat #meowed  #cutecat #bestmeow #instacat #9gag #9gagcute #一眼レフのある生活 #くつしたねこ,https://www.instagram.com/p/ChzRR9jv_FD/
2022/8/29,https://raw.githubusercontent.com/wangqi0821/uni-calendar-china/main/media/2022-08-29_10-57-51.mp4,甘えん坊モードのうに?? 手のひらの上で寝て可愛かったです??  #ミヌエット #funnycat #猫好きさんとつながりたい #catstagram #にゃんすたぐらむ #猫写真 #tuxedocat #meowed  #cutecat #bestmeow #instacat #9gag #9gagcute #一眼レフのある生活 #くつしたねこ,https://www.instagram.com/p/Ch10MaLAFAC/
2022/8/30,https://raw.githubusercontent.com/wangqi0821/uni-calendar-china/main/media/2022-08-30_11-22-55.jpg,おやつのおねだりが可愛かった???  #ミヌエット #funnycat #猫好きさんとつながりたい #catstagram #にゃんすたぐらむ #猫写真 #tuxedocat #meowed  #cutecat #bestmeow #instacat #9gag #9gagcute #一眼レフのある生活 #くつしたねこ,https://www.instagram.com/p/Ch4b62-PbeG/
2022/8/31,https://raw.githubusercontent.com/wangqi0821/uni-calendar-china/main/media/2022-08-31_10-09-56.jpg,パインとうに?? 謎の組み合わせ??  #ミヌエット #funnycat #猫好きさんとつながりたい #catstagram #にゃんすたぐらむ #猫写真 #tuxedocat #meowed  #cutecat #bestmeow #instacat #9gag #9gagcute #一眼レフのある生活 #くつしたねこ,https://www.instagram.com/p/Ch64XSJv4NS/
2022/9/1,https://raw.githubusercontent.com/wangqi0821/uni-calendar-china/main/media/2022-09-01_10-36-09.jpg,ハイタッチ、する？ Give me five!  #ミヌエット #funnycat #猫好きさんとつながりたい #catstagram #にゃんすたぐらむ #猫写真 #tuxedocat #meowed  #cutecat #bestmeow #instacat #9gag #9gagcute #一眼レフのある生活 #くつしたねこ,https://www.instagram.com/p/Ch9gKIRPt_e/
2022/9/2,"https://raw.githubusercontent.com/wangqi0821/uni-calendar-china/main/media/2022-09-02_10-59-01_1.jpg
https://raw.githubusercontent.com/wangqi0821/uni-calendar-china/main/media/2022-09-02_10-59-01_2.jpg",相変わらず子猫みたいなうに。:3  #ミヌエット #funnycat #猫好きさんとつながりたい #catstagram #にゃんすたぐらむ #猫写真 #tuxedocat #meowed  #cutecat #bestmeow #instacat #9gag #9gagcute #一眼レフのある生活 #くつしたねこ,https://www.instagram.com/p/CiAHkaRpLPk/
2022/9/3,https://raw.githubusercontent.com/wangqi0821/uni-calendar-china/main/media/2022-09-03_05-22-52.jpg,遊んでほしいモードのうに。:3  #ミヌエット #funnycat #猫好きさんとつながりたい #catstagram #にゃんすたぐらむ #猫写真 #tuxedocat #meowed  #cutecat #bestmeow #instacat #9gag #9gagcute #一眼レフのある生活 #くつしたねこ,https://www.instagram.com/p/CiCvZHzpuU9/
2022/9/3,https://raw.githubusercontent.com/wangqi0821/uni-calendar-china/main/media/2022-09-03_11-25-28.jpg,遊んでほしいでしゅ……。:3  #ミヌエット #funnycat #猫好きさんとつながりたい #catstagram #にゃんすたぐらむ #猫写真 #tuxedocat #meowed  #cutecat #bestmeow #instacat #9gag #9gagcute #一眼レフのある生活 #くつしたねこ,https://www.instagram.com/p/CiCF5TPJ5Dk/
2022/9/4,https://raw.githubusercontent.com/wangqi0821/uni-calendar-china/main/media/2022-09-04_12-09-39.mp4,しっぽで遊ぶなんて子猫みたい??  曲のタイトルが動画の内容にピッタリ！:3  #ミヌエット #funnycat #猫好きさんとつながりたい #catstagram #にゃんすたぐらむ #猫写真 #tuxedocat #meowed  #cutecat #bestmeow #instacat #9gag #9gagcute #一眼レフのある生活 #くつしたねこ,https://www.instagram.com/p/CiFZJS3JXTU/
2022/9/5,https://raw.githubusercontent.com/wangqi0821/uni-calendar-china/main/media/2022-09-05_11-58-30.jpg,お風呂から上がるのをただじーっと待ってます。:3  #ミヌエット #funnycat #猫好きさんとつながりたい #catstagram #にゃんすたぐらむ #猫写真 #tuxedocat #meowed  #cutecat #bestmeow #instacat #9gag #9gagcute #一眼レフのある生活 #くつしたねこ,https://www.instagram.com/p/CiH8w0yJ3LB/
2022/9/6,https://raw.githubusercontent.com/wangqi0821/uni-calendar-china/main/media/2022-09-06_11-19-11.mp4,可愛く撮れたうにたん。  あおばの動きをキョロキョロしながら見てます??  #ミヌエット #funnycat #猫好きさんとつながりたい #catstagram #にゃんすたぐらむ #猫写真 #tuxedocat #meowed  #cutecat #bestmeow #instacat #9gag #9gagcute #一眼レフのある生活 #くつしたねこ,https://www.instagram.com/p/CiKc4SYpT7V/
2022/9/7,https://raw.githubusercontent.com/wangqi0821/uni-calendar-china/main/media/2022-09-07_12-51-22.jpg,遊びに集中してキャラクターっぽくなってるうに。:3  #ミヌエット #funnycat #猫好きさんとつながりたい #catstagram #にゃんすたぐらむ #猫写真 #tuxedocat #meowed  #cutecat #bestmeow #instacat #9gag #9gagcute #一眼レフのある生活 #くつしたねこ,https://www.instagram.com/p/CiNMZxCPRvc/
2022/9/8,https://raw.githubusercontent.com/wangqi0821/uni-calendar-china/main/media/2022-09-08_11-24-49.jpg,お行儀よくちょこん。:3  #ミヌエット #funnycat #猫好きさんとつながりたい #catstagram #にゃんすたぐらむ #猫写真 #tuxedocat #meowed  #cutecat #bestmeow #instacat #9gag #9gagcute #一眼レフのある生活 #くつしたねこ,https://www.instagram.com/p/CiPnSrrPg2i/
2022/9/9,"https://raw.githubusercontent.com/wangqi0821/uni-calendar-china/main/media/2022-09-09_12-43-32_1.jpg
https://raw.githubusercontent.com/wangqi0821/uni-calendar-china/main/media/2022-09-09_12-43-32_2.jpg
https://raw.githubusercontent.com/wangqi0821/uni-calendar-china/main/media/2022-09-09_12-43-32_3.jpg",鏡の中の自分が気になるなんて子猫みたい??  #ミヌエット #funnycat #猫好きさんとつながりたい #catstagram #にゃんすたぐらむ #猫写真 #tuxedocat #meowed  #cutecat #bestmeow #instacat #9gag #9gagcute #一眼レフのある生活 #くつしたねこ,https://www.instagram.com/p/CiSVGITPvTx/
2022/9/10,https://raw.githubusercontent.com/wangqi0821/uni-calendar-china/main/media/2022-09-10_11-23-15.jpg,謎の表情と謎のポーズ。:3  前足が外向いてて可愛い??  #ミヌエット #funnycat #猫好きさんとつながりたい #catstagram #にゃんすたぐらむ #猫写真 #tuxedocat #meowed  #cutecat #bestmeow #instacat #9gag #9gagcute #一眼レフのある生活 #くつしたねこ,https://www.instagram.com/p/CiUws8-vt7q/
2022/9/11,"https://raw.githubusercontent.com/wangqi0821/uni-calendar-china/main/media/2022-09-11_07-54-19_1.jpg
https://raw.githubusercontent.com/wangqi0821/uni-calendar-china/main/media/2022-09-11_07-54-19_2.jpg
https://raw.githubusercontent.com/wangqi0821/uni-calendar-china/main/media/2022-09-11_07-54-19_3.jpg
https://raw.githubusercontent.com/wangqi0821/uni-calendar-china/main/media/2022-09-11_07-54-19_4.jpg
https://raw.githubusercontent.com/wangqi0821/uni-calendar-china/main/media/2022-09-11_07-54-19_5.jpg","Paso様（@paso.jewelry）のペットチャームをお試しさせて頂きました??  Paso（パソ）は2015年からスタートしたハンドメイドジュエリーブランド? そのPasoより""Paso for pets”がスタート、ペットチャームが登場したとのことです??  ペットチャームはMサイズ（直径1.5㎝）、Sサイズ（直径0.9㎝）の２種類。 表に名前、裏に電話番号の刻印サービスあり?? うにがつけているチャームはSサイズです。  うにもどことなくラグジュアリーな雰囲気…！？ ちょっと得意げな表情に見えます?? （4枚目、「フフン」とか言ってそう。笑）  公式サイトもインスタもとても素敵ですので、是非見てみて下さいね??  #PR #pasojewelry #pasoforpets  #ミヌエット #funnycat #猫好きさんとつながりたい #catstagram #にゃんすたぐらむ #猫写真 #tuxedocat #meowed  #cutecat #bestmeow #instacat #9gag #9gagcute #一眼レフのある生活 #くつしたねこ",https://www.instagram.com/p/CiW9lmuv0c0/
2022/9/12,https://raw.githubusercontent.com/wangqi0821/uni-calendar-china/main/media/2022-09-12_10-13-05.mp4,before→after??  可愛い子猫からキリッ！:3  #ミヌエット #funnycat #猫好きさんとつながりたい #catstagram #にゃんすたぐらむ #猫写真 #tuxedocat #meowed  #cutecat #bestmeow #instacat #9gag #9gagcute #一眼レフのある生活 #くつしたねこ,https://www.instagram.com/p/CiZyJ0QAjh6/
2022/9/13,https://raw.githubusercontent.com/wangqi0821/uni-calendar-china/main/media/2022-09-13_12-31-54.jpg,指についた、おやつの粉までチューチューしてました??  #ミヌエット #funnycat #猫好きさんとつながりたい #catstagram #にゃんすたぐらむ #猫写真 #tuxedocat #meowed  #cutecat #bestmeow #instacat #9gag #9gagcute #一眼レフのある生活 #くつしたねこ,https://www.instagram.com/p/Cicm8XCvW4l/
2022/9/14,https://raw.githubusercontent.com/wangqi0821/uni-calendar-china/main/media/2022-09-14_11-14-30.mp4,うにたん、生まれて初めての「シャー！」  歯石取りのため、半日病院にいたあおばに病院のにおいがうつっちゃったみたいで、そのにおいがダメだったみたいです??  しばらくシャーシャー言ってました??  #ミヌエット #funnycat #猫好きさんとつながりたい #catstagram #にゃんすたぐらむ #猫写真 #tuxedocat #meowed  #cutecat #bestmeow #instacat #9gag #9gagcute #一眼レフのある生活 #くつしたねこ,https://www.instagram.com/p/CifCeiXAAAY/
2022/9/14,https://raw.githubusercontent.com/wangqi0821/uni-calendar-china/main/media/2022-09-14_12-38-25.jpg,寝る前はちゃんと遊んでほしいうに。:3 トンネルで待ってます??  #ミヌエット #funnycat #猫好きさんとつながりたい #catstagram #にゃんすたぐらむ #猫写真 #tuxedocat #meowed  #cutecat #bestmeow #instacat #9gag #9gagcute #一眼レフのある生活 #くつしたねこ,https://www.instagram.com/p/CifMe8aPsJL/
2022/9/15,"https://raw.githubusercontent.com/wangqi0821/uni-calendar-china/main/media/2022-09-15_12-55-53_1.jpg
https://raw.githubusercontent.com/wangqi0821/uni-calendar-china/main/media/2022-09-15_12-55-53_2.jpg
https://raw.githubusercontent.com/wangqi0821/uni-calendar-china/main/media/2022-09-15_12-55-53_3.jpg",爪切りの時は、意識をちょっと遠くへ飛ばしてる感じが可愛いです??  #ミヌエット #funnycat #猫好きさんとつながりたい #catstagram #にゃんすたぐらむ #猫写真 #tuxedocat #meowed  #cutecat #bestmeow #instacat #9gag #9gagcute #一眼レフのある生活 #くつしたねこ,https://www.instagram.com/p/CihzR0KPC-x/
2022/9/16,https://raw.githubusercontent.com/wangqi0821/uni-calendar-china/main/media/2022-09-16_11-43-55.jpg,おててないないしているうに。:3  #ミヌエット #funnycat #猫好きさんとつながりたい #catstagram #にゃんすたぐらむ #猫写真 #tuxedocat #meowed  #cutecat #bestmeow #instacat #9gag #9gagcute #一眼レフのある生活 #くつしたねこ,https://www.instagram.com/p/CikP1kpvWCS/
2022/9/17,https://raw.githubusercontent.com/wangqi0821/uni-calendar-china/main/media/2022-09-17_12-32-59.jpg,毎日可愛い。どんどん可愛い。:3  #ミヌエット #funnycat #猫好きさんとつながりたい #catstagram #にゃんすたぐらむ #猫写真 #tuxedocat #meowed  #cutecat #bestmeow #instacat #9gag #9gagcute #一眼レフのある生活 #くつしたねこ,https://www.instagram.com/p/Cim6P4vveNf/
2022/9/19,https://raw.githubusercontent.com/wangqi0821/uni-calendar-china/main/media/2022-09-19_03-25-56.jpg,キャリーからお気に入りの箱へ移動?? そしてやっぱり眠たくなるようです??  #ミヌエット #funnycat #猫好きさんとつながりたい #catstagram #にゃんすたぐらむ #猫写真 #tuxedocat #meowed  #cutecat #bestmeow #instacat #9gag #9gagcute #一眼レフのある生活 #くつしたねこ,https://www.instagram.com/p/CirysdmA9UU/
2022/9/19,https://raw.githubusercontent.com/wangqi0821/uni-calendar-china/main/media/2022-09-19_10-03-28.mp4,猫じゃらしに夢中！のうに  #ミヌエット #funnycat #猫好きさんとつながりたい #catstagram #にゃんすたぐらむ #猫写真 #tuxedocat #meowed  #cutecat #bestmeow #instacat #9gag #9gagcute #一眼レフのある生活 #くつしたねこ,https://www.instagram.com/p/CirFO7RvmQN/
2022/9/20,https://raw.githubusercontent.com/wangqi0821/uni-calendar-china/main/media/2022-09-20_12-57-58.jpg,ご飯入れの食器を洗ってる間にちょこんとおすわり。:3  #ミヌエット #funnycat #猫好きさんとつながりたい #catstagram #にゃんすたぐらむ #猫写真 #tuxedocat #meowed  #cutecat #bestmeow #instacat #9gag #9gagcute #一眼レフのある生活 #くつしたねこ,https://www.instagram.com/p/CiurfbWvM4D/
2022/9/21,https://raw.githubusercontent.com/wangqi0821/uni-calendar-china/main/media/2022-09-21_12-30-08.mp4,ほっぺたをぷにぷにされても動じないうに??  #ミヌエット #funnycat #猫好きさんとつながりたい #catstagram #にゃんすたぐらむ #猫写真 #tuxedocat #meowed  #cutecat #bestmeow #instacat #9gag #9gagcute #一眼レフのある生活 #くつしたねこ,https://www.instagram.com/p/CixM5L-A8tg/
2022/9/22,https://raw.githubusercontent.com/wangqi0821/uni-calendar-china/main/media/2022-09-22_11-21-22.jpg,ズンズン！  #ミヌエット #funnycat #猫好きさんとつながりたい #catstagram #にゃんすたぐらむ #猫写真 #tuxedocat #meowed  #cutecat #bestmeow #instacat #9gag #9gagcute #一眼レフのある生活 #くつしたねこ,https://www.instagram.com/p/CizqBqpvEeR/
2022/9/23,https://raw.githubusercontent.com/wangqi0821/uni-calendar-china/main/media/2022-09-23_10-10-19.mp4,メモ帳をパラパラしただけで、ちょっとびっくり?? でもこれはこれで楽しかったみたいです??  #ミヌエット #funnycat #猫好きさんとつながりたい #catstagram #にゃんすたぐらむ #猫写真 #tuxedocat #meowed  #cutecat #bestmeow #instacat #9gag #9gagcute #一眼レフのある生活 #くつしたねこ,https://www.instagram.com/p/Ci2Gp9og5SG/
2022/9/24,https://raw.githubusercontent.com/wangqi0821/uni-calendar-china/main/media/2022-09-24_11-43-00.mp4,天井に虫がいて興奮してる時のうにの鳴き声??  #ミヌエット #funnycat #猫好きさんとつながりたい #catstagram #にゃんすたぐらむ #猫写真 #tuxedocat #meowed  #cutecat #bestmeow #instacat #9gag #9gagcute #一眼レフのある生活 #くつしたねこ,https://www.instagram.com/p/Ci416yMA37y/
2022/9/25,https://raw.githubusercontent.com/wangqi0821/uni-calendar-china/main/media/2022-09-25_11-28-07.jpg,呼んだ？  Did you call me ? :3  #ミヌエット #funnycat #猫好きさんとつながりたい #catstagram #にゃんすたぐらむ #猫写真 #tuxedocat #meowed  #cutecat #bestmeow #instacat #9gag #9gagcute #一眼レフのある生活 #くつしたねこ,https://www.instagram.com/p/Ci7ZLrjv25k/
2022/9/26,"https://raw.githubusercontent.com/wangqi0821/uni-calendar-china/main/media/2022-09-26_12-54-52_1.jpg
https://raw.githubusercontent.com/wangqi0821/uni-calendar-china/main/media/2022-09-26_12-54-52_2.jpg",やっぱりこの箱が一番好き！:3  #ミヌエット #funnycat #猫好きさんとつながりたい #catstagram #にゃんすたぐらむ #猫写真 #tuxedocat #meowed  #cutecat #bestmeow #instacat #9gag #9gagcute #一眼レフのある生活 #くつしたねこ,https://www.instagram.com/p/Ci-H577PZYj/
2022/9/27,https://raw.githubusercontent.com/wangqi0821/uni-calendar-china/main/media/2022-09-27_12-39-08.jpg,無印の「人をダメにするクッション」ですやすや??  一年前に買って、それまで見向きもしなかったのに急に気持ちよさに気付いたみたいです??  #ミヌエット #funnycat #猫好きさんとつながりたい #catstagram #にゃんすたぐらむ #猫写真 #tuxedocat #meowed  #cutecat #bestmeow #instacat #9gag #9gagcute #一眼レフのある生活 #くつしたねこ,https://www.instagram.com/p/CjAq5nwv6AP/
2022/9/28,https://raw.githubusercontent.com/wangqi0821/uni-calendar-china/main/media/2022-09-28_11-00-36.jpg,にゅっ！:3  #ミヌエット #funnycat #猫好きさんとつながりたい #catstagram #にゃんすたぐらむ #猫写真 #tuxedocat #meowed  #cutecat #bestmeow #instacat #9gag #9gagcute #一眼レフのある生活 #くつしたねこ,https://www.instagram.com/p/CjDEa1hvt4X/
2022/9/29,https://raw.githubusercontent.com/wangqi0821/uni-calendar-china/main/media/2022-09-29_10-56-59.mp4,作りながら癒されました??  #ミヌエット #funnycat #猫好きさんとつながりたい #catstagram #にゃんすたぐらむ #猫写真 #tuxedocat #meowed  #cutecat #bestmeow #instacat #9gag #9gagcute #一眼レフのある生活 #くつしたねこ,https://www.instagram.com/p/CjFoxMDgiDV/
2022/9/30,https://raw.githubusercontent.com/wangqi0821/uni-calendar-china/main/media/2022-09-30_12-42-08.jpg,ちょうど1年前、1歳の時のうに??  ちょっとあどけないような… いや、ほとんど変わらないですね??  #ミヌエット #funnycat #猫好きさんとつながりたい #catstagram #にゃんすたぐらむ #猫写真 #tuxedocat #meowed  #cutecat #bestmeow #instacat #9gag #9gagcute #一眼レフのある生活 #くつしたねこ,https://www.instagram.com/p/CjIZoO_vxIx/
2022/10/1,https://raw.githubusercontent.com/wangqi0821/uni-calendar-china/main/media/2022-10-01_12-11-00.jpg,高い所にのぼると得意げになるうに。:3  #ミヌエット #funnycat #猫好きさんとつながりたい #catstagram #にゃんすたぐらむ #猫写真 #tuxedocat #meowed  #cutecat #bestmeow #instacat #9gag #9gagcute #一眼レフのある生活 #くつしたねこ #角川武蔵野ねこミュージアム #いいこだね,https://www.instagram.com/p/CjK63IAPLkZ/
2022/10/2,https://raw.githubusercontent.com/wangqi0821/uni-calendar-china/main/media/2022-10-02_12-42-45.mp4,うにが近づいてきた！:3  #ミヌエット #funnycat #猫好きさんとつながりたい #catstagram #にゃんすたぐらむ #猫写真 #tuxedocat #meowed  #cutecat #bestmeow #instacat #9gag #9gagcute #一眼レフのある生活 #くつしたねこ,https://www.instagram.com/p/CjNjM1agsFw/
2022/10/3,https://raw.githubusercontent.com/wangqi0821/uni-calendar-china/main/media/2022-10-03_11-20-32.jpg,大雨の音にイカ耳のうに。:3  #ミヌエット #funnycat #猫好きさんとつながりたい #catstagram #にゃんすたぐらむ #猫写真 #tuxedocat #meowed  #cutecat #bestmeow #instacat #9gag #9gagcute #一眼レフのある生活 #くつしたねこ #角川武蔵野ねこミュージアム #いいこだね,https://www.instagram.com/p/CjP-rO1PhXp/
2022/10/4,"https://raw.githubusercontent.com/wangqi0821/uni-calendar-china/main/media/2022-10-04_13-00-46_1.jpg
https://raw.githubusercontent.com/wangqi0821/uni-calendar-china/main/media/2022-10-04_13-00-46_2.jpg",流し目？のうにと伏し目のうに??  #ミヌエット #funnycat #猫好きさんとつながりたい #catstagram #にゃんすたぐらむ #猫写真 #tuxedocat #meowed  #cutecat #bestmeow #instacat #9gag #9gagcute #一眼レフのある生活 #くつしたねこ #いいこだね #角川武蔵野ねこミュージアム,https://www.instagram.com/p/CjSu8KsPlzU/
2022/10/5,https://raw.githubusercontent.com/wangqi0821/uni-calendar-china/main/media/2022-10-05_11-30-37.mp4,しっぽふりふりするだけの動画  #ミヌエット #funnycat #猫好きさんとつながりたい #catstagram #にゃんすたぐらむ #猫写真 #tuxedocat #meowed  #cutecat #bestmeow #instacat #9gag #9gagcute #一眼レフのある生活 #くつしたねこ,https://www.instagram.com/p/CjVJXlvgFGM/
2022/10/6,https://raw.githubusercontent.com/wangqi0821/uni-calendar-china/main/media/2022-10-06_12-57-45.jpg,今から降りるよー！:3  #ミヌエット #funnycat #猫好きさんとつながりたい #catstagram #にゃんすたぐらむ #猫写真 #tuxedocat #meowed  #cutecat #bestmeow #instacat #9gag #9gagcute #一眼レフのある生活 #くつしたねこ #いいこだね  #角川武蔵野ねこミュージアム,https://www.instagram.com/p/CjX4L3MvnKJ/
2022/10/7,https://raw.githubusercontent.com/wangqi0821/uni-calendar-china/main/media/2022-10-07_10-46-23.mp4,起こされても幸せです??  #ミヌエット #funnycat #猫好きさんとつながりたい #catstagram #にゃんすたぐらむ #猫写真 #tuxedocat #meowed  #cutecat #bestmeow #instacat #9gag #9gagcute #一眼レフのある生活 #くつしたねこ,https://www.instagram.com/p/CjaNzmMggeq/
2022/10/8,"https://raw.githubusercontent.com/wangqi0821/uni-calendar-china/main/media/2022-10-08_11-36-20_1.jpg
https://raw.githubusercontent.com/wangqi0821/uni-calendar-china/main/media/2022-10-08_11-36-20_2.jpg",病院の先生から「この子、全然太ってないけど……顔が丸くて大きいね」と言われてしまったうに??  #ミヌエット #funnycat #猫好きさんとつながりたい #catstagram #にゃんすたぐらむ #猫写真 #tuxedocat #meowed  #cutecat #bestmeow #instacat #9gag #9gagcute #一眼レフのある生活 #くつしたねこ#いいこだね #角川武蔵野ねこミュージアム,https://www.instagram.com/p/Cjc4dQpvKhk/
2022/10/9,https://raw.githubusercontent.com/wangqi0821/uni-calendar-china/main/media/2022-10-09_11-31-31.jpg,ちゅ?るの食べ方が可愛すぎる。:3  #ミヌエット #funnycat #猫好きさんとつながりたい #catstagram #にゃんすたぐらむ #猫写真 #tuxedocat #meowed  #cutecat #bestmeow #instacat #9gag #9gagcute #一眼レフのある生活 #くつしたねこ #いいこだね  #角川武蔵野ねこミュージアム,https://www.instagram.com/p/Cjfcs5NPVdl/
2022/10/10,https://raw.githubusercontent.com/wangqi0821/uni-calendar-china/main/media/2022-10-10_10-43-05.jpg,何とも言えない表情が可愛すぎる。:3  #ミヌエット #funnycat #猫好きさんとつながりたい #catstagram #にゃんすたぐらむ #猫写真 #tuxedocat #meowed  #cutecat #bestmeow #instacat #9gag #9gagcute #一眼レフのある生活 #くつしたねこ #いいこだね　 #角川武蔵野ねこミュージアム,https://www.instagram.com/p/Cjh79DzvqDF/
2022/10/11,"https://raw.githubusercontent.com/wangqi0821/uni-calendar-china/main/media/2022-10-11_12-50-09_1.jpg
https://raw.githubusercontent.com/wangqi0821/uni-calendar-china/main/media/2022-10-11_12-50-09_2.jpg",うとうと…すーすー??  #ミヌエット #funnycat #猫好きさんとつながりたい #catstagram #にゃんすたぐらむ #猫写真 #tuxedocat #meowed  #cutecat #bestmeow #instacat #9gag #9gagcute #一眼レフのある生活 #くつしたねこ #いいこだね  #角川武蔵野ねこミュージアム,https://www.instagram.com/p/CjkvSlwvcjM/
2022/10/12,"https://raw.githubusercontent.com/wangqi0821/uni-calendar-china/main/media/2022-10-12_03-25-26_1.jpg
https://raw.githubusercontent.com/wangqi0821/uni-calendar-china/main/media/2022-10-12_03-25-26_2.jpg",美味しそうなにおい…… （うには食べた後です??）  #ミヌエット #funnycat #猫好きさんとつながりたい #catstagram #にゃんすたぐらむ #猫写真 #tuxedocat #meowed  #cutecat #bestmeow #instacat #9gag #9gagcute #一眼レフのある生活 #くつしたねこ #いいこだね #角川武蔵野ねこミュージアム,https://www.instagram.com/p/CjmTdXFvGfY/
2022/10/12,https://raw.githubusercontent.com/wangqi0821/uni-calendar-china/main/media/2022-10-12_12-43-01.jpg,ぼくは、うに。  #ミヌエット #funnycat #猫好きさんとつながりたい #catstagram #にゃんすたぐらむ #猫写真 #tuxedocat #meowed  #cutecat #bestmeow #instacat #9gag #9gagcute #一眼レフのある生活 #くつしたねこ #いいこだね #角川武蔵野ねこミュージアム,https://www.instagram.com/p/CjnTRKoPh-1/
2022/10/13,"https://raw.githubusercontent.com/wangqi0821/uni-calendar-china/main/media/2022-10-13_11-18-08_1.jpg
https://raw.githubusercontent.com/wangqi0821/uni-calendar-china/main/media/2022-10-13_11-18-08_2.jpg",トンネルの中で遊んでくれるのを待ってます??  #ミヌエット #funnycat #猫好きさんとつながりたい #catstagram #にゃんすたぐらむ #猫写真 #tuxedocat #meowed  #cutecat #bestmeow #instacat #9gag #9gagcute #一眼レフのある生活 #くつしたねこ,https://www.instagram.com/p/CjpuWayvIoa/
2022/10/15,"https://raw.githubusercontent.com/wangqi0821/uni-calendar-china/main/media/2022-10-15_12-30-04_1.jpg
https://raw.githubusercontent.com/wangqi0821/uni-calendar-china/main/media/2022-10-15_12-30-04_2.jpg
https://raw.githubusercontent.com/wangqi0821/uni-calendar-china/main/media/2022-10-15_12-30-04_3.jpg",これが…本当の小悪魔？:3  #ミヌエット #funnycat #猫好きさんとつながりたい #catstagram #にゃんすたぐらむ #猫写真 #tuxedocat #meowed  #cutecat #bestmeow #instacat #9gag #9gagcute #一眼レフのある生活 #くつしたねこ,https://www.instagram.com/p/CjvAK8GvjUd/
2022/10/16,https://raw.githubusercontent.com/wangqi0821/uni-calendar-china/main/media/2022-10-16_12-36-20.jpg,しっぽが見えるとまた悪魔っぽい？:3  #ミヌエット #funnycat #猫好きさんとつながりたい #catstagram #にゃんすたぐらむ #猫写真 #tuxedocat #meowed  #cutecat #bestmeow #instacat #9gag #9gagcute #一眼レフのある生活 #くつしたねこ,https://www.instagram.com/p/CjxlrylPX3s/
2022/10/17,https://raw.githubusercontent.com/wangqi0821/uni-calendar-china/main/media/2022-10-17_10-36-49.jpg,この表情とポーズは反則…っ！！??  #ミヌエット #funnycat #猫好きさんとつながりたい #catstagram #にゃんすたぐらむ #猫写真 #tuxedocat #meowed  #cutecat #bestmeow #instacat #9gag #9gagcute #一眼レフのある生活 #くつしたねこ,https://www.instagram.com/p/Cjz8zN0v7ga/
2022/10/18,https://raw.githubusercontent.com/wangqi0821/uni-calendar-china/main/media/2022-10-18_11-03-39.jpg,お気に入りの箱に入って嬉しそう。:3  #ミヌエット #funnycat #猫好きさんとつながりたい #catstagram #にゃんすたぐらむ #猫写真 #tuxedocat #meowed  #cutecat #bestmeow #instacat #9gag #9gagcute #一眼レフのある生活 #くつしたねこ,https://www.instagram.com/p/Cj2kqnwPs8t/
2022/10/19,https://raw.githubusercontent.com/wangqi0821/uni-calendar-china/main/media/2022-10-19_12-36-32.jpg,上目遣いでキャッチ！:3  #ミヌエット #funnycat #猫好きさんとつながりたい #catstagram #にゃんすたぐらむ #猫写真 #tuxedocat #meowed  #cutecat #bestmeow #instacat #9gag #9gagcute #一眼レフのある生活 #くつしたねこ,https://www.instagram.com/p/Cj5UFyyvDuA/
2022/10/20,https://raw.githubusercontent.com/wangqi0821/uni-calendar-china/main/media/2022-10-20_12-51-35.mp4,tiktok用に作ったものですが、可愛かったのでインスタにも??  #ミヌエット #funnycat #猫好きさんとつながりたい #catstagram #にゃんすたぐらむ #猫写真 #tuxedocat #meowed  #cutecat #bestmeow #instacat #9gag #9gagcute #一眼レフのある生活 #くつしたねこ,https://www.instagram.com/p/Cj7544_gp1E/
2022/10/21,"https://raw.githubusercontent.com/wangqi0821/uni-calendar-china/main/media/2022-10-21_11-26-50_1.jpg
https://raw.githubusercontent.com/wangqi0821/uni-calendar-china/main/media/2022-10-21_11-26-50_2.jpg",おめめキラキラでご飯待ち。:3  #ミヌエット #funnycat #猫好きさんとつながりたい #catstagram #にゃんすたぐらむ #猫写真 #tuxedocat #meowed  #cutecat #bestmeow #instacat #9gag #9gagcute #一眼レフのある生活 #くつしたねこ,https://www.instagram.com/p/Cj-VtEuvgwW/
2022/10/22,"https://raw.githubusercontent.com/wangqi0821/uni-calendar-china/main/media/2022-10-22_11-38-41_1.jpg
https://raw.githubusercontent.com/wangqi0821/uni-calendar-china/main/media/2022-10-22_11-38-41_2.jpg
https://raw.githubusercontent.com/wangqi0821/uni-calendar-china/main/media/2022-10-22_11-38-41_3.jpg",ちゅ?るを食べる時のうにの顔??  #ミヌエット #funnycat #猫好きさんとつながりたい #catstagram #にゃんすたぐらむ #猫写真 #tuxedocat #meowed  #cutecat #bestmeow #instacat #9gag #9gagcute #一眼レフのある生活 #くつしたねこ,https://www.instagram.com/p/CkA72tXP2Dp/
2022/10/23,https://raw.githubusercontent.com/wangqi0821/uni-calendar-china/main/media/2022-10-23_10-13-15.jpg,「何でもお話聞きますよ」って言ってるみたい??  #ミヌエット #funnycat #猫好きさんとつながりたい #catstagram #にゃんすたぐらむ #猫写真 #tuxedocat #meowed  #cutecat #bestmeow #instacat #9gag #9gagcute #一眼レフのある生活 #くつしたねこ,https://www.instagram.com/p/CkDW31fPn7W/
2022/10/24,https://raw.githubusercontent.com/wangqi0821/uni-calendar-china/main/media/2022-10-24_10-35-46.mp4,おててが可愛い！ 破れたところから遊ぶのが好きみたいで、なかなか新しいトンネルに替えられません??  #ミヌエット #funnycat #猫好きさんとつながりたい #catstagram #にゃんすたぐらむ #猫写真 #tuxedocat #meowed  #cutecat #bestmeow #instacat #9gag #9gagcute #一眼レフのある生活 #くつしたねこ,https://www.instagram.com/p/CkF-F6hA5cp/
2022/10/25,https://raw.githubusercontent.com/wangqi0821/uni-calendar-china/main/media/2022-10-25_11-39-45.jpg,見つめるうに。:3  #ミヌエット #funnycat #猫好きさんとつながりたい #catstagram #にゃんすたぐらむ #猫写真 #tuxedocat #meowed  #cutecat #bestmeow #instacat #9gag #9gagcute #一眼レフのある生活 #くつしたねこ,https://www.instagram.com/p/CkIqXOGvXgi/
2022/10/26,"https://raw.githubusercontent.com/wangqi0821/uni-calendar-china/main/media/2022-10-26_12-54-48_1.jpg
https://raw.githubusercontent.com/wangqi0821/uni-calendar-china/main/media/2022-10-26_12-54-48_2.jpg",雰囲気のあるうにたん、撮ってて楽しいです??  #ミヌエット #funnycat #猫好きさんとつながりたい #catstagram #にゃんすたぐらむ #猫写真 #tuxedocat #meowed  #cutecat #bestmeow #instacat #9gag #9gagcute #一眼レフのある生活 #くつしたねこ,https://www.instagram.com/p/CkLXvuTvasi/
2022/10/27,"https://raw.githubusercontent.com/wangqi0821/uni-calendar-china/main/media/2022-10-27_11-17-11_1.jpg
https://raw.githubusercontent.com/wangqi0821/uni-calendar-china/main/media/2022-10-27_11-17-11_2.jpg
https://raw.githubusercontent.com/wangqi0821/uni-calendar-china/main/media/2022-10-27_11-17-11_3.jpg
https://raw.githubusercontent.com/wangqi0821/uni-calendar-china/main/media/2022-10-27_11-17-11_4.jpg
https://raw.githubusercontent.com/wangqi0821/uni-calendar-china/main/media/2022-10-27_11-17-11_5.jpg
https://raw.githubusercontent.com/wangqi0821/uni-calendar-china/main/media/2022-10-27_11-17-11_6.jpg",うちの小悪魔にちゅ?るの貢ぎ物。:3  #ミヌエット #funnycat #猫好きさんとつながりたい #catstagram #にゃんすたぐらむ #猫写真 #tuxedocat #meowed  #cutecat #bestmeow #instacat #9gag #9gagcute #一眼レフのある生活 #くつしたねこ,https://www.instagram.com/p/CkNxXmMvVui/
2022/10/28,"https://raw.githubusercontent.com/wangqi0821/uni-calendar-china/main/media/2022-10-28_10-34-52_1.jpg
https://raw.githubusercontent.com/wangqi0821/uni-calendar-china/main/media/2022-10-28_10-34-52_1.mp4
https://raw.githubusercontent.com/wangqi0821/uni-calendar-china/main/media/2022-10-28_10-34-52_2.jpg
https://raw.githubusercontent.com/wangqi0821/uni-calendar-china/main/media/2022-10-28_10-34-52_3.jpg
https://raw.githubusercontent.com/wangqi0821/uni-calendar-china/main/media/2022-10-28_10-34-52_4.jpg
https://raw.githubusercontent.com/wangqi0821/uni-calendar-china/main/media/2022-10-28_10-34-52_5.jpg",??寝具をNELLマットレスにして1週間??  「寝られれば何でもいい」と寝具を後回しにしがちな数年でしたが、やっぱりどうにもこうにも疲れが抜けにくい?????  ここは思い切って寝具を変えよう！と、噂のNELLマットレスを使ってみることにしました??? ＿＿＿＿＿＿＿＿＿＿＿＿＿＿＿  ＜NELLマットレスの特徴＞ ①ポケットコイルマットレス? NELLはポケットコイルマットレスなので、ウレタン素材よりも通気性が高く、反発力に優れている。  ②優れた体圧分散? 高級ホテルに多く導入されているマットレスの２倍の量（！）のポケットコイルを使用しているため、体の支点が多く、優れた体圧分散を実現している。  ③センターハード構造? 腰の部分をやや硬めに設計しているので、睡眠中の自然な寝返りをサポートできる。  ＿＿＿＿＿＿＿＿＿＿＿＿＿＿＿  使ってみてまだ１週間ですが、明らかに睡眠の質が良くなったように感じます????  うににも乗ってもらいましたが、今までのマットレスとは違う感覚にお気に入りのご様子?? そしてすぐに「スヤァ?????」と???！  うにだけでなく、そらもあおばもここでよくお昼寝しています?? （長時間ぐっすりお昼寝してるので、飼い主はちょっと寂しいかも??） ＿＿＿＿＿＿＿＿＿＿＿＿＿＿＿  最後に、10％オフクーポンを頂いたので、ぜひお使い下さい??? 10%オフは大きい???！  クーポンコード「uniuni」（2023年4月22日まで） ★セール期間中は併用不可  しかも、NELLマットレスは120日間の返金保証つき！ 使用してみて「合わない???」と感じた時には返品も可能ですし、なんと10年間の耐久保証サービスまで??  使用する中で３㎝以上のへたりが生まれてしまった際には、期間中であれば無料で修繕もしくは交換も可能です????  高品質でこの対応は本当に素晴らしいと思います???  マットレスにお悩みの方、ご購入を検討されている方は　@nell_mattress を参考にしてみて下さいね????  #NELL #NELLマットレス #ネル #ネルマットレス #腰痛 #肩こり #家具 #睡眠 #睡眠不足 #腰痛改善 #肩こり改善 #寝室 #マットレス #ミヌエット #猫のいる暮らし #pr,https://www.instagram.com/p/CkQRUoqvU4l/
2022/10/29,https://raw.githubusercontent.com/wangqi0821/uni-calendar-china/main/media/2022-10-29_10-59-49.jpg,ご飯の時間が待ちきれないうに??  #ミヌエット #funnycat #猫好きさんとつながりたい #catstagram #にゃんすたぐらむ #猫写真 #tuxedocat #meowed  #cutecat #bestmeow #instacat #9gag #9gagcute #一眼レフのある生活 #くつしたねこ,https://www.instagram.com/p/CkS4-QxPqFy/
2022/10/30,"https://raw.githubusercontent.com/wangqi0821/uni-calendar-china/main/media/2022-10-30_03-03-11_1.jpg
https://raw.githubusercontent.com/wangqi0821/uni-calendar-china/main/media/2022-10-30_03-03-11_2.jpg
https://raw.githubusercontent.com/wangqi0821/uni-calendar-china/main/media/2022-10-30_03-03-11_2.mp4
https://raw.githubusercontent.com/wangqi0821/uni-calendar-china/main/media/2022-10-30_03-03-11_3.jpg
https://raw.githubusercontent.com/wangqi0821/uni-calendar-china/main/media/2022-10-30_03-03-11_3.mp4",@switchbotjapan様から、SwitchBot見守りカメラ（にゃんボット）をお試しさせて頂きました??  ★このカメラ、とにかく画質がめちゃめちゃいい?? 300万画素の高画質！  ★高精度のナイトビジョンで暗いところでも何をしているかよく分かる???  ★水平360度、垂直115度で回転できるカメラが動くものを自動で追いかけ、しっかり撮影???  ★双方音声会話もできます????  置いててもコンパクトで邪魔にならず、動作音が静かなこともあり、うには目を細めたり寝たりして終始リラックスしてました??  このカメラだったら外出先でも昼夜問わず、安心して見守ることができますね????  そしてこのにゃんボット！見た目が可愛い～～！！ シンプルさが素敵な通常版もあります??  ??特別クーポンあります！?? にゃんボット?わんボット15％OFF特別クーポン（2022年11月14日まで有効） クーポンコード→【PTC3MPSP】  もっと知りたい！という方は、@switchbotjapan様のプロフィール欄も参考にしてみて下さいね???  #PR #SwitchBot #スイッチボット #見守りカメラ　 #ミヌエット #funnycat #猫好きさんとつながりたい #catstagram #にゃんすたぐらむ  #くつしたねこ #SwitchBot #スイッチボット  #SwitchBotのある暮らし,https://www.instagram.com/p/CkUnOF6PHUP/
2022/10/30,https://raw.githubusercontent.com/wangqi0821/uni-calendar-china/main/media/2022-10-30_10-38-57.mp4,??Happy Halloween??  #ミヌエット #funnycat #猫好きさんとつながりたい #catstagram #にゃんすたぐらむ #猫写真 #tuxedocat #meowed  #cutecat #bestmeow #instacat #9gag #9gagcute #一眼レフのある生活 #くつしたねこ,https://www.instagram.com/p/CkVbIOAABpK/
2022/10/31,"https://raw.githubusercontent.com/wangqi0821/uni-calendar-china/main/media/2022-10-31_11-04-43_1.jpg
https://raw.githubusercontent.com/wangqi0821/uni-calendar-china/main/media/2022-10-31_11-04-43_2.jpg
https://raw.githubusercontent.com/wangqi0821/uni-calendar-china/main/media/2022-10-31_11-04-43_3.jpg
https://raw.githubusercontent.com/wangqi0821/uni-calendar-china/main/media/2022-10-31_11-04-43_4.jpg
https://raw.githubusercontent.com/wangqi0821/uni-calendar-china/main/media/2022-10-31_11-04-43_5.jpg
https://raw.githubusercontent.com/wangqi0821/uni-calendar-china/main/media/2022-10-31_11-04-43_6.jpg
https://raw.githubusercontent.com/wangqi0821/uni-calendar-china/main/media/2022-10-31_11-04-43_7.jpg
https://raw.githubusercontent.com/wangqi0821/uni-calendar-china/main/media/2022-10-31_11-04-43_8.jpg
https://raw.githubusercontent.com/wangqi0821/uni-calendar-china/main/media/2022-10-31_11-04-43_9.jpg",?? Happy Halloween??  実はマントが似合ううに。:3 （変顔も可愛かったので載せました??）  #ミヌエット #funnycat #猫好きさんとつながりたい #catstagram #にゃんすたぐらむ #猫写真 #tuxedocat #halloweencostume #halloween  #cutecat #bestmeow #instacat #9gag #9gagcute #一眼レフのある生活 #くつしたねこ,https://www.instagram.com/p/CkYDH1_vNGA/
2022/11/1,https://raw.githubusercontent.com/wangqi0821/uni-calendar-china/main/media/2022-11-01_11-36-27.jpg,毎日この表情にやられます?? 可愛い…  #ミヌエット #funnycat #猫好きさんとつながりたい #catstagram #にゃんすたぐらむ #猫写真 #tuxedocat #meowed  #cutecat #bestmeow #instacat #9gag #9gagcute #一眼レフのある生活 #くつしたねこ,https://www.instagram.com/p/CkarjJIP7vL/
2022/11/2,https://raw.githubusercontent.com/wangqi0821/uni-calendar-china/main/media/2022-11-02_11-43-15.jpg,その音は……ご飯の音……！！！  #ミヌエット #funnycat #猫好きさんとつながりたい #catstagram #にゃんすたぐらむ #猫写真 #tuxedocat #meowed  #cutecat #bestmeow #instacat #9gag #9gagcute #一眼レフのある生活 #くつしたねこ,https://www.instagram.com/p/CkdRHz0vuVT/
2022/11/3,"https://raw.githubusercontent.com/wangqi0821/uni-calendar-china/main/media/2022-11-03_10-43-19_1.jpg
https://raw.githubusercontent.com/wangqi0821/uni-calendar-china/main/media/2022-11-03_10-43-19_2.jpg
https://raw.githubusercontent.com/wangqi0821/uni-calendar-china/main/media/2022-11-03_10-43-19_3.jpg",Flower Uni! :3  ____________________________  12月末日まで、Kindle Unlimitedに加入している方はフォトエッセイ『ぼくは、うに。～ミヌエットの男の子～』が無料で読めます??  電子特典の撮りおろしカット＋うにからのひとことコメントが入っているので、紙の本を買って下さった方もぜひご覧ください★ https://read.amazon.co.jp/?asin=B09WXYJ1ND&ref_=dbs_t_r_kcr  #ミヌエット #funnycat #猫好きさんとつながりたい #catstagram #にゃんすたぐらむ #猫写真 #tuxedocat #meowed  #cutecat #bestmeow #instacat #9gag #9gagcute #一眼レフのある生活 #くつしたねこ,https://www.instagram.com/p/CkfvDw4vkY-/
2022/11/4,https://raw.githubusercontent.com/wangqi0821/uni-calendar-china/main/media/2022-11-04_11-24-35.jpg,普通にしててもどこか得意げに見えるうにの顔??  #ミヌエット #funnycat #猫好きさんとつながりたい #catstagram #にゃんすたぐらむ #猫写真 #tuxedocat #meowed  #cutecat #bestmeow #instacat #9gag #9gagcute #一眼レフのある生活 #くつしたねこ,https://www.instagram.com/p/CkiYkzwP3KF/
2022/11/5,https://raw.githubusercontent.com/wangqi0821/uni-calendar-china/main/media/2022-11-05_12-28-34.jpg,最近のお気に入りの場所??  #ミヌエット #funnycat #猫好きさんとつながりたい #catstagram #にゃんすたぐらむ #猫写真 #tuxedocat #meowed  #cutecat #bestmeow #instacat #9gag #9gagcute #一眼レフのある生活 #くつしたねこ,https://www.instagram.com/p/CklEsWxPedD/
2022/11/6,"https://raw.githubusercontent.com/wangqi0821/uni-calendar-china/main/media/2022-11-06_09-54-03_1.jpg
https://raw.githubusercontent.com/wangqi0821/uni-calendar-china/main/media/2022-11-06_09-54-03_2.jpg
https://raw.githubusercontent.com/wangqi0821/uni-calendar-china/main/media/2022-11-06_09-54-03_3.jpg",爪とぎの中でまったりなうに。:3  #ミヌエット #funnycat #猫好きさんとつながりたい #catstagram #にゃんすたぐらむ #猫写真 #tuxedocat #meowed  #cutecat #bestmeow #instacat #9gag #9gagcute #一眼レフのある生活 #くつしたねこ,https://www.instagram.com/p/CknXzeGPNWI/
2022/11/7,"https://raw.githubusercontent.com/wangqi0821/uni-calendar-china/main/media/2022-11-07_11-10-58_1.jpg
https://raw.githubusercontent.com/wangqi0821/uni-calendar-china/main/media/2022-11-07_11-10-58_2.jpg
https://raw.githubusercontent.com/wangqi0821/uni-calendar-china/main/media/2022-11-07_11-10-58_3.jpg",うにが来た！:3  #ミヌエット #funnycat #猫好きさんとつながりたい #catstagram #にゃんすたぐらむ #猫写真 #tuxedocat #meowed  #cutecat #bestmeow #instacat #9gag #9gagcute #一眼レフのある生活 #くつしたねこ,https://www.instagram.com/p/CkqFZy7vq08/
2022/11/8,"https://raw.githubusercontent.com/wangqi0821/uni-calendar-china/main/media/2022-11-08_11-29-34_1.jpg
https://raw.githubusercontent.com/wangqi0821/uni-calendar-china/main/media/2022-11-08_11-29-34_2.jpg
https://raw.githubusercontent.com/wangqi0821/uni-calendar-china/main/media/2022-11-08_11-29-34_3.jpg",うに好みのリュックだったようです??  #ミヌエット #funnycat #猫好きさんとつながりたい #catstagram #にゃんすたぐらむ #猫写真 #tuxedocat #meowed  #cutecat #bestmeow #instacat #9gag #9gagcute #一眼レフのある生活 #くつしたねこ,https://www.instagram.com/p/CkssU5OPcOf/
2022/11/9,https://raw.githubusercontent.com/wangqi0821/uni-calendar-china/main/media/2022-11-09_12-36-51.jpg,見事な丸顔！:3  #ミヌエット #funnycat #猫好きさんとつながりたい #catstagram #にゃんすたぐらむ #猫写真 #tuxedocat #meowed  #cutecat #bestmeow #instacat #9gag #9gagcute #一眼レフのある生活 #くつしたねこ,https://www.instagram.com/p/CkvY0fcPcjt/
2022/11/10,"https://raw.githubusercontent.com/wangqi0821/uni-calendar-china/main/media/2022-11-10_12-11-04_1.jpg
https://raw.githubusercontent.com/wangqi0821/uni-calendar-china/main/media/2022-11-10_12-11-04_2.jpg",「今から怖い話をするでしゅ」 「よく聞くでしゅ」  #ミヌエット #funnycat #猫好きさんとつながりたい #catstagram #にゃんすたぐらむ #猫写真 #tuxedocat #meowed  #cutecat #bestmeow #instacat #9gag #9gagcute #一眼レフのある生活 #くつしたねこ,https://www.instagram.com/p/Ckx6qhJv-HR/
2022/11/11,https://raw.githubusercontent.com/wangqi0821/uni-calendar-china/main/media/2022-11-11_11-29-19.jpg,ぼくは、うに。  #ミヌエット #funnycat #猫好きさんとつながりたい #catstagram #にゃんすたぐらむ #猫写真 #tuxedocat #meowed  #cutecat #bestmeow #instacat #9gag #9gagcute #一眼レフのある生活 #くつしたねこ,https://www.instagram.com/p/Ck0arsnv1sX/
2022/11/12,"https://raw.githubusercontent.com/wangqi0821/uni-calendar-china/main/media/2022-11-12_08-34-36_1.jpg
https://raw.githubusercontent.com/wangqi0821/uni-calendar-china/main/media/2022-11-12_08-34-36_2.jpg
https://raw.githubusercontent.com/wangqi0821/uni-calendar-china/main/media/2022-11-12_08-34-36_3.jpg
https://raw.githubusercontent.com/wangqi0821/uni-calendar-china/main/media/2022-11-12_08-34-36_4.jpg
https://raw.githubusercontent.com/wangqi0821/uni-calendar-china/main/media/2022-11-12_08-34-36_5.jpg
https://raw.githubusercontent.com/wangqi0821/uni-calendar-china/main/media/2022-11-12_08-34-36_6.jpg",YouTubeやブログではお伝えしましたが、1ヶ月前に新しい家族が増えました???  名前は「よるちゃん」です。 保護猫の成猫で、3?5歳くらいの女の子です??  うにと同じタキシード猫なので、うにとちょっと似てるかも？  まだ野良猫っぽさは残ってますが、だいぶ慣れて甘えてくれるようになりました??  よるちゃん我が家へようこそ???  I have a new addition to my family.  Her name is Yoru! She looks like Uni??  Please look over them with loving eyes.   #猫のいる暮らし #ねこのいる生活 #catstagram #catlife #catsofinstagram #tuxedocat,https://www.instagram.com/p/Ck2re3dPtn5/
2022/11/13,https://raw.githubusercontent.com/wangqi0821/uni-calendar-china/main/media/2022-11-13_10-51-00.jpg,にゅっ！:3  #ミヌエット #funnycat #猫好きさんとつながりたい #catstagram #にゃんすたぐらむ #猫写真 #tuxedocat #meowed  #cutecat #bestmeow #instacat #9gag #9gagcute #一眼レフのある生活 #くつしたねこ,https://www.instagram.com/p/Ck5f4uEPJHD/
2022/11/14,"https://raw.githubusercontent.com/wangqi0821/uni-calendar-china/main/media/2022-11-14_09-44-01_1.jpg
https://raw.githubusercontent.com/wangqi0821/uni-calendar-china/main/media/2022-11-14_09-44-01_2.jpg
https://raw.githubusercontent.com/wangqi0821/uni-calendar-china/main/media/2022-11-14_09-44-01_3.jpg",NELLマットレスを使い始めて1ヶ月経ちました??  このマットレスに変えて一番実感するのは、肩や腰の痛みを感じにくくなったことです?? ひどくなると頭痛までしてくるので、これは本当にありがたい????  朝までぐっすり眠れることも多いので、マットレス選びって本当に大事なんだなぁ…と???  うにも他の猫たちもここで寝るのが大好きです?? このマットレスの上に来るとすぐに眠そうな顔をします??  10％オフクーポンがあります?? クーポンコード「uniuni」（2023年4月22日まで）  マットレスにお悩みの方は、ぜひ @nell_mattressを参考にしてみて下さいね??  #NELL #NELLマットレス #ネル #ネルマットレス #腰痛 #肩こり #家具 #睡眠 #睡眠不足 #腰痛改善 #肩こり改善 #寝室 #マットレス #pr #ミヌエット #catstagram,https://www.instagram.com/p/Ck79BBZPNLK/
2022/11/15,https://raw.githubusercontent.com/wangqi0821/uni-calendar-china/main/media/2022-11-15_10-42-48.mp4,かわいいうにちゃん??  #ミヌエット #funnycat #猫好きさんとつながりたい #catstagram #にゃんすたぐらむ #猫写真 #tuxedocat #meowed  #cutecat #bestmeow #instacat #9gag #9gagcute #一眼レフのある生活 #くつしたねこ,https://www.instagram.com/p/Ck-oM7bAnAk/
2022/11/16,https://raw.githubusercontent.com/wangqi0821/uni-calendar-china/main/media/2022-11-16_12-40-36.mp4,うにの華麗な？？？ジャンプ！  Uni's brilliant ??? jump!  #ミヌエット #funnycat #猫好きさんとつながりたい #catstagram #にゃんすたぐらむ #猫写真 #tuxedocat #meowed  #cutecat #bestmeow #instacat #9gag #9gagcute #一眼レフのある生活 #くつしたねこ,https://www.instagram.com/p/ClBafSpgQcL/
2022/11/17,"https://raw.githubusercontent.com/wangqi0821/uni-calendar-china/main/media/2022-11-17_12-36-28_1.jpg
https://raw.githubusercontent.com/wangqi0821/uni-calendar-china/main/media/2022-11-17_12-36-28_2.jpg",ちゅ?るの時間でしゅ！:3  #ミヌエット #funnycat #猫好きさんとつながりたい #catstagram #にゃんすたぐらむ #猫写真 #tuxedocat #meowed  #cutecat #bestmeow #instacat #9gag #9gagcute #一眼レフのある生活 #くつしたねこ,https://www.instagram.com/p/ClD_IqEPQYJ/
2022/11/18,"https://raw.githubusercontent.com/wangqi0821/uni-calendar-china/main/media/2022-11-18_12-34-06_1.jpg
https://raw.githubusercontent.com/wangqi0821/uni-calendar-china/main/media/2022-11-18_12-34-06_2.jpg
https://raw.githubusercontent.com/wangqi0821/uni-calendar-china/main/media/2022-11-18_12-34-06_3.jpg",全然迫力ないうにの怒り方??  Uni is cute when he is mad! :3  #ミヌエット #funnycat #猫好きさんとつながりたい #catstagram #にゃんすたぐらむ #猫写真 #tuxedocat #meowed  #cutecat #bestmeow #instacat #9gag #9gagcute #一眼レフのある生活 #くつしたねこ,https://www.instagram.com/p/ClGjqTLP-rb/
2022/11/19,"https://raw.githubusercontent.com/wangqi0821/uni-calendar-china/main/media/2022-11-19_11-57-25_1.jpg
https://raw.githubusercontent.com/wangqi0821/uni-calendar-china/main/media/2022-11-19_11-57-25_2.jpg",この顔、何でも言うことを聞きたくなります??  I'll do whatever Uni wants! :3  #ミヌエット #funnycat #猫好きさんとつながりたい #catstagram #にゃんすたぐらむ #猫写真 #tuxedocat #meowed  #cutecat #bestmeow #instacat #9gag #9gagcute #一眼レフのある生活 #くつしたねこ,https://www.instagram.com/p/ClJEQeIP7tT/
2022/11/20,"https://raw.githubusercontent.com/wangqi0821/uni-calendar-china/main/media/2022-11-20_10-18-57_1.jpg
https://raw.githubusercontent.com/wangqi0821/uni-calendar-china/main/media/2022-11-20_10-18-57_2.jpg",もふもふに猫じゃらし。:3  #ミヌエット #funnycat #猫好きさんとつながりたい #catstagram #にゃんすたぐらむ #猫写真 #tuxedocat #meowed  #cutecat #bestmeow #instacat #9gag #9gagcute #一眼レフのある生活 #くつしたねこ,https://www.instagram.com/p/ClLdyHOP06M/
2022/11/21,https://raw.githubusercontent.com/wangqi0821/uni-calendar-china/main/media/2022-11-21_11-32-06.mp4,マットレスを替えてから、とても深く眠れるようになりました??  飼い主の元気が猫たちの幸せにも繋がると思ってるので、 そのためにも睡眠は大事だなあと改めて思います。  みんな、このマットレスの上にいるのが本当に好きみたいです?? （この動画結構お気に入りです??）  10%オフクーポン頂いてます?? クーポンコード【uniuni】 （↑2023年10月22日まで）  マットレスを検討されている方は、@nell_mattress を参考にしてみて下さいね??  #NELL #NELLマットレス #ネル #ネルマットレス #腰痛 #肩こり #家具 #睡眠 #睡眠不足 #腰痛改善 #肩こり改善 #寝室 #マットレス #PR #ミヌエット #猫のいる生活,https://www.instagram.com/p/ClOKmF1gTn7/
2022/11/22,"https://raw.githubusercontent.com/wangqi0821/uni-calendar-china/main/media/2022-11-22_11-37-15_1.jpg
https://raw.githubusercontent.com/wangqi0821/uni-calendar-china/main/media/2022-11-22_11-37-15_2.jpg
https://raw.githubusercontent.com/wangqi0821/uni-calendar-china/main/media/2022-11-22_11-37-15_3.jpg
https://raw.githubusercontent.com/wangqi0821/uni-calendar-china/main/media/2022-11-22_11-37-15_4.jpg
https://raw.githubusercontent.com/wangqi0821/uni-calendar-china/main/media/2022-11-22_11-37-15_5.jpg",うにはツンデレなので、時々しか甘えてくれません??  でも甘える時は子猫みたいになってめちゃめちゃ可愛いです！  かーちゃんの膝の上でゴロゴロゴロ…  #ミヌエット #funnycat #猫好きさんとつながりたい #catstagram #にゃんすたぐらむ #猫写真 #tuxedocat #meowed  #cutecat #bestmeow #instacat #9gag #9gagcute #一眼レフのある生活 #くつしたねこ,https://www.instagram.com/p/ClQwVXrv7NL/
2022/11/23,https://raw.githubusercontent.com/wangqi0821/uni-calendar-china/main/media/2022-11-23_10-00-46.jpg,このポスター、めちゃめちゃ可愛くないですか？??  【ねこ休み展 冬 2022 in 福岡】のお知らせです?  ねこ休み展がまたまた福岡にやってきます！ 12/3(土)?1/15(日)開催です??  詳細は「ねこ休み展」で検索してみて下さいね。 ハイライトにもおいときますね?? https://tgs.jp.net/event/neko-break-fukuoka/  うには福岡の猫ちゃんなので、飼い主もとても嬉しいです??  クリスマス、年末年始はぜひ癒しの空間、ねこ休み展へ?  #ミヌエット #funnycat #猫好きさんとつながりたい #catstagram #にゃんすたぐらむ #猫写真 #tuxedocat #meowed  #cutecat #bestmeow #instacat #9gag #9gagcute #一眼レフのある生活 #くつしたねこ,https://www.instagram.com/p/ClTKFhzPvB3/
2022/11/24,https://raw.githubusercontent.com/wangqi0821/uni-calendar-china/main/media/2022-11-24_11-31-46.mp4,えいっ！やー！:3  #ミヌエット #funnycat #猫好きさんとつながりたい #catstagram #にゃんすたぐらむ #猫写真 #tuxedocat #meowed  #cutecat #bestmeow #instacat #9gag #9gagcute #一眼レフのある生活 #くつしたねこ,https://www.instagram.com/p/ClV5JA5gNLo/
2022/11/25,"https://raw.githubusercontent.com/wangqi0821/uni-calendar-china/main/media/2022-11-25_11-37-52_1.jpg
https://raw.githubusercontent.com/wangqi0821/uni-calendar-china/main/media/2022-11-25_11-37-52_2.jpg",ペット用こたつを導入しました??  うにが溶けてて可愛いです??  #ミヌエット #funnycat #猫好きさんとつながりたい #catstagram #にゃんすたぐらむ #猫写真 #tuxedocat #meowed  #cutecat #bestmeow #instacat #9gag #9gagcute #一眼レフのある生活 #くつしたねこ,https://www.instagram.com/p/ClYeygZPqGX/
2022/11/26,"https://raw.githubusercontent.com/wangqi0821/uni-calendar-china/main/media/2022-11-26_11-13-03_1.jpg
https://raw.githubusercontent.com/wangqi0821/uni-calendar-china/main/media/2022-11-26_11-13-03_2.jpg",「お腹が空いた時はおめめをキラキラさせるのです」 「こうですか？」 （キラキラ?）  #ミヌエット #funnycat #猫好きさんとつながりたい #catstagram #にゃんすたぐらむ #猫写真 #tuxedocat #meowed  #cutecat #bestmeow #instacat #9gag #9gagcute #一眼レフのある生活 #くつしたねこ,https://www.instagram.com/p/ClbAvpSvRy7/
2022/11/27,https://raw.githubusercontent.com/wangqi0821/uni-calendar-china/main/media/2022-11-27_12-37-49.mp4,うにの可愛い鳴き声??  Uni's cute voice! :3  #ミヌエット #funnycat #猫好きさんとつながりたい #catstagram #にゃんすたぐらむ #猫写真 #tuxedocat #meowed  #cutecat #bestmeow #instacat #9gag #9gagcute #一眼レフのある生活 #くつしたねこ,https://www.instagram.com/p/Cldu77kgZIo/
2022/11/28,https://raw.githubusercontent.com/wangqi0821/uni-calendar-china/main/media/2022-11-28_11-45-43.jpg,分かりづらいですが、うにも冬毛になってます。 背中のあたりがもふっとしてますね??  #ミヌエット #funnycat #猫好きさんとつながりたい #catstagram #にゃんすたぐらむ #猫写真 #tuxedocat #meowed  #cutecat #bestmeow #instacat #9gag #9gagcute #一眼レフのある生活 #くつしたねこ,https://www.instagram.com/p/ClgOEnjvDQU/
2022/11/29,"https://raw.githubusercontent.com/wangqi0821/uni-calendar-china/main/media/2022-11-29_11-35-55_1.jpg
https://raw.githubusercontent.com/wangqi0821/uni-calendar-china/main/media/2022-11-29_11-35-55_2.jpg",冬毛なので、もふっと多めにはみ出てます。:3   2枚目、おめめだけチラッと??  #ミヌエット #funnycat #猫好きさんとつながりたい #catstagram #にゃんすたぐらむ #猫写真 #tuxedocat #meowed  #cutecat #bestmeow #instacat #9gag #9gagcute #一眼レフのある生活 #くつしたねこ,https://www.instagram.com/p/ClixvsjPozF/
2022/11/30,https://raw.githubusercontent.com/wangqi0821/uni-calendar-china/main/media/2022-11-30_11-53-27.jpg,夕暮れ時のうに。黄昏れてます。  「クールな男ですから…」  ??  #ミヌエット #funnycat #猫好きさんとつながりたい #catstagram #にゃんすたぐらむ #猫写真 #tuxedocat #meowed  #cutecat #bestmeow #instacat #9gag #9gagcute #一眼レフのある生活 #くつしたねこ,https://www.instagram.com/p/CllYjDupY_r/
2022/12/1,https://raw.githubusercontent.com/wangqi0821/uni-calendar-china/main/media/2022-12-01_11-16-49.mp4,しっぽが一瞬だけ動きます??  Uni's tail moves only for a moment! :3  #ミヌエット #funnycat #猫好きさんとつながりたい #catstagram #にゃんすたぐらむ #猫写真 #tuxedocat #meowed  #cutecat #bestmeow #instacat #9gag #9gagcute #一眼レフのある生活 #くつしたねこ,https://www.instagram.com/p/Cln42xzgur3/
2022/12/2,https://raw.githubusercontent.com/wangqi0821/uni-calendar-china/main/media/2022-12-02_11-45-13.jpg,話を聞かせてもらおうか？:3  #ミヌエット #funnycat #猫好きさんとつながりたい #catstagram #にゃんすたぐらむ #猫写真 #tuxedocat #meowed  #cutecat #bestmeow #instacat #9gag #9gagcute #一眼レフのある生活 #くつしたねこ,https://www.instagram.com/p/ClqhMclvm0l/
2022/12/3,"https://raw.githubusercontent.com/wangqi0821/uni-calendar-china/main/media/2022-12-03_11-21-38_1.jpg
https://raw.githubusercontent.com/wangqi0821/uni-calendar-china/main/media/2022-12-03_11-21-38_2.jpg
https://raw.githubusercontent.com/wangqi0821/uni-calendar-china/main/media/2022-12-03_11-21-38_3.jpg",うにサンタ？??  #ミヌエット #funnycat #猫好きさんとつながりたい #catstagram #にゃんすたぐらむ #猫写真 #tuxedocat #meowed  #cutecat #bestmeow #instacat #9gag #9gagcute #一眼レフのある生活 #くつしたねこ,https://www.instagram.com/p/CltDSoJv_T1/
2022/12/4,https://raw.githubusercontent.com/wangqi0821/uni-calendar-china/main/media/2022-12-04_11-06-09.jpg,ご飯を待つうに。 早く食べたくて力が入ってる？??  Hurry up with the food please! :3  #ミヌエット #funnycat #猫好きさんとつながりたい #catstagram #にゃんすたぐらむ #猫写真 #tuxedocat #meowed  #cutecat #bestmeow #instacat #9gag #9gagcute #一眼レフのある生活 #くつしたねこ,https://www.instagram.com/p/ClvmUHJvifV/
2022/12/5,https://raw.githubusercontent.com/wangqi0821/uni-calendar-china/main/media/2022-12-05_11-32-22.jpg,サンタさんにちゅーるのお願いしよう?  Let’s ask Santa for Churu! :3   #ミヌエット #funnycat #猫好きさんとつながりたい #catstagram #にゃんすたぐらむ #猫写真 #tuxedocat #meowed  #cutecat #bestmeow #instacat #9gag #9gagcute #一眼レフのある生活 #くつしたねこ,https://www.instagram.com/p/ClyOG-mPWga/
2022/12/6,"https://raw.githubusercontent.com/wangqi0821/uni-calendar-china/main/media/2022-12-06_11-22-03_1.jpg
https://raw.githubusercontent.com/wangqi0821/uni-calendar-china/main/media/2022-12-06_11-22-03_2.jpg
https://raw.githubusercontent.com/wangqi0821/uni-calendar-china/main/media/2022-12-06_11-22-03_3.jpg",抱っこの気分じゃない時のうに。 思いっきり顔に出てますね??  #ミヌエット #funnycat #猫好きさんとつながりたい #catstagram #にゃんすたぐらむ #猫写真 #tuxedocat #meowed  #cutecat #bestmeow #instacat #9gag #9gagcute #一眼レフのある生活 #くつしたねこ,https://www.instagram.com/p/Cl0xuVIP8qb/
2022/12/7,https://raw.githubusercontent.com/wangqi0821/uni-calendar-china/main/media/2022-12-07_11-38-04.jpg,片耳だけイカ耳??  #ミヌエット #funnycat #猫好きさんとつながりたい #catstagram #にゃんすたぐらむ #猫写真 #tuxedocat #meowed  #cutecat #bestmeow #instacat #9gag #9gagcute #一眼レフのある生活 #くつしたねこ,https://www.instagram.com/p/Cl3YWfkPg9z/
2022/12/8,https://raw.githubusercontent.com/wangqi0821/uni-calendar-china/main/media/2022-12-08_11-29-58.jpg,うにのお気に入りの場所。:3  #ミヌエット #funnycat #猫好きさんとつながりたい #catstagram #にゃんすたぐらむ #猫写真 #tuxedocat #meowed  #cutecat #bestmeow #instacat #9gag #9gagcute #一眼レフのある生活 #くつしたねこ,https://www.instagram.com/p/Cl58N-pvhoT/
2022/12/9,"https://raw.githubusercontent.com/wangqi0821/uni-calendar-china/main/media/2022-12-09_10-15-21_1.jpg
https://raw.githubusercontent.com/wangqi0821/uni-calendar-china/main/media/2022-12-09_10-15-21_2.jpg
https://raw.githubusercontent.com/wangqi0821/uni-calendar-china/main/media/2022-12-09_10-15-21_3.jpg",見上げたら可愛いうに??  #ミヌエット #funnycat #猫好きさんとつながりたい #catstagram #にゃんすたぐらむ #猫写真 #tuxedocat #meowed  #cutecat #bestmeow #instacat #9gag #9gagcute #一眼レフのある生活 #くつしたねこ,https://www.instagram.com/p/Cl8YeWbPeeW/
2022/12/10,"https://raw.githubusercontent.com/wangqi0821/uni-calendar-china/main/media/2022-12-10_02-49-08_1.jpg
https://raw.githubusercontent.com/wangqi0821/uni-calendar-china/main/media/2022-12-10_02-49-08_2.jpg",一瞬だけ膨らんで、得意げなうに。  #ミヌエット #funnycat #猫好きさんとつながりたい #catstagram #にゃんすたぐらむ #猫写真 #tuxedocat #meowed  #cutecat #bestmeow #instacat #9gag #9gagcute #一眼レフのある生活 #くつしたねこ,https://www.instagram.com/p/Cl_FaQ0Pbq5/
2022/12/10,"https://raw.githubusercontent.com/wangqi0821/uni-calendar-china/main/media/2022-12-10_11-26-29_1.jpg
https://raw.githubusercontent.com/wangqi0821/uni-calendar-china/main/media/2022-12-10_11-26-29_2.jpg",トンネルの中が気になります??  Uni is curious about what's in the tunnel. :3  #ミヌエット #funnycat #猫好きさんとつながりたい #catstagram #にゃんすたぐらむ #猫写真 #tuxedocat #meowed  #cutecat #bestmeow #instacat #9gag #9gagcute #一眼レフのある生活 #くつしたねこ,https://www.instagram.com/p/Cl-KNGDPRTY/
2022/12/11,https://raw.githubusercontent.com/wangqi0821/uni-calendar-china/main/media/2022-12-11_10-32-18.mp4,遊んでたらいきなり電池切れになるうに??  Uni was tired from playing and slept! :3  #ミヌエット #funnycat #猫好きさんとつながりたい #catstagram #にゃんすたぐらむ #猫写真 #tuxedocat #meowed  #cutecat #bestmeow #instacat #9gag #9gagcute #一眼レフのある生活 #くつしたねこ,https://www.instagram.com/p/CmBj01aAdng/
2022/12/12,https://raw.githubusercontent.com/wangqi0821/uni-calendar-china/main/media/2022-12-12_11-24-48.jpg,猫じゃらしで遊んでる時の顔??  #ミヌエット #funnycat #猫好きさんとつながりたい #catstagram #にゃんすたぐらむ #猫写真 #tuxedocat #meowed  #cutecat #bestmeow #instacat #9gag #9gagcute #一眼レフのある生活 #くつしたねこ,https://www.instagram.com/p/CmEOzsbv_4-/
2022/12/13,"https://raw.githubusercontent.com/wangqi0821/uni-calendar-china/main/media/2022-12-13_11-58-04_1.jpg
https://raw.githubusercontent.com/wangqi0821/uni-calendar-china/main/media/2022-12-13_11-58-04_2.jpg",お風呂から上がるのを待ってたうに。  Uni was waiting for me to get out of the bath. :3   #ミヌエット #funnycat #猫好きさんとつながりたい #catstagram #にゃんすたぐらむ #猫写真 #tuxedocat #meowed  #cutecat #bestmeow #instacat #9gag #9gagcute #一眼レフのある生活 #くつしたねこ,https://www.instagram.com/p/CmG3aRjPG0_/
2022/12/14,https://raw.githubusercontent.com/wangqi0821/uni-calendar-china/main/media/2022-12-14_11-58-49.jpg,猫じゃらしに飛びかかろうとしてます（可愛い）  #ミヌエット #funnycat #猫好きさんとつながりたい #catstagram #にゃんすたぐらむ #猫写真 #tuxedocat #meowed  #cutecat #bestmeow #instacat #9gag #9gagcute #一眼レフのある生活 #くつしたねこ,https://www.instagram.com/p/CmJcSiVvgCX/
2022/12/15,https://raw.githubusercontent.com/wangqi0821/uni-calendar-china/main/media/2022-12-15_11-32-10.jpg,ぼくは、うに。  #ミヌエット #funnycat #猫好きさんとつながりたい #catstagram #にゃんすたぐらむ #猫写真 #tuxedocat #meowed  #cutecat #bestmeow #instacat #9gag #9gagcute #一眼レフのある生活 #くつしたねこ,https://www.instagram.com/p/CmL-CNsPAJM/
2022/12/16,"https://raw.githubusercontent.com/wangqi0821/uni-calendar-china/main/media/2022-12-16_12-18-39_1.jpg
https://raw.githubusercontent.com/wangqi0821/uni-calendar-china/main/media/2022-12-16_12-18-39_2.jpg",サンタうに??  #ミヌエット #funnycat #猫好きさんとつながりたい #catstagram #にゃんすたぐらむ #猫写真 #tuxedocat #meowed  #cutecat #bestmeow #instacat #9gag #9gagcute #一眼レフのある生活 #くつしたねこ,https://www.instagram.com/p/CmOoJjSve7t/
2022/12/17,https://raw.githubusercontent.com/wangqi0821/uni-calendar-china/main/media/2022-12-17_11-40-37.jpg,ちゅ?るの食べ方が可愛いうに。:3  #ミヌエット #funnycat #猫好きさんとつながりたい #catstagram #にゃんすたぐらむ #猫写真 #tuxedocat #meowed  #cutecat #bestmeow #instacat #9gag #9gagcute #一眼レフのある生活 #くつしたねこ,https://www.instagram.com/p/CmRIl6fP4hz/
2022/12/18,"https://raw.githubusercontent.com/wangqi0821/uni-calendar-china/main/media/2022-12-18_10-44-42_1.jpg
https://raw.githubusercontent.com/wangqi0821/uni-calendar-china/main/media/2022-12-18_10-44-42_2.jpg",サンタさん来るかな…？  I wonder if Santa is coming? :3  #ミヌエット #funnycat #猫好きさんとつながりたい #catstagram #にゃんすたぐらむ #猫写真 #tuxedocat #meowed  #cutecat #bestmeow #instacat #9gag #9gagcute #一眼レフのある生活 #くつしたねこ,https://www.instagram.com/p/CmTm_L3PHWQ/
2022/12/19,https://raw.githubusercontent.com/wangqi0821/uni-calendar-china/main/media/2022-12-19_10-47-06.mp4,サンタマフラーのうに??  #ミヌエット #funnycat #猫好きさんとつながりたい #catstagram #にゃんすたぐらむ #猫写真 #tuxedocat #meowed  #cutecat #bestmeow #instacat #9gag #9gagcute #一眼レフのある生活 #くつしたねこ,https://www.instagram.com/p/CmWMCQvgsPV/
2022/12/20,https://raw.githubusercontent.com/wangqi0821/uni-calendar-china/main/media/2022-12-20_11-48-39.jpg,前の白いところがサンタさんのおひげみたい??  #ミヌエット #funnycat #猫好きさんとつながりたい #catstagram #にゃんすたぐらむ #猫写真 #tuxedocat #meowed  #cutecat #bestmeow #instacat #9gag #9gagcute #一眼レフのある生活 #くつしたねこ,https://www.instagram.com/p/CmY35XKv0Fx/
2022/12/21,"https://raw.githubusercontent.com/wangqi0821/uni-calendar-china/main/media/2022-12-21_12-10-20_1.jpg
https://raw.githubusercontent.com/wangqi0821/uni-calendar-china/main/media/2022-12-21_12-10-20_2.jpg",多分自分のことをクールでかっこいいと思ってる。キリッ！:3  #ミヌエット #funnycat #猫好きさんとつながりたい #catstagram #にゃんすたぐらむ #猫写真 #tuxedocat #meowed  #cutecat #bestmeow #instacat #9gag #9gagcute #一眼レフのある生活 #くつしたねこ,https://www.instagram.com/p/CmbfLA3vNME/
2022/12/22,https://raw.githubusercontent.com/wangqi0821/uni-calendar-china/main/media/2022-12-22_11-14-26.mp4,ハードボイルド？なうに??  #ミヌエット #funnycat #猫好きさんとつながりたい #catstagram #にゃんすたぐらむ #猫写真 #tuxedocat #meowed  #cutecat #bestmeow #instacat #9gag #9gagcute #一眼レフのある生活 #くつしたねこ,https://www.instagram.com/p/Cmd9N9gKhJM/
2022/12/23,https://raw.githubusercontent.com/wangqi0821/uni-calendar-china/main/media/2022-12-23_11-35-13.mp4,クリスマスなうに?? 　  #ミヌエット #funnycat #猫好きさんとつながりたい #catstagram #にゃんすたぐらむ #猫写真 #tuxedocat #meowed  #cutecat #bestmeow #instacat #9gag #9gagcute #一眼レフのある生活 #くつしたねこ,https://www.instagram.com/p/CmgkXVjqr2U/
2022/12/24,https://raw.githubusercontent.com/wangqi0821/uni-calendar-china/main/media/2022-12-24_11-48-53.jpg,Merry Christmas???  #ミヌエット #funnycat #猫好きさんとつながりたい #catstagram #にゃんすたぐらむ #猫写真 #tuxedocat #meowed  #cutecat #bestmeow #instacat #9gag #9gagcute #一眼レフのある生活 #くつしたねこ,https://www.instagram.com/p/CmjLGnOvZxY/
2022/12/25,https://raw.githubusercontent.com/wangqi0821/uni-calendar-china/main/media/2022-12-25_05-01-34.mp4,"うにサンタさん、また来年ね???  Uni Santa, see you next year!  #ミヌエット #funnycat #猫好きさんとつながりたい #catstagram #にゃんすたぐらむ #猫写真 #tuxedocat #meowed  #cutecat #bestmeow #instacat #9gag #9gagcute #一眼レフのある生活 #くつしたねこ",https://www.instagram.com/p/Cmlt5wKKzQz/
2022/12/25,https://raw.githubusercontent.com/wangqi0821/uni-calendar-china/main/media/2022-12-25_11-34-08.mp4,飼い主の一挙一動が気になるうに。:3  Uni cares about my every move.   #ミヌエット #funnycat #猫好きさんとつながりたい #catstagram #にゃんすたぐらむ #猫写真 #tuxedocat #meowed  #cutecat #bestmeow #instacat #9gag #9gagcute #一眼レフのある生活 #くつしたねこ,https://www.instagram.com/p/CmlBCwLqS1_/
2022/12/26,"https://raw.githubusercontent.com/wangqi0821/uni-calendar-china/main/media/2022-12-26_12-10-11_1.jpg
https://raw.githubusercontent.com/wangqi0821/uni-calendar-china/main/media/2022-12-26_12-10-11_2.jpg",子猫の時のうに。 遊ぶのが大好きでよく電池切れしてました??  This is a picture of Uni when he was a kitten. :3  #ミヌエット #funnycat #猫好きさんとつながりたい #catstagram #にゃんすたぐらむ #猫写真 #tuxedocat #meowed  #cutecat #bestmeow #instacat #9gag #9gagcute #一眼レフのある生活 #くつしたねこ,https://www.instagram.com/p/CmoXIVSvN1U/
2022/12/27,https://raw.githubusercontent.com/wangqi0821/uni-calendar-china/main/media/2022-12-27_11-32-08.jpg,頭の中はごはんのことでいっぱいです。:3  #ミヌエット #funnycat #猫好きさんとつながりたい #catstagram #にゃんすたぐらむ #猫写真 #tuxedocat #meowed  #cutecat #bestmeow #instacat #9gag #9gagcute #一眼レフのある生活 #くつしたねこ,https://www.instagram.com/p/Cmq3kfsLVNh/
2022/12/28,https://raw.githubusercontent.com/wangqi0821/uni-calendar-china/main/media/2022-12-28_11-48-32.mp4,おすわりするだけなのに可愛い。:3  Uni is cute just to sit down!  #ミヌエット #funnycat #猫好きさんとつながりたい #catstagram #にゃんすたぐらむ #猫写真 #tuxedocat #meowed  #cutecat #bestmeow #instacat #9gag #9gagcute #一眼レフのある生活 #くつしたねこ,https://www.instagram.com/p/Cmtd4-zK7jP/
2022/12/29,"https://raw.githubusercontent.com/wangqi0821/uni-calendar-china/main/media/2022-12-29_11-33-32_1.jpg
https://raw.githubusercontent.com/wangqi0821/uni-calendar-china/main/media/2022-12-29_11-33-32_2.jpg
https://raw.githubusercontent.com/wangqi0821/uni-calendar-china/main/media/2022-12-29_11-33-32_3.jpg",足の裏の毛をカットしました！  じっと耐えてるのが表情に出てますね?? 隙を見て逃げようとしてました。 でも暴れたりしないのですごいです。  他の3匹はあんまり伸びないんですが、うには定期的にお手入れが必要です??  #ミヌエット #funnycat #猫好きさんとつながりたい #catstagram #にゃんすたぐらむ #猫写真 #tuxedocat #meowed  #cutecat #bestmeow #instacat #9gag #9gagcute #一眼レフのある生活 #くつしたねこ,https://www.instagram.com/p/CmwBUkrPgb8/
2022/12/30,https://raw.githubusercontent.com/wangqi0821/uni-calendar-china/main/media/2022-12-30_11-28-12.mp4,うにの可愛い鳴き声。:3  最近は前ほど鳴かなくなりましたが（大人になって落ち着いてきたのかな？）、その分鳴き声が聞けると嬉しくなります。  Uni's cute meow!  #ミヌエット #funnycat #猫好きさんとつながりたい #catstagram #にゃんすたぐらむ #猫写真 #tuxedocat #meowed  #cutecat #bestmeow #instacat #9gag #9gagcute #一眼レフのある生活 #くつしたねこ,https://www.instagram.com/p/Cmyk6gcq-8A/
2022/12/31,"https://raw.githubusercontent.com/wangqi0821/uni-calendar-china/main/media/2022-12-31_10-36-53_1.jpg
https://raw.githubusercontent.com/wangqi0821/uni-calendar-china/main/media/2022-12-31_10-36-53_10.jpg
https://raw.githubusercontent.com/wangqi0821/uni-calendar-china/main/media/2022-12-31_10-36-53_2.jpg
https://raw.githubusercontent.com/wangqi0821/uni-calendar-china/main/media/2022-12-31_10-36-53_3.jpg
https://raw.githubusercontent.com/wangqi0821/uni-calendar-china/main/media/2022-12-31_10-36-53_4.jpg
https://raw.githubusercontent.com/wangqi0821/uni-calendar-china/main/media/2022-12-31_10-36-53_5.jpg
https://raw.githubusercontent.com/wangqi0821/uni-calendar-china/main/media/2022-12-31_10-36-53_6.jpg
https://raw.githubusercontent.com/wangqi0821/uni-calendar-china/main/media/2022-12-31_10-36-53_7.jpg
https://raw.githubusercontent.com/wangqi0821/uni-calendar-china/main/media/2022-12-31_10-36-53_8.jpg
https://raw.githubusercontent.com/wangqi0821/uni-calendar-china/main/media/2022-12-31_10-36-53_9.jpg",インスタは10枚選べるので、お気に入りの10枚を選んでみました！  今年は一番多く写真を撮ったと思います（転職して時間が増えた??） 猫たちとの時間が今一番の幸せです。  いつもいいねやコメント、本当にありがとうございます??? 写真集やカレンダーを手にとって下さった方々、感謝の気持ちでいっぱいです。 皆さん本当に優しい……  来年ものんびりやっていきますので、どうぞよろしくお願いします！ よいお年を??  Thank you for the likes and comments this year! I'm always so happy??? Have a happy new year!!  #ミヌエット #funnycat #猫好きさんとつながりたい #catstagram #にゃんすたぐらむ #猫写真 #tuxedocat #meowed  #cutecat #bestmeow #instacat #9gag #9gagcute #一眼レフのある生活 #くつしたねこ,https://www.instagram.com/p/Cm1Eba5vrjc/
2023/1/1,"https://raw.githubusercontent.com/wangqi0821/uni-calendar-china/main/media/2023-01-01_10-42-06_1.jpg
https://raw.githubusercontent.com/wangqi0821/uni-calendar-china/main/media/2023-01-01_10-42-06_2.jpg",あけましておめでとうございます！ 今年もどうぞよろしくお願いします?  うにがこの首輪を着けると、本当に袴を着てるように見えますね??  #ミヌエット #funnycat #猫好きさんとつながりたい #catstagram #にゃんすたぐらむ #猫写真 #tuxedocat #meowed  #cutecat #bestmeow #instacat #9gag #9gagcute #一眼レフのある生活 #くつしたねこ,https://www.instagram.com/p/Cm3p0drPP2U/
2023/1/2,https://raw.githubusercontent.com/wangqi0821/uni-calendar-china/main/media/2023-01-02_11-30-03.jpg,ブリのお刺身を切ってる時のうに。  切ってる時も食べてる時も、じーっと見つめてました??  #ミヌエット #funnycat #猫好きさんとつながりたい #catstagram #にゃんすたぐらむ #猫写真 #tuxedocat #meowed  #cutecat #bestmeow #instacat #9gag #9gagcute #一眼レフのある生活 #くつしたねこ,https://www.instagram.com/p/Cm6UGhaPAkL/
2023/1/3,https://raw.githubusercontent.com/wangqi0821/uni-calendar-china/main/media/2023-01-03_11-40-03.mp4,tiktokに載せたものですが、可愛かったのでこちらにも??  ジャパニーズスタイルのうにです??  #ミヌエット #funnycat #猫好きさんとつながりたい #catstagram #にゃんすたぐらむ #猫写真 #tuxedocat #meowed  #cutecat #bestmeow #instacat #9gag #9gagcute #一眼レフのある生活 #くつしたねこ,https://www.instagram.com/p/Cm85W3LqRvk/
2023/1/4,https://raw.githubusercontent.com/wangqi0821/uni-calendar-china/main/media/2023-01-04_11-43-56.jpg,こういうロゴマークありそう。:3  #ミヌエット #funnycat #猫好きさんとつながりたい #catstagram #にゃんすたぐらむ #猫写真 #tuxedocat #meowed  #cutecat #bestmeow #instacat #9gag #9gagcute #一眼レフのある生活 #くつしたねこ,https://www.instagram.com/p/Cm_fR45v2Yt/
2023/1/5,"https://raw.githubusercontent.com/wangqi0821/uni-calendar-china/main/media/2023-01-05_11-55-04_1.jpg
https://raw.githubusercontent.com/wangqi0821/uni-calendar-china/main/media/2023-01-05_11-55-04_2.jpg",たまには抱っこされてやってもいいにゃ。:3  #ミヌエット #funnycat #猫好きさんとつながりたい #catstagram #にゃんすたぐらむ #猫写真 #tuxedocat #meowed  #cutecat #bestmeow #instacat #9gag #9gagcute #一眼レフのある生活 #くつしたねこ,https://www.instagram.com/p/CnCFWUYPqY1/
2023/1/6,"https://raw.githubusercontent.com/wangqi0821/uni-calendar-china/main/media/2023-01-06_11-43-56_1.jpg
https://raw.githubusercontent.com/wangqi0821/uni-calendar-china/main/media/2023-01-06_11-43-56_2.jpg",うにが立ち上がるとこんな感じです。:3  #ミヌエット #funnycat #猫好きさんとつながりたい #catstagram #にゃんすたぐらむ #猫写真 #tuxedocat #meowed  #cutecat #bestmeow #instacat #9gag #9gagcute #一眼レフのある生活 #くつしたねこ,https://www.instagram.com/p/CnEo3sLvaOB/
2023/1/7,https://raw.githubusercontent.com/wangqi0821/uni-calendar-china/main/media/2023-01-07_12-03-40.jpg,ぷっくりうにたん。:3  #ミヌエット #funnycat #猫好きさんとつながりたい #catstagram #にゃんすたぐらむ #猫写真 #tuxedocat #meowed  #cutecat #bestmeow #instacat #9gag #9gagcute #一眼レフのある生活 #くつしたねこ,https://www.instagram.com/p/CnHP7HUvyae/
2023/1/8,https://raw.githubusercontent.com/wangqi0821/uni-calendar-china/main/media/2023-01-08_11-15-21.jpg,振り向いた瞬間にもう可愛い。:3  #ミヌエット #funnycat #猫好きさんとつながりたい #catstagram #にゃんすたぐらむ #猫写真 #tuxedocat #meowed  #cutecat #bestmeow #instacat #9gag #9gagcute #一眼レフのある生活 #くつしたねこ,https://www.instagram.com/p/CnJvMDtPTDr/
2023/1/9,"https://raw.githubusercontent.com/wangqi0821/uni-calendar-china/main/media/2023-01-09_10-15-59_1.jpg
https://raw.githubusercontent.com/wangqi0821/uni-calendar-china/main/media/2023-01-09_10-15-59_2.jpg
https://raw.githubusercontent.com/wangqi0821/uni-calendar-china/main/media/2023-01-09_10-15-59_3.jpg
https://raw.githubusercontent.com/wangqi0821/uni-calendar-china/main/media/2023-01-09_10-15-59_4.jpg
https://raw.githubusercontent.com/wangqi0821/uni-calendar-china/main/media/2023-01-09_10-15-59_5.jpg
https://raw.githubusercontent.com/wangqi0821/uni-calendar-china/main/media/2023-01-09_10-15-59_6.jpg
https://raw.githubusercontent.com/wangqi0821/uni-calendar-china/main/media/2023-01-09_10-15-59_7.jpg",【PR】コメリ（@komeri_jp）さんから、「Pet ami キャットマンション」をお試しさせて頂きました！  組み立ててる時から興味津々の猫たち?? 特にうにとよるは気に入ってくれて、2匹で遊んでました?? （そらとあおばはちょっと警戒してました??）  個人的には3枚目の、胴長うにたんがお気に入りです??  今日は初めて見るものなので遊ぶだけでしたが、ふかふかの生地なので、猫たちもリラックスしてくれそうです?  同時に2頭まで使えるので、うちみたいな多頭飼いにもピッタリです?? いっぱい遊んでくれるといいな??  #コメリ #komeri #Petami #キャットマンション #ねこ #ペットアミ #ミヌエット #catstagram #PR  #catlover,https://www.instagram.com/p/CnMNML1vU-8/
2023/1/10,https://raw.githubusercontent.com/wangqi0821/uni-calendar-china/main/media/2023-01-10_11-58-45.jpg,うにの、ちゅ?るを食べる時の顔が好きです??  #ミヌエット #funnycat #猫好きさんとつながりたい #catstagram #にゃんすたぐらむ #猫写真 #tuxedocat #meowed  #cutecat #bestmeow #instacat #9gag #9gagcute #一眼レフのある生活 #くつしたねこ,https://www.instagram.com/p/CnO9vtwPR4o/
2023/1/11,"https://raw.githubusercontent.com/wangqi0821/uni-calendar-china/main/media/2023-01-11_11-56-45_1.jpg
https://raw.githubusercontent.com/wangqi0821/uni-calendar-china/main/media/2023-01-11_11-56-45_2.jpg
https://raw.githubusercontent.com/wangqi0821/uni-calendar-china/main/media/2023-01-11_11-56-45_3.jpg",ごはんの時間です。ワクワク！:3  It's dinner time! so excited!   #ミヌエット #funnycat #猫好きさんとつながりたい #catstagram #にゃんすたぐらむ #猫写真 #tuxedocat #meowed  #cutecat #bestmeow #instacat #9gag #9gagcute #一眼レフのある生活 #くつしたねこ,https://www.instagram.com/p/CnRiT_aPZmm/
2023/1/12,https://raw.githubusercontent.com/wangqi0821/uni-calendar-china/main/media/2023-01-12_11-54-00.mp4,「:3」←この通りの顔のうに??  literally :3 cat!  #ミヌエット #funnycat #猫好きさんとつながりたい #catstagram #にゃんすたぐらむ #猫写真 #tuxedocat #maxwellthecat  #maxwellthecarryablecat,https://www.instagram.com/p/CnUGcupKf5P/
2023/1/13,https://raw.githubusercontent.com/wangqi0821/uni-calendar-china/main/media/2023-01-13_12-40-59.jpg,ちょっと困り顔のうに。:3  #ミヌエット #funnycat #猫好きさんとつながりたい #catstagram #にゃんすたぐらむ #猫写真 #tuxedocat #meowed  #cutecat #bestmeow #instacat #9gag #9gagcute #一眼レフのある生活 #くつしたねこ,https://www.instagram.com/p/CnWw9sxPtOF/
2023/1/14,https://raw.githubusercontent.com/wangqi0821/uni-calendar-china/main/media/2023-01-14_11-35-03.jpg,あざと可愛い猫。:3  #ミヌエット #funnycat #猫好きさんとつながりたい #catstagram #にゃんすたぐらむ #猫写真 #tuxedocat #meowed  #cutecat #bestmeow #instacat #9gag #9gagcute #一眼レフのある生活 #くつしたねこ,https://www.instagram.com/p/CnZONqTvz9o/
2023/1/15,https://raw.githubusercontent.com/wangqi0821/uni-calendar-china/main/media/2023-01-15_10-54-44.jpg,お外を見て、ちょっとびっくり。:3  #ミヌエット #funnycat #猫好きさんとつながりたい #catstagram #にゃんすたぐらむ #猫写真 #tuxedocat #meowed  #cutecat #bestmeow #instacat #9gag #9gagcute #一眼レフのある生活 #くつしたねこ,https://www.instagram.com/p/CnbuZQxPg5i/
2023/1/16,"https://raw.githubusercontent.com/wangqi0821/uni-calendar-china/main/media/2023-01-16_11-19-49_1.jpg
https://raw.githubusercontent.com/wangqi0821/uni-calendar-china/main/media/2023-01-16_11-19-49_2.jpg",僕は強い！最強！:3  #ミヌエット #funnycat #猫好きさんとつながりたい #catstagram #にゃんすたぐらむ #猫写真 #tuxedocat #meowed  #cutecat #bestmeow #instacat #9gag #9gagcute #一眼レフのある生活 #くつしたねこ,https://www.instagram.com/p/CneWD2Nvnos/
2023/1/17,https://raw.githubusercontent.com/wangqi0821/uni-calendar-china/main/media/2023-01-17_11-37-41.mp4,この曲、頭に残ります??  #ミヌエット #funnycat #猫好きさんとつながりたい #catstagram #にゃんすたぐらむ #猫写真 #tuxedocat #meowed  #cutecat #bestmeow #instacat #9gag #9gagcute #一眼レフのある生活 #くつしたねこ,https://www.instagram.com/p/Cng81dZKsj-/
2023/1/18,https://raw.githubusercontent.com/wangqi0821/uni-calendar-china/main/media/2023-01-18_11-20-30.jpg,……猫？  #ミヌエット #funnycat #猫好きさんとつながりたい #catstagram #にゃんすたぐらむ #猫写真 #tuxedocat #meowed  #cutecat #bestmeow #instacat #9gag #9gagcute #一眼レフのある生活 #くつしたねこ,https://www.instagram.com/p/Cnjfuirv5TH/
2023/1/19,"https://raw.githubusercontent.com/wangqi0821/uni-calendar-china/main/media/2023-01-19_11-29-31_1.jpg
https://raw.githubusercontent.com/wangqi0821/uni-calendar-china/main/media/2023-01-19_11-29-31_2.jpg",ぷっくりうにたん。:3  #ミヌエット #funnycat #猫好きさんとつながりたい #catstagram #にゃんすたぐらむ #猫写真 #tuxedocat #meowed  #cutecat #bestmeow #instacat #9gag #9gagcute #一眼レフのある生活 #くつしたねこ,https://www.instagram.com/p/CnmFjhYP1ka/
2023/1/20,"https://raw.githubusercontent.com/wangqi0821/uni-calendar-china/main/media/2023-01-20_10-49-43_1.jpg
https://raw.githubusercontent.com/wangqi0821/uni-calendar-china/main/media/2023-01-20_10-49-43_2.jpg",自動給餌器を撤去したら、うにのお気に入りの場所になりました。:3  #ミヌエット #funnycat #猫好きさんとつながりたい #catstagram #にゃんすたぐらむ #猫写真 #tuxedocat #meowed  #cutecat #bestmeow #instacat #9gag #9gagcute #一眼レフのある生活 #くつしたねこ,https://www.instagram.com/p/Cnolyy2vfkI/
2023/1/21,"https://raw.githubusercontent.com/wangqi0821/uni-calendar-china/main/media/2023-01-21_11-36-06_1.jpg
https://raw.githubusercontent.com/wangqi0821/uni-calendar-china/main/media/2023-01-21_11-36-06_2.jpg",物音がした時の顔。:3  #ミヌエット #funnycat #猫好きさんとつながりたい #catstagram #にゃんすたぐらむ #猫写真 #tuxedocat #meowed  #cutecat #bestmeow #instacat #9gag #9gagcute #一眼レフのある生活 #くつしたねこ,https://www.instagram.com/p/CnrP5c5vfpD/
2023/1/22,https://raw.githubusercontent.com/wangqi0821/uni-calendar-china/main/media/2023-01-22_10-45-38.jpg,「今日のおやつは何かにゃ？」:3  #ミヌエット #funnycat #猫好きさんとつながりたい #catstagram #にゃんすたぐらむ #猫写真 #tuxedocat #meowed  #cutecat #bestmeow #instacat #9gag #9gagcute #一眼レフのある生活 #くつしたねこ,https://www.instagram.com/p/Cntu6u5vNw6/
2023/1/23,https://raw.githubusercontent.com/wangqi0821/uni-calendar-china/main/media/2023-01-23_11-18-37.jpg,うに、走る！  running Uni! :3  #ミヌエット #funnycat #猫好きさんとつながりたい #catstagram #にゃんすたぐらむ #猫写真 #tuxedocat #meowed  #cutecat #bestmeow #instacat #9gag #9gagcute #一眼レフのある生活 #くつしたねこ,https://www.instagram.com/p/CnwXfLovyk6/
2023/1/24,"https://raw.githubusercontent.com/wangqi0821/uni-calendar-china/main/media/2023-01-24_10-38-28_1.jpg
https://raw.githubusercontent.com/wangqi0821/uni-calendar-china/main/media/2023-01-24_10-38-28_2.jpg",目を瞑ったら、より口元ωが強調されます。  #ミヌエット #funnycat #猫好きさんとつながりたい #catstagram #にゃんすたぐらむ #猫写真 #tuxedocat #meowed  #cutecat #bestmeow #instacat #9gag #9gagcute #一眼レフのある生活 #くつしたねこ,https://www.instagram.com/p/Cny3sAsPZMj/
2023/1/25,https://raw.githubusercontent.com/wangqi0821/uni-calendar-china/main/media/2023-01-25_11-19-35.mp4,可愛すぎて飼い主も未だにドキッとします??  #ミヌエット #funnycat #猫好きさんとつながりたい #catstagram #にゃんすたぐらむ #猫写真 #tuxedocat #meowed  #cutecat #bestmeow #instacat #9gag #9gagcute #一眼レフのある生活 #くつしたねこ,https://www.instagram.com/p/Cn1eVB6guFP/
2023/1/26,https://raw.githubusercontent.com/wangqi0821/uni-calendar-china/main/media/2023-01-26_11-49-57.jpg,長いうに。:3  #ミヌエット #funnycat #猫好きさんとつながりたい #catstagram #にゃんすたぐらむ #猫写真 #tuxedocat #meowed  #cutecat #bestmeow #instacat #9gag #9gagcute #一眼レフのある生活 #くつしたねこ,https://www.instagram.com/p/Cn4JdRtPjh_/
2023/1/27,https://raw.githubusercontent.com/wangqi0821/uni-calendar-china/main/media/2023-01-27_11-55-25.jpg,おやつの時間です。わくわく！:3  #ミヌエット #funnycat #猫好きさんとつながりたい #catstagram #にゃんすたぐらむ #猫写真 #tuxedocat #meowed  #cutecat #bestmeow #instacat #9gag #9gagcute #一眼レフのある生活 #くつしたねこ,https://www.instagram.com/p/Cn6u4L8PZGG/
2023/1/28,https://raw.githubusercontent.com/wangqi0821/uni-calendar-china/main/media/2023-01-28_10-36-36.mp4,バッグの中が楽しいうに??  #ミヌエット #funnycat #猫好きさんとつながりたい #catstagram #にゃんすたぐらむ #猫写真 #tuxedocat #meowed  #cutecat #bestmeow #instacat #9gag #9gagcute #一眼レフのある生活 #くつしたねこ,https://www.instagram.com/p/Cn9KbZSAujO/
2023/1/29,"https://raw.githubusercontent.com/wangqi0821/uni-calendar-china/main/media/2023-01-29_10-26-16_1.jpg
https://raw.githubusercontent.com/wangqi0821/uni-calendar-china/main/media/2023-01-29_10-26-16_2.jpg
https://raw.githubusercontent.com/wangqi0821/uni-calendar-china/main/media/2023-01-29_10-26-16_3.jpg",うにの写真で、ピアスを作ってみました?? ハンドメイドです。  出来上がったものを見て、「可愛い?！！」と言っちゃいました??  I made earrings using Uni's photo! So cute???  #ミヌエット #funnycat #猫好きさんとつながりたい #catstagram #にゃんすたぐらむ #猫写真 #tuxedocat #meowed  #cutecat #bestmeow #instacat #9gag #9gagcute #一眼レフのある生活 #くつしたねこ,https://www.instagram.com/p/Cn_uQ-2P7Kd/
2023/1/30,"https://raw.githubusercontent.com/wangqi0821/uni-calendar-china/main/media/2023-01-30_11-02-50_1.jpg
https://raw.githubusercontent.com/wangqi0821/uni-calendar-china/main/media/2023-01-30_11-02-50_2.jpg",うきわ猫。:3  うには慢性的に結膜炎っぽくなるので、よくカラーをつけてます。  他のカラーは嫌がったんですが、このカラーはふかふかで気持ちいいみたいです。 よく枕にして寝てます??  #ミヌエット #funnycat #猫好きさんとつながりたい #catstagram #にゃんすたぐらむ #猫写真 #tuxedocat #meowed  #cutecat #bestmeow #instacat #9gag #9gagcute #一眼レフのある生活 #くつしたねこ,https://www.instagram.com/p/CoCXPuLvAdq/
2023/1/31,"https://raw.githubusercontent.com/wangqi0821/uni-calendar-china/main/media/2023-01-31_11-20-55_1.jpg
https://raw.githubusercontent.com/wangqi0821/uni-calendar-china/main/media/2023-01-31_11-20-55_2.jpg
https://raw.githubusercontent.com/wangqi0821/uni-calendar-china/main/media/2023-01-31_11-20-55_3.jpg
https://raw.githubusercontent.com/wangqi0821/uni-calendar-china/main/media/2023-01-31_11-20-55_4.jpg
https://raw.githubusercontent.com/wangqi0821/uni-calendar-china/main/media/2023-01-31_11-20-55_5.jpg
https://raw.githubusercontent.com/wangqi0821/uni-calendar-china/main/media/2023-01-31_11-20-55_6.jpg",うにが出てきた！  そして、入り方も可愛いのです。:3  #ミヌエット #funnycat #猫好きさんとつながりたい #catstagram #にゃんすたぐらむ #猫写真 #tuxedocat #meowed  #cutecat #bestmeow #instacat #9gag #9gagcute #一眼レフのある生活 #くつしたねこ,https://www.instagram.com/p/CoE-G8MvFF9/
2023/2/1,https://raw.githubusercontent.com/wangqi0821/uni-calendar-china/main/media/2023-02-01_11-05-34.jpg,丸い！:3  #ミヌエット #funnycat #猫好きさんとつながりたい #catstagram #にゃんすたぐらむ #猫写真 #tuxedocat #meowed  #cutecat #bestmeow #instacat #9gag #9gagcute #一眼レフのある生活 #くつしたねこ,https://www.instagram.com/p/CoHhJd9PGKJ/
2023/2/2,https://raw.githubusercontent.com/wangqi0821/uni-calendar-china/main/media/2023-02-02_11-40-22.mp4,うにの可愛い鳴き声??  Uni's cute voice! :3  #ミヌエット #funnycat #猫好きさんとつながりたい #catstagram #にゃんすたぐらむ #猫写真 #tuxedocat #meowed  #cutecat #bestmeow #instacat #9gag #9gagcute #一眼レフのある生活 #くつしたねこ,https://www.instagram.com/p/CoKJrA4AI9H/
2023/2/3,https://raw.githubusercontent.com/wangqi0821/uni-calendar-china/main/media/2023-02-03_11-57-38.jpg,遊んでほしいのかな？:3  #ミヌエット #funnycat #猫好きさんとつながりたい #catstagram #にゃんすたぐらむ #猫写真 #tuxedocat #meowed  #cutecat #bestmeow #instacat #9gag #9gagcute #一眼レフのある生活 #くつしたねこ,https://www.instagram.com/p/CoMwsiMPIOH/
2023/2/4,"https://raw.githubusercontent.com/wangqi0821/uni-calendar-china/main/media/2023-02-04_12-35-27_1.jpg
https://raw.githubusercontent.com/wangqi0821/uni-calendar-china/main/media/2023-02-04_12-35-27_2.jpg
https://raw.githubusercontent.com/wangqi0821/uni-calendar-china/main/media/2023-02-04_12-35-27_3.jpg
https://raw.githubusercontent.com/wangqi0821/uni-calendar-china/main/media/2023-02-04_12-35-27_4.jpg
https://raw.githubusercontent.com/wangqi0821/uni-calendar-china/main/media/2023-02-04_12-35-27_5.jpg",威嚇をしてても可愛い。:3  超負けず嫌いなので、売られたケンカは必ず買います！  足が短いからか、すぐ寝技に持ち込むうにたん…??  　  #ミヌエット #funnycat #猫好きさんとつながりたい #catstagram #にゃんすたぐらむ #猫写真 #tuxedocat #meowed  #cutecat #bestmeow #instacat #9gag #9gagcute #一眼レフのある生活 #くつしたねこ,https://www.instagram.com/p/CoPZ0WKv9Uj/
2023/2/5,"https://raw.githubusercontent.com/wangqi0821/uni-calendar-china/main/media/2023-02-05_10-52-00_1.jpg
https://raw.githubusercontent.com/wangqi0821/uni-calendar-china/main/media/2023-02-05_10-52-00_2.jpg
https://raw.githubusercontent.com/wangqi0821/uni-calendar-china/main/media/2023-02-05_10-52-00_3.jpg",カインズで、「ニャンズカードキャンペーンinカインズ3」が始まりました???? うにもカードの仲間入りしたよ！ 可愛いうに先生になりました??  カインズ店舗または、オンラインショップで対象商品を購入したら、ランダムで色んなニャンズカードがついてきます?  ニャンズカードのポイントをためたら豪華景品のご応募も? 詳しくはキャンペーンサイトを見てみてね??  #ニャンズカード #カインズ  #ミヌエット #猫のいる暮らし #pr,https://www.instagram.com/p/CoRyxkxvwPV/
2023/2/6,"https://raw.githubusercontent.com/wangqi0821/uni-calendar-china/main/media/2023-02-06_11-17-08_1.jpg
https://raw.githubusercontent.com/wangqi0821/uni-calendar-china/main/media/2023-02-06_11-17-08_2.jpg",この箱は小さすぎるようです。 表情に出てますね??  #ミヌエット #funnycat #猫好きさんとつながりたい #catstagram #にゃんすたぐらむ #猫写真 #tuxedocat #meowed  #cutecat #bestmeow #instacat #9gag #9gagcute #一眼レフのある生活 #くつしたねこ,https://www.instagram.com/p/CoUaci5Pkpk/
2023/2/7,https://raw.githubusercontent.com/wangqi0821/uni-calendar-china/main/media/2023-02-07_11-31-30.jpg,今日のおやつは何ですか？:3  #ミヌエット #funnycat #猫好きさんとつながりたい #catstagram #にゃんすたぐらむ #猫写真 #tuxedocat #meowed  #cutecat #bestmeow #instacat #9gag #9gagcute #一眼レフのある生活 #くつしたねこ,https://www.instagram.com/p/CoXA4lRvkYr/
2023/2/8,https://raw.githubusercontent.com/wangqi0821/uni-calendar-china/main/media/2023-02-08_11-55-50.jpg,さあ！どんと来い！:3  #ミヌエット #funnycat #猫好きさんとつながりたい #catstagram #にゃんすたぐらむ #猫写真 #tuxedocat #meowed  #cutecat #bestmeow #instacat #9gag #9gagcute #一眼レフのある生活 #くつしたねこ,https://www.instagram.com/p/CoZodsevyUI/
2023/2/9,"https://raw.githubusercontent.com/wangqi0821/uni-calendar-china/main/media/2023-02-09_11-52-42_1.jpg
https://raw.githubusercontent.com/wangqi0821/uni-calendar-china/main/media/2023-02-09_11-52-42_2.jpg",このほっぺたに触りたくなります??  #ミヌエット #funnycat #猫好きさんとつながりたい #catstagram #にゃんすたぐらむ #猫写真 #tuxedocat #meowed  #cutecat #bestmeow #instacat #9gag #9gagcute #一眼レフのある生活 #くつしたねこ,https://www.instagram.com/p/CocM5rhPRMx/
2023/2/10,https://raw.githubusercontent.com/wangqi0821/uni-calendar-china/main/media/2023-02-10_12-10-37.jpg,ベッドにて。 一緒にお昼寝しようと誘ってます??  #ミヌエット #funnycat #猫好きさんとつながりたい #catstagram #にゃんすたぐらむ #猫写真 #tuxedocat #meowed  #cutecat #bestmeow #instacat #9gag #9gagcute #一眼レフのある生活 #くつしたねこ,https://www.instagram.com/p/Coezvx6v_xg/
2023/2/11,https://raw.githubusercontent.com/wangqi0821/uni-calendar-china/main/media/2023-02-11_11-33-01.jpg,何か美味しいものをくれませんか？??  #ミヌエット #funnycat #猫好きさんとつながりたい #catstagram #にゃんすたぐらむ #猫写真 #tuxedocat #meowed  #cutecat #bestmeow #instacat #9gag #9gagcute #一眼レフのある生活 #くつしたねこ,https://www.instagram.com/p/CohUPN2vvUC/
2023/2/12,"https://raw.githubusercontent.com/wangqi0821/uni-calendar-china/main/media/2023-02-12_11-22-07_1.jpg
https://raw.githubusercontent.com/wangqi0821/uni-calendar-china/main/media/2023-02-12_11-22-07_2.jpg",待ってます。:3  （何を待ってるかと言うと、とーちゃんがお風呂から上がるのを待っています。おやつがもらえるので??）  #ミヌエット #funnycat #猫好きさんとつながりたい #catstagram #にゃんすたぐらむ #猫写真 #tuxedocat #meowed  #cutecat #bestmeow #instacat #9gag #9gagcute #一眼レフのある生活 #くつしたねこ,https://www.instagram.com/p/Coj3yVePavZ/
2023/2/13,https://raw.githubusercontent.com/wangqi0821/uni-calendar-china/main/media/2023-02-13_11-31-55.jpg,それ、リラックスできてるの？??  #ミヌエット #funnycat #猫好きさんとつながりたい #catstagram #にゃんすたぐらむ #猫写真 #tuxedocat #meowed  #cutecat #bestmeow #instacat #9gag #9gagcute #一眼レフのある生活 #くつしたねこ,https://www.instagram.com/p/Comds6YvCcH/
2023/2/14,https://raw.githubusercontent.com/wangqi0821/uni-calendar-china/main/media/2023-02-14_11-30-33.mp4,tiktok用に作ったものですが、こちらにも??  I know Uni and Maxwell are different cats. I just think they look alike.  　  #ミヌエット #funnycat #猫好きさんとつながりたい #catstagram #にゃんすたぐらむ #猫写真 #tuxedocat  #maxwellthecat  #maxwellthecarryablecat,https://www.instagram.com/p/CopB5iBgKH2/
2023/2/15,https://raw.githubusercontent.com/wangqi0821/uni-calendar-china/main/media/2023-02-15_11-46-47.jpg,造形が可愛い。:3  #ミヌエット #funnycat #猫好きさんとつながりたい #catstagram #にゃんすたぐらむ #猫写真 #tuxedocat #meowed  #cutecat #bestmeow #instacat #9gag #9gagcute #一眼レフのある生活 #くつしたねこ,https://www.instagram.com/p/Coro_oevoEe/
2023/2/16,"https://raw.githubusercontent.com/wangqi0821/uni-calendar-china/main/media/2023-02-16_12-11-53_1.jpg
https://raw.githubusercontent.com/wangqi0821/uni-calendar-china/main/media/2023-02-16_12-11-53_2.jpg",何を考えてるか分からないけど、可愛い。:3  （このおててが可愛くて撮ってました??）  #ミヌエット #funnycat #猫好きさんとつながりたい #catstagram #にゃんすたぐらむ #猫写真 #tuxedocat #meowed  #cutecat #bestmeow #instacat #9gag #9gagcute #一眼レフのある生活 #くつしたねこ,https://www.instagram.com/p/CouQqSDv-IL/
2023/2/17,"https://raw.githubusercontent.com/wangqi0821/uni-calendar-china/main/media/2023-02-17_11-05-38_1.jpg
https://raw.githubusercontent.com/wangqi0821/uni-calendar-china/main/media/2023-02-17_11-05-38_2.jpg",なんか可愛いのがいる…！  There's something cute over there!  #ミヌエット #funnycat #猫好きさんとつながりたい #catstagram #にゃんすたぐらむ #猫写真 #tuxedocat #meowed  #cutecat #bestmeow #instacat #9gag #9gagcute #一眼レフのある生活 #くつしたねこ,https://www.instagram.com/p/Cowt39cvNtA/
2023/2/18,"https://raw.githubusercontent.com/wangqi0821/uni-calendar-china/main/media/2023-02-18_11-47-47_1.jpg
https://raw.githubusercontent.com/wangqi0821/uni-calendar-china/main/media/2023-02-18_11-47-47_2.jpg",楽しいことが一目で分かる。:3  #ミヌエット #funnycat #猫好きさんとつながりたい #catstagram #にゃんすたぐらむ #猫写真 #tuxedocat #meowed  #cutecat #bestmeow #instacat #9gag #9gagcute #一眼レフのある生活 #くつしたねこ,https://www.instagram.com/p/CozXfeivD1V/
2023/2/19,https://raw.githubusercontent.com/wangqi0821/uni-calendar-china/main/media/2023-02-19_11-54-53.jpg,うにたん。  いつもいいねやコメントありがとうございます！  Thank you for the likes and comments!  #ミヌエット #funnycat #猫好きさんとつながりたい #catstagram #にゃんすたぐらむ #猫写真 #tuxedocat #meowed  #cutecat #bestmeow #instacat #9gag #9gagcute #一眼レフのある生活 #くつしたねこ,https://www.instagram.com/p/Co19GWBvqZ5/
2023/2/20,"https://raw.githubusercontent.com/wangqi0821/uni-calendar-china/main/media/2023-02-20_10-01-40_1.jpg
https://raw.githubusercontent.com/wangqi0821/uni-calendar-china/main/media/2023-02-20_10-01-40_2.jpg
https://raw.githubusercontent.com/wangqi0821/uni-calendar-china/main/media/2023-02-20_10-01-40_3.jpg
https://raw.githubusercontent.com/wangqi0821/uni-calendar-china/main/media/2023-02-20_10-01-40_4.jpg
https://raw.githubusercontent.com/wangqi0821/uni-calendar-china/main/media/2023-02-20_10-01-40_5.jpg
https://raw.githubusercontent.com/wangqi0821/uni-calendar-china/main/media/2023-02-20_10-01-40_5.mp4
https://raw.githubusercontent.com/wangqi0821/uni-calendar-china/main/media/2023-02-20_10-01-40_6.jpg
https://raw.githubusercontent.com/wangqi0821/uni-calendar-china/main/media/2023-02-20_10-01-40_7.jpg
https://raw.githubusercontent.com/wangqi0821/uni-calendar-china/main/media/2023-02-20_10-01-40_8.jpg","【PR】 @roborock.japan 様のロボット掃除機、Roborock Q7 Maxをお試しさせて頂きました??  Roborock Q7 Maxは、4,200Paのパワフルな吸引力に加え、メインブラシが3次元に動くのでホコリやゴミをしっかりキャッチ！ そして、なんと！『掃く』だけでなく『水拭き』もこれ1台で対応可能とのこと??  我が家は4匹猫がいるため、少し掃除をサボると、すぐに猫毛がふわふわ??? 猫砂も舞うためいつも埃っぽくなります。  それをこれ１台で軽減してくれるのは本当に助かります??  マッピング機能も本当に素晴らしい???！ 掃除をしながら部屋のマップを作成し、「どこを掃除したか」をアプリで確認できるという優れもの? 爪とぎ等猫の物が多い我が家ですが、それをよけて掃除してるのに結構隅々までキレイにしてくれてる印象です。  気になる猫の反応は???？ 吸引力はすごいのに結構静かで、あまり怖がったりせず落ち着いてくれてました。 （最初だけおめめまんまるになってましたが。笑)  特にうには好奇心旺盛なので、色々動く掃除機をじーっと見つめてて可愛かったです???? （掃除機が入ってた箱を気に入ったり、充電器を不思議そうに見つめたり???笑) ＿＿＿＿＿＿＿＿＿＿＿＿＿＿＿＿＿＿  現在、ロボロック公式アカウントでプレゼントキャンペーンを行っています！ ストリーズに貼ったリンクより確認してみてください? みなさんぜひご応募ください！ _________________________________ #roborock #roborockq7max #ロボロック #ロボロックのある生活 #roborockpr #ロボット掃除機 #プレゼントキャンペーン #懸賞 #PR #ミヌエット",https://www.instagram.com/p/Co4U8DrPmYt/
2023/2/21,"https://raw.githubusercontent.com/wangqi0821/uni-calendar-china/main/media/2023-02-21_11-05-24_1.jpg
https://raw.githubusercontent.com/wangqi0821/uni-calendar-china/main/media/2023-02-21_11-05-24_2.jpg
https://raw.githubusercontent.com/wangqi0821/uni-calendar-china/main/media/2023-02-21_11-05-24_3.jpg
https://raw.githubusercontent.com/wangqi0821/uni-calendar-china/main/media/2023-02-21_11-05-24_4.jpg",うにと猫じゃらし。:3  #ミヌエット #funnycat #猫好きさんとつながりたい #catstagram #にゃんすたぐらむ #猫写真 #tuxedocat #meowed  #cutecat #bestmeow #instacat #9gag #9gagcute #一眼レフのある生活 #くつしたねこ,https://www.instagram.com/p/Co7BBq9PK_e/
2023/2/22,"https://raw.githubusercontent.com/wangqi0821/uni-calendar-china/main/media/2023-02-22_11-44-28_1.jpg
https://raw.githubusercontent.com/wangqi0821/uni-calendar-china/main/media/2023-02-22_11-44-28_2.jpg",今日は猫の日……！！？？ これはスペシャルなおやつがもらえるはず……。:3  #ミヌエット #funnycat #猫好きさんとつながりたい #catstagram #にゃんすたぐらむ #猫写真 #tuxedocat #meowed  #cutecat #bestmeow #instacat #9gag #9gagcute #一眼レフのある生活 #くつしたねこ #猫の日,https://www.instagram.com/p/Co9qSuSPBkU/
2023/2/23,https://raw.githubusercontent.com/wangqi0821/uni-calendar-china/main/media/2023-02-23_10-58-49.jpg,猫というより何かキャラクターっぽい。:3  #ミヌエット #funnycat #猫好きさんとつながりたい #catstagram #にゃんすたぐらむ #猫写真 #tuxedocat #meowed  #cutecat #bestmeow #instacat #9gag #9gagcute #一眼レフのある生活 #くつしたねこ,https://www.instagram.com/p/CpAJ3SnPRB5/
2023/2/24,https://raw.githubusercontent.com/wangqi0821/uni-calendar-china/main/media/2023-02-24_11-48-48.jpg,上目遣いと肉球チラリの合わせ技！:3  #ミヌエット #funnycat #猫好きさんとつながりたい #catstagram #にゃんすたぐらむ #猫写真 #tuxedocat #meowed  #cutecat #bestmeow #instacat #9gag #9gagcute #一眼レフのある生活 #くつしたねこ,https://www.instagram.com/p/CpC0YSCPf4V/
2023/2/25,https://raw.githubusercontent.com/wangqi0821/uni-calendar-china/main/media/2023-02-25_11-24-22.jpg,がーん！！ Bummer!!  #ミヌエット #funnycat #猫好きさんとつながりたい #catstagram #にゃんすたぐらむ #猫写真 #tuxedocat #meowed  #cutecat #bestmeow #instacat #9gag #9gagcute #一眼レフのある生活 #くつしたねこ,https://www.instagram.com/p/CpFWYHJvOMI/
2023/2/26,"https://raw.githubusercontent.com/wangqi0821/uni-calendar-china/main/media/2023-02-26_10-39-02_1.jpg
https://raw.githubusercontent.com/wangqi0821/uni-calendar-china/main/media/2023-02-26_10-39-02_2.jpg",ちょっとおめかし。:3  #ミヌエット #funnycat #猫好きさんとつながりたい #catstagram #にゃんすたぐらむ #猫写真 #tuxedocat #meowed  #cutecat #bestmeow #instacat #9gag #9gagcute #一眼レフのある生活 #くつしたねこ,https://www.instagram.com/p/CpH1--tvY0A/
2023/2/27,"https://raw.githubusercontent.com/wangqi0821/uni-calendar-china/main/media/2023-02-27_11-46-09_1.jpg
https://raw.githubusercontent.com/wangqi0821/uni-calendar-china/main/media/2023-02-27_11-46-09_2.jpg",新しいトンネルが楽しくて仕方ない！っていう顔。:3  #ミヌエット #funnycat #猫好きさんとつながりたい #catstagram #にゃんすたぐらむ #猫写真 #tuxedocat #meowed  #cutecat #bestmeow #instacat #9gag #9gagcute #一眼レフのある生活 #くつしたねこ,https://www.instagram.com/p/CpKidcOvwUN/
2023/2/28,https://raw.githubusercontent.com/wangqi0821/uni-calendar-china/main/media/2023-02-28_11-48-33.jpg,おすわりしてるだけで可愛い。:3  #ミヌエット #funnycat #猫好きさんとつながりたい #catstagram #にゃんすたぐらむ #猫写真 #tuxedocat #meowed  #cutecat #bestmeow #instacat #9gag #9gagcute #一眼レフのある生活 #くつしたねこ,https://www.instagram.com/p/CpNHh1oPVQ7/
2023/3/1,"https://raw.githubusercontent.com/wangqi0821/uni-calendar-china/main/media/2023-03-01_11-36-09_1.jpg
https://raw.githubusercontent.com/wangqi0821/uni-calendar-china/main/media/2023-03-01_11-36-09_2.jpg",トンネルとタワーをくっつけたら、これまた楽しそうな顔！:3  #ミヌエット #funnycat #猫好きさんとつながりたい #catstagram #にゃんすたぐらむ #猫写真 #tuxedocat #meowed  #cutecat #bestmeow #instacat #9gag #9gagcute #一眼レフのある生活 #くつしたねこ,https://www.instagram.com/p/CpPq5-UvvfE/
2023/3/2,https://raw.githubusercontent.com/wangqi0821/uni-calendar-china/main/media/2023-03-02_11-34-39.jpg,フクロウ？??  #ミヌエット #funnycat #猫好きさんとつながりたい #catstagram #にゃんすたぐらむ #猫写真 #tuxedocat #meowed  #cutecat #bestmeow #instacat #9gag #9gagcute #一眼レフのある生活 #くつしたねこ,https://www.instagram.com/p/CpSPhzeP516/
2023/3/3,"https://raw.githubusercontent.com/wangqi0821/uni-calendar-china/main/media/2023-03-03_11-42-52_1.jpg
https://raw.githubusercontent.com/wangqi0821/uni-calendar-china/main/media/2023-03-03_11-42-52_2.jpg",見上げたら、可愛いうに。:3  #ミヌエット #funnycat #猫好きさんとつながりたい #catstagram #にゃんすたぐらむ #猫写真 #tuxedocat #meowed  #cutecat #bestmeow #instacat #9gag #9gagcute #一眼レフのある生活 #くつしたねこ,https://www.instagram.com/p/CpU1Q5MvziT/
2023/3/4,"https://raw.githubusercontent.com/wangqi0821/uni-calendar-china/main/media/2023-03-04_11-36-49_1.jpg
https://raw.githubusercontent.com/wangqi0821/uni-calendar-china/main/media/2023-03-04_11-36-49_2.jpg",ブラッシングされてる時のうに。  #ミヌエット #funnycat #猫好きさんとつながりたい #catstagram #にゃんすたぐらむ #猫写真 #tuxedocat #meowed  #cutecat #bestmeow #instacat #9gag #9gagcute #一眼レフのある生活 #くつしたねこ,https://www.instagram.com/p/CpXZXfgPR87/
2023/3/5,"https://raw.githubusercontent.com/wangqi0821/uni-calendar-china/main/media/2023-03-05_11-17-20_1.jpg
https://raw.githubusercontent.com/wangqi0821/uni-calendar-china/main/media/2023-03-05_11-17-20_2.jpg
https://raw.githubusercontent.com/wangqi0821/uni-calendar-china/main/media/2023-03-05_11-17-20_3.jpg
https://raw.githubusercontent.com/wangqi0821/uni-calendar-china/main/media/2023-03-05_11-17-20_4.jpg",短い手足で一生懸命！:3  #ミヌエット #funnycat #猫好きさんとつながりたい #catstagram #にゃんすたぐらむ #猫写真 #tuxedocat #meowed  #cutecat #bestmeow #instacat #9gag #9gagcute #一眼レフのある生活 #くつしたねこ,https://www.instagram.com/p/CpZ77lYvoxS/
2023/3/6,https://raw.githubusercontent.com/wangqi0821/uni-calendar-china/main/media/2023-03-06_11-40-14.mp4,可愛い声でお返事！  Uni's cute voice! :3  #ミヌエット #funnycat #猫好きさんとつながりたい #catstagram #にゃんすたぐらむ #猫写真 #tuxedocat #meowed  #cutecat #bestmeow #instacat #9gag #9gagcute #一眼レフのある生活 #くつしたねこ,https://www.instagram.com/p/CpcjLApgnt4/
2023/3/7,"https://raw.githubusercontent.com/wangqi0821/uni-calendar-china/main/media/2023-03-07_11-47-39_1.jpg
https://raw.githubusercontent.com/wangqi0821/uni-calendar-china/main/media/2023-03-07_11-47-39_2.jpg",なんか可愛いのがいる！  There's something cute! :3  #ミヌエット #funnycat #猫好きさんとつながりたい #catstagram #にゃんすたぐらむ #猫写真 #tuxedocat #meowed  #cutecat #bestmeow #instacat #9gag #9gagcute #一眼レフのある生活 #くつしたねこ,https://www.instagram.com/p/CpfI_cYPDIH/
2023/3/8,"https://raw.githubusercontent.com/wangqi0821/uni-calendar-china/main/media/2023-03-08_11-30-45_1.jpg
https://raw.githubusercontent.com/wangqi0821/uni-calendar-china/main/media/2023-03-08_11-30-45_2.jpg",可愛い顔からの……「やんのか？」  Cute face?? “Bring it on!”  #ミヌエット #funnycat #猫好きさんとつながりたい #catstagram #にゃんすたぐらむ #猫写真 #tuxedocat #meowed  #cutecat #bestmeow #instacat #9gag #9gagcute #一眼レフのある生活 #くつしたねこ,https://www.instagram.com/p/Cphr2hpvOV_/
2023/3/9,"https://raw.githubusercontent.com/wangqi0821/uni-calendar-china/main/media/2023-03-09_11-49-26_1.jpg
https://raw.githubusercontent.com/wangqi0821/uni-calendar-china/main/media/2023-03-09_11-49-26_2.jpg
https://raw.githubusercontent.com/wangqi0821/uni-calendar-china/main/media/2023-03-09_11-49-26_3.jpg",ぽかぽかお天気?? うにマフラーは見納めかな？:3  #ミヌエット #funnycat #猫好きさんとつながりたい #catstagram #にゃんすたぐらむ #猫写真 #tuxedocat #meowed  #cutecat #bestmeow #instacat #9gag #9gagcute #一眼レフのある生活 #くつしたねこ,https://www.instagram.com/p/CpkSySUpmov/
2023/3/10,"https://raw.githubusercontent.com/wangqi0821/uni-calendar-china/main/media/2023-03-10_11-28-29_1.jpg
https://raw.githubusercontent.com/wangqi0821/uni-calendar-china/main/media/2023-03-10_11-28-29_2.jpg
https://raw.githubusercontent.com/wangqi0821/uni-calendar-china/main/media/2023-03-10_11-28-29_3.jpg",猫じゃらし待ちのうに。 この右手が可愛いのです。:3  #ミヌエット #funnycat #猫好きさんとつながりたい #catstagram #にゃんすたぐらむ #猫写真 #tuxedocat #meowed  #cutecat #bestmeow #instacat #9gag #9gagcute #一眼レフのある生活 #くつしたねこ,https://www.instagram.com/p/Cpm1Lm4PipD/
2023/3/11,https://raw.githubusercontent.com/wangqi0821/uni-calendar-china/main/media/2023-03-11_11-38-34.mp4,あれは…！！おやつ…！！  #ミヌエット #funnycat #猫好きさんとつながりたい #catstagram #にゃんすたぐらむ #猫写真 #tuxedocat #meowed  #cutecat #bestmeow #instacat #9gag #9gagcute #一眼レフのある生活 #くつしたねこ,https://www.instagram.com/p/Cppa8QgAJ2s/
2023/3/12,https://raw.githubusercontent.com/wangqi0821/uni-calendar-china/main/media/2023-03-12_11-35-52.jpg,ぷっくりフグみたい??  #ミヌエット #funnycat #猫好きさんとつながりたい #catstagram #にゃんすたぐらむ #猫写真 #tuxedocat #meowed  #cutecat #bestmeow #instacat #9gag #9gagcute #一眼レフのある生活 #くつしたねこ,https://www.instagram.com/p/Cpr_nhePc6C/
2023/3/13,"https://raw.githubusercontent.com/wangqi0821/uni-calendar-china/main/media/2023-03-13_11-02-18_1.jpg
https://raw.githubusercontent.com/wangqi0821/uni-calendar-china/main/media/2023-03-13_11-02-18_2.jpg
https://raw.githubusercontent.com/wangqi0821/uni-calendar-china/main/media/2023-03-13_11-02-18_3.jpg",爪とぎの上にちょこん！とおすわり。 そしてドヤ顔です。  #ミヌエット #funnycat #猫好きさんとつながりたい #catstagram #にゃんすたぐらむ #猫写真 #tuxedocat #meowed  #cutecat #bestmeow #instacat #9gag #9gagcute #一眼レフのある生活 #くつしたねこ,https://www.instagram.com/p/CpugkjPPbuH/
2023/3/14,https://raw.githubusercontent.com/wangqi0821/uni-calendar-china/main/media/2023-03-14_11-35-07.jpg,吸い込まれそうなおめめ。:3  #ミヌエット #funnycat #猫好きさんとつながりたい #catstagram #にゃんすたぐらむ #猫写真 #tuxedocat #meowed  #cutecat #bestmeow #instacat #9gag #9gagcute #一眼レフのある生活 #くつしたねこ,https://www.instagram.com/p/CpxJHz6vbb0/
2023/3/15,"https://raw.githubusercontent.com/wangqi0821/uni-calendar-china/main/media/2023-03-15_11-50-24_1.jpg
https://raw.githubusercontent.com/wangqi0821/uni-calendar-china/main/media/2023-03-15_11-50-24_2.jpg",箱に入って、虚無の顔。:3  何か考えてるのかな？ それとも何も考えてないのかな？??  #ミヌエット #funnycat #猫好きさんとつながりたい #catstagram #にゃんすたぐらむ #猫写真 #tuxedocat #meowed  #cutecat #bestmeow #instacat #9gag #9gagcute #一眼レフのある生活 #くつしたねこ,https://www.instagram.com/p/CpzvqiGPXYS/
2023/3/16,https://raw.githubusercontent.com/wangqi0821/uni-calendar-china/main/media/2023-03-16_11-36-51.jpg,猫じゃらしと逆方向にいっちゃったうに。  #ミヌエット #funnycat #猫好きさんとつながりたい #catstagram #にゃんすたぐらむ #猫写真 #tuxedocat #meowed  #cutecat #bestmeow #instacat #9gag #9gagcute #一眼レフのある生活 #くつしたねこ,https://www.instagram.com/p/Cp2S6MzPNai/
2023/3/17,https://raw.githubusercontent.com/wangqi0821/uni-calendar-china/main/media/2023-03-17_11-36-05.jpg,おやつ待ちの表情。:3  #ミヌエット #funnycat #猫好きさんとつながりたい #catstagram #にゃんすたぐらむ #猫写真 #tuxedocat #meowed  #cutecat #bestmeow #instacat #9gag #9gagcute #一眼レフのある生活 #くつしたねこ,https://www.instagram.com/p/Cp43ngVpKFi/
2023/3/19,https://raw.githubusercontent.com/wangqi0821/uni-calendar-china/main/media/2023-03-19_10-23-27.mp4,"まんまるおめめと口元ωが可愛い?  I know Uni and Maxwell are different cats, but they look alike and I think they're both cute.  #ミヌエット #funnycat #猫好きさんとつながりたい #catstagram #にゃんすたぐらむ #猫写真 #tuxedocat #meowed  #cutecat #bestmeow #instacat #9gag #9gagcute #一眼レフのある生活 #maxwellthecat #maxwellthecarryablecat",https://www.instagram.com/p/Cp94FnGA3bh/
2023/3/20,https://raw.githubusercontent.com/wangqi0821/uni-calendar-china/main/media/2023-03-20_11-39-43.jpg,子猫時代のうに。  When Uni was a kitten??  #ミヌエット #funnycat #猫好きさんとつながりたい #catstagram #にゃんすたぐらむ #猫写真 #tuxedocat #meowed  #cutecat #bestmeow #instacat #9gag #9gagcute #一眼レフのある生活 #くつしたねこ,https://www.instagram.com/p/CqAmargPfuO/
2023/3/21,https://raw.githubusercontent.com/wangqi0821/uni-calendar-china/main/media/2023-03-21_11-44-47.jpg,うにのこの顔かわいい??  This Uni's face is cute! :3  #ミヌエット #funnycat #猫好きさんとつながりたい #catstagram #にゃんすたぐらむ #猫写真 #tuxedocat #meowed  #cutecat #bestmeow #instacat #9gag #9gagcute #一眼レフのある生活 #くつしたねこ,https://www.instagram.com/p/CqDLyt2LsuU/
2023/3/22,"https://raw.githubusercontent.com/wangqi0821/uni-calendar-china/main/media/2023-03-22_11-38-51_1.jpg
https://raw.githubusercontent.com/wangqi0821/uni-calendar-china/main/media/2023-03-22_11-38-51_2.jpg",表情の振れ幅がすごい??  #ミヌエット #funnycat #猫好きさんとつながりたい #catstagram #にゃんすたぐらむ #猫写真 #tuxedocat #meowed  #cutecat #bestmeow #instacat #9gag #9gagcute #一眼レフのある生活 #くつしたねこ,https://www.instagram.com/p/CqFv6H4Pfsq/
2023/3/23,https://raw.githubusercontent.com/wangqi0821/uni-calendar-china/main/media/2023-03-23_10-40-52.jpg,"うにとよる。 本当の姉弟みたい??  Uni and Yoru, like real siblings!  #ミヌエット #funnycat #猫好きさんとつながりたい #catstagram #にゃんすたぐらむ #猫写真 #tuxedocat #meowed  #cutecat #bestmeow #instacat #9gag #9gagcute #一眼レフのある生活 #くつしたねこ",https://www.instagram.com/p/CqIOEPNPwQ3/
2023/3/24,https://raw.githubusercontent.com/wangqi0821/uni-calendar-china/main/media/2023-03-24_11-04-45.jpg,"まさしく「びっくり！」という顔。:3  Exactly the expression ""surprised!""   #ミヌエット #funnycat #猫好きさんとつながりたい #catstagram #にゃんすたぐらむ #猫写真 #tuxedocat #meowed  #cutecat #bestmeow #instacat #9gag #9gagcute #一眼レフのある生活 #くつしたねこ",https://www.instagram.com/p/CqK1mCKvhiE/
2023/3/25,https://raw.githubusercontent.com/wangqi0821/uni-calendar-china/main/media/2023-03-25_11-12-00.jpg,こう見えて威嚇してます。可愛い??  Uni is cute even if he is intimidating! :3  #ミヌエット #funnycat #猫好きさんとつながりたい #catstagram #にゃんすたぐらむ #猫写真 #tuxedocat #meowed  #cutecat #bestmeow #instacat #9gag #9gagcute #一眼レフのある生活 #くつしたねこ,https://www.instagram.com/p/CqNbOF-vXvt/
2023/3/26,"https://raw.githubusercontent.com/wangqi0821/uni-calendar-china/main/media/2023-03-26_10-55-57_1.jpg
https://raw.githubusercontent.com/wangqi0821/uni-calendar-china/main/media/2023-03-26_10-55-57_2.jpg
https://raw.githubusercontent.com/wangqi0821/uni-calendar-china/main/media/2023-03-26_10-55-57_3.jpg
https://raw.githubusercontent.com/wangqi0821/uni-calendar-china/main/media/2023-03-26_10-55-57_4.jpg
https://raw.githubusercontent.com/wangqi0821/uni-calendar-china/main/media/2023-03-26_10-55-57_5.jpg",子猫時代のうに。  When Uni was a kitten.  #ミヌエット #funnycat #猫好きさんとつながりたい #catstagram #にゃんすたぐらむ #猫写真 #tuxedocat #meowed  #cutecat #bestmeow #instacat #9gag #9gagcute #一眼レフのある生活 #くつしたねこ,https://www.instagram.com/p/CqP-LYuPWvs/
2023/3/27,"https://raw.githubusercontent.com/wangqi0821/uni-calendar-china/main/media/2023-03-27_03-38-33_1.jpg
https://raw.githubusercontent.com/wangqi0821/uni-calendar-china/main/media/2023-03-27_03-38-33_2.jpg
https://raw.githubusercontent.com/wangqi0821/uni-calendar-china/main/media/2023-03-27_03-38-33_3.jpg
https://raw.githubusercontent.com/wangqi0821/uni-calendar-china/main/media/2023-03-27_03-38-33_4.jpg
https://raw.githubusercontent.com/wangqi0821/uni-calendar-china/main/media/2023-03-27_03-38-33_4.mp4","今日3/27は、うにの3歳の誕生日です????  元気に3歳を迎えられて、飼い主もとても嬉しいです！ うに、お誕生日おめでとう????  Today is Uni's 3rd birthday!! Say ""Happy Birthday"" to Uni???  #ミヌエット #funnycat #猫好きさんとつながりたい #catstagram #にゃんすたぐらむ #猫写真 #tuxedocat #meowed  #cutecat #bestmeow #instacat #9gag #9gagcute #一眼レフのある生活 #くつしたねこ",https://www.instagram.com/p/CqRw6pLvE1n/
2023/3/28,"https://raw.githubusercontent.com/wangqi0821/uni-calendar-china/main/media/2023-03-28_11-24-51_1.jpg
https://raw.githubusercontent.com/wangqi0821/uni-calendar-china/main/media/2023-03-28_11-24-51_2.jpg",いつもより口角上がってる気がする。 「むんっ！」  Uni is showing a proud expression! :3  #ミヌエット #funnycat #猫好きさんとつながりたい #catstagram #にゃんすたぐらむ #猫写真 #tuxedocat #meowed  #cutecat #bestmeow #instacat #9gag #9gagcute #一眼レフのある生活 #くつしたねこ,https://www.instagram.com/p/CqVLE2ivpL9/
2023/3/29,https://raw.githubusercontent.com/wangqi0821/uni-calendar-china/main/media/2023-03-29_11-33-44.jpg,ひかえめに、チラッ。:3  #ミヌエット #funnycat #猫好きさんとつながりたい #catstagram #にゃんすたぐらむ #猫写真 #tuxedocat #meowed  #cutecat #bestmeow #instacat #9gag #9gagcute #一眼レフのある生活 #くつしたねこ,https://www.instagram.com/p/CqXw4vovf1s/
2023/3/30,"https://raw.githubusercontent.com/wangqi0821/uni-calendar-china/main/media/2023-03-30_09-29-43_1.jpg
https://raw.githubusercontent.com/wangqi0821/uni-calendar-china/main/media/2023-03-30_09-29-43_2.jpg
https://raw.githubusercontent.com/wangqi0821/uni-calendar-china/main/media/2023-03-30_09-29-43_3.jpg
https://raw.githubusercontent.com/wangqi0821/uni-calendar-china/main/media/2023-03-30_09-29-43_4.jpg
https://raw.githubusercontent.com/wangqi0821/uni-calendar-china/main/media/2023-03-30_09-29-43_5.jpg
https://raw.githubusercontent.com/wangqi0821/uni-calendar-china/main/media/2023-03-30_09-29-43_6.jpg
https://raw.githubusercontent.com/wangqi0821/uni-calendar-china/main/media/2023-03-30_09-29-43_7.jpg
https://raw.githubusercontent.com/wangqi0821/uni-calendar-china/main/media/2023-03-30_09-29-43_8.jpg",<PR> NELLマットレスに替えて約半年が経ちました?  毎日肩こり、腰痛を抱えながらベッドに入るわけですが、翌日には少し楽になってます。  この「少し楽」にどれだけ救われてるか???！???? 以前は、起きた時の方が逆に全身きつかった時も多かったので、マットレスの大事さを本当に痛感しています。  猫たちもよくベッドに来てくれます??気持ち良さそう?? あまり添い寝をしてくれなかったうにまで一緒に寝てくれるようになったので、飼い主はそれも嬉しい限りです???  寝心地の良さだけでなく、防ダニ?抗菌?防臭機能を兼ね備えた高機能な綿生地を使用しているので、色々安心して寝られますね?? ＿＿＿＿＿＿＿＿＿＿＿＿＿＿＿＿＿＿＿  ★10％オフクーポンも頂いてるのでぜひお使い下さい?? 10％オフは大きいですよね??  クーポンコード「uniuni」（セール期間中は併用不可） ＿＿＿＿＿＿＿＿＿＿＿＿＿＿＿＿＿＿＿  NELLマットレスは120日間の返金保証つき！ 約4ヶ月使用できて、「合わない」と感じたら返品可能だなんて太っ腹すぎます??  10年間の耐久保証サービスもついてます??  マットレスは安くない買い物なので、こういう保証があるのは嬉しいですね??  マットレスにお悩みの方、ご購入を検討されている方は、@nell_mattress を参考にしてみて下さいね??  #NELL #NELLマットレス #ネル #ネルマットレス #腰痛 #肩こり #家具 #睡眠 #睡眠不足 #腰痛改善 #肩こり改善 #寝室 #マットレス #ミヌエット #猫のいる暮らし #pr,https://www.instagram.com/p/CqaHfP4PV8C/
2023/3/31,https://raw.githubusercontent.com/wangqi0821/uni-calendar-china/main/media/2023-03-31_11-12-30.jpg,follow this easy steps to draw @unico_uniuni!   hope you like this #poorlydrawntutorial as well ??,https://www.instagram.com/p/CqdTs7lOrsi/
2023/3/31,https://raw.githubusercontent.com/wangqi0821/uni-calendar-china/main/media/2023-03-31_15-15-52.mp4,うにはこの座り方が落ち着くみたいです??  Uni likes this way of sitting. :3  #ミヌエット #funnycat #猫好きさんとつながりたい #catstagram #にゃんすたぐらむ #猫写真 #tuxedocat #meowed  #cutecat #bestmeow #instacat #9gag #9gagcute #一眼レフのある生活 #くつしたねこ,https://www.instagram.com/p/Cqc4C7oPJuC/
2023/4/1,"https://raw.githubusercontent.com/wangqi0821/uni-calendar-china/main/media/2023-04-01_11-13-04_1.jpg
https://raw.githubusercontent.com/wangqi0821/uni-calendar-china/main/media/2023-04-01_11-13-04_2.jpg",居心地いいんだね。分かるよ。:3  #ミヌエット #funnycat #猫好きさんとつながりたい #catstagram #にゃんすたぐらむ #猫写真 #tuxedocat #meowed  #cutecat #bestmeow #instacat #9gag #9gagcute #一眼レフのある生活 #くつしたねこ,https://www.instagram.com/p/Cqfc58xvhxv/
2023/4/2,https://raw.githubusercontent.com/wangqi0821/uni-calendar-china/main/media/2023-04-02_10-50-47.jpg,お気に入りの箱に入って、キリッ！:3  #ミヌエット #funnycat #猫好きさんとつながりたい #catstagram #にゃんすたぐらむ #猫写真 #tuxedocat #meowed  #cutecat #bestmeow #instacat #9gag #9gagcute #一眼レフのある生活 #くつしたねこ,https://www.instagram.com/p/Cqh_JtHPoRs/
2023/4/3,"https://raw.githubusercontent.com/wangqi0821/uni-calendar-china/main/media/2023-04-03_11-38-25_1.jpg
https://raw.githubusercontent.com/wangqi0821/uni-calendar-china/main/media/2023-04-03_11-38-25_2.jpg
https://raw.githubusercontent.com/wangqi0821/uni-calendar-china/main/media/2023-04-03_11-38-25_3.jpg",桜の首輪とうに??  #ミヌエット #funnycat #猫好きさんとつながりたい #catstagram #にゃんすたぐらむ #猫写真 #tuxedocat #meowed  #cutecat #bestmeow #instacat #9gag #9gagcute #一眼レフのある生活 #くつしたねこ,https://www.instagram.com/p/CqkpZbzvx-H/
2023/4/4,"https://raw.githubusercontent.com/wangqi0821/uni-calendar-china/main/media/2023-04-04_11-14-09_1.jpg
https://raw.githubusercontent.com/wangqi0821/uni-calendar-china/main/media/2023-04-04_11-14-09_2.jpg
https://raw.githubusercontent.com/wangqi0821/uni-calendar-china/main/media/2023-04-04_11-14-09_3.jpg
https://raw.githubusercontent.com/wangqi0821/uni-calendar-china/main/media/2023-04-04_11-14-09_4.jpg
https://raw.githubusercontent.com/wangqi0821/uni-calendar-china/main/media/2023-04-04_11-14-09_5.jpg
https://raw.githubusercontent.com/wangqi0821/uni-calendar-china/main/media/2023-04-04_11-14-09_6.jpg
https://raw.githubusercontent.com/wangqi0821/uni-calendar-china/main/media/2023-04-04_11-14-09_7.jpg","うにの足裏の毛を剃りました。  頑張って耐えてるのですが（後ろ足がピーンとなってるのが可愛い??）、どんどん虚無の顔へと…  全てを諦めたような顔が可愛かったです??  I'm shaving the soles of Uni's feet. He is trying his best to endure, but his face gradually changes to look like he has given up on everything??  #ミヌエット #funnycat #猫好きさんとつながりたい #catstagram #にゃんすたぐらむ #猫写真 #tuxedocat #meowed  #cutecat #bestmeow #instacat #9gag #9gagcute #一眼レフのある生活 #くつしたねこ",https://www.instagram.com/p/CqnLailvJAm/
2023/4/5,https://raw.githubusercontent.com/wangqi0821/uni-calendar-china/main/media/2023-04-05_11-25-54.jpg,自分のことをクールでかっこいいと思ってそうな顔。 「どう？似合ってる？??」  “How do I look???”  #ミヌエット #funnycat #猫好きさんとつながりたい #catstagram #にゃんすたぐらむ #猫写真 #tuxedocat #meowed  #cutecat #bestmeow #instacat #9gag #9gagcute #一眼レフのある生活 #くつしたねこ,https://www.instagram.com/p/CqpxjduvfcZ/
2023/4/6,https://raw.githubusercontent.com/wangqi0821/uni-calendar-china/main/media/2023-04-06_10-23-02.jpg,うにの結膜炎はだいぶ治ってきて、おめめパッチリが戻ってきました?  Uni's conjunctivitis is almost healed and his eyes are opening! :3  #ミヌエット #funnycat #猫好きさんとつながりたい #catstagram #にゃんすたぐらむ #猫写真 #tuxedocat #meowed  #cutecat #bestmeow #instacat #9gag #9gagcute #一眼レフのある生活 #くつしたねこ,https://www.instagram.com/p/CqsPJ7evBTT/
2023/4/7,https://raw.githubusercontent.com/wangqi0821/uni-calendar-china/main/media/2023-04-07_11-13-07.jpg,1歳の時のうに。  Uni at 1 year old  #ミヌエット #funnycat #猫好きさんとつながりたい #catstagram #にゃんすたぐらむ #猫写真 #tuxedocat #meowed  #cutecat #bestmeow #instacat #9gag #9gagcute #一眼レフのある生活 #くつしたねこ,https://www.instagram.com/p/Cqu5rkAv30T/
2023/4/8,"https://raw.githubusercontent.com/wangqi0821/uni-calendar-china/main/media/2023-04-08_11-20-39_1.jpg
https://raw.githubusercontent.com/wangqi0821/uni-calendar-china/main/media/2023-04-08_11-20-39_2.jpg",なんか可愛いのがいる！  There is something cute! :3  #ミヌエット #funnycat #猫好きさんとつながりたい #catstagram #にゃんすたぐらむ #猫写真 #tuxedocat #meowed  #cutecat #bestmeow #instacat #9gag #9gagcute #一眼レフのある生活 #くつしたねこ,https://www.instagram.com/p/CqxfVuCvRF8/
2023/4/9,"https://raw.githubusercontent.com/wangqi0821/uni-calendar-china/main/media/2023-04-09_11-16-29_1.jpg
https://raw.githubusercontent.com/wangqi0821/uni-calendar-china/main/media/2023-04-09_11-16-29_2.jpg",待ってます。:3  #ミヌエット #funnycat #猫好きさんとつながりたい #catstagram #にゃんすたぐらむ #猫写真 #tuxedocat #meowed  #cutecat #bestmeow #instacat #9gag #9gagcute #一眼レフのある生活 #くつしたねこ,https://www.instagram.com/p/Cq0DqALvXP4/
2023/4/10,https://raw.githubusercontent.com/wangqi0821/uni-calendar-china/main/media/2023-04-10_11-37-10.mp4,かわいいうに??  Cute Uni! :3  #ミヌエット #funnycat #猫好きさんとつながりたい #catstagram #にゃんすたぐらむ #猫写真 #tuxedocat #meowed  #cutecat #bestmeow #instacat #9gag #9gagcute #一眼レフのある生活 #くつしたねこ,https://www.instagram.com/p/Cq2qgamA8dR/
2023/4/11,"https://raw.githubusercontent.com/wangqi0821/uni-calendar-china/main/media/2023-04-11_11-16-11_1.jpg
https://raw.githubusercontent.com/wangqi0821/uni-calendar-china/main/media/2023-04-11_11-16-11_2.jpg",うにがこちらをみている！：３  #ミヌエット #funnycat #猫好きさんとつながりたい #catstagram #にゃんすたぐらむ #猫写真 #tuxedocat #meowed  #cutecat #bestmeow #instacat #9gag #9gagcute #一眼レフのある生活 #くつしたねこ,https://www.instagram.com/p/Cq5NNjaPG3Z/
2023/4/12,https://raw.githubusercontent.com/wangqi0821/uni-calendar-china/main/media/2023-04-12_11-42-08.jpg,うにはピンクも似合います??  #ミヌエット #funnycat #猫好きさんとつながりたい #catstagram #にゃんすたぐらむ #猫写真 #tuxedocat #meowed  #cutecat #bestmeow #instacat #9gag #9gagcute #一眼レフのある生活 #くつしたねこ,https://www.instagram.com/p/Cq70-h5vgax/
2023/4/13,https://raw.githubusercontent.com/wangqi0821/uni-calendar-china/main/media/2023-04-13_11-15-35.jpg,見上げたら、可愛いうに。:3  #ミヌエット #funnycat #猫好きさんとつながりたい #catstagram #にゃんすたぐらむ #猫写真 #tuxedocat #meowed  #cutecat #bestmeow #instacat #9gag #9gagcute #一眼レフのある生活 #くつしたねこ,https://www.instagram.com/p/Cq-Wu93vWXM/
2023/4/14,https://raw.githubusercontent.com/wangqi0821/uni-calendar-china/main/media/2023-04-14_10-52-11.jpg,何かいる！  There is something! :3  #ミヌエット #funnycat #猫好きさんとつながりたい #catstagram #にゃんすたぐらむ #猫写真 #tuxedocat #meowed  #cutecat #bestmeow #instacat #9gag #9gagcute #一眼レフのある生活 #くつしたねこ,https://www.instagram.com/p/CrA42cRv1xT/
2023/4/15,"https://raw.githubusercontent.com/wangqi0821/uni-calendar-china/main/media/2023-04-15_11-05-03_1.jpg
https://raw.githubusercontent.com/wangqi0821/uni-calendar-china/main/media/2023-04-15_11-05-03_2.jpg",おやつの時間を顔で教えてくれてます。  Uni tells me when it's time for snacks with his facial expression! :3  #ミヌエット #funnycat #猫好きさんとつながりたい #catstagram #にゃんすたぐらむ #猫写真 #tuxedocat #meowed  #cutecat #bestmeow #instacat #9gag #9gagcute #一眼レフのある生活 #くつしたねこ,https://www.instagram.com/p/CrDfHhHvwhN/
2023/4/16,https://raw.githubusercontent.com/wangqi0821/uni-calendar-china/main/media/2023-04-16_11-36-28.jpg,おやつを見せた時の顔。:3  The face when showing snacks to Uni. :3  #ミヌエット #funnycat #猫好きさんとつながりたい #catstagram #にゃんすたぐらむ #猫写真 #tuxedocat #meowed  #cutecat #bestmeow #instacat #9gag #9gagcute #一眼レフのある生活 #くつしたねこ,https://www.instagram.com/p/CrGHgkPPhqn/
2023/4/18,https://raw.githubusercontent.com/wangqi0821/uni-calendar-china/main/media/2023-04-18_11-43-03.jpg,見つめる先には…  What does Uni see…？  #ミヌエット #funnycat #猫好きさんとつながりたい #catstagram #にゃんすたぐらむ #猫写真 #tuxedocat #meowed  #cutecat #bestmeow #instacat #9gag #9gagcute #一眼レフのある生活 #くつしたねこ,https://www.instagram.com/p/CrLR2ehvlLB/
2023/4/19,https://raw.githubusercontent.com/wangqi0821/uni-calendar-china/main/media/2023-04-19_11-13-19.jpg,顔も造形も可愛い。:3  #ミヌエット #funnycat #猫好きさんとつながりたい #catstagram #にゃんすたぐらむ #猫写真 #tuxedocat #meowed  #cutecat #bestmeow #instacat #9gag #9gagcute #一眼レフのある生活 #くつしたねこ,https://www.instagram.com/p/CrNzPoEvrff/
2023/4/20,https://raw.githubusercontent.com/wangqi0821/uni-calendar-china/main/media/2023-04-20_10-11-08.jpg,顔も可愛いけど、おてても可愛い。:3  cute face and cute hands  #ミヌエット #funnycat #猫好きさんとつながりたい #catstagram #にゃんすたぐらむ #猫写真 #tuxedocat #meowed  #cutecat #bestmeow #instacat #9gag #9gagcute #一眼レフのある生活 #くつしたねこ #ビューティープロコンテスト,https://www.instagram.com/p/CrQQ7Bmv0_R/
2023/4/21,"https://raw.githubusercontent.com/wangqi0821/uni-calendar-china/main/media/2023-04-21_09-58-18_1.jpg
https://raw.githubusercontent.com/wangqi0821/uni-calendar-china/main/media/2023-04-21_09-58-18_2.jpg
https://raw.githubusercontent.com/wangqi0821/uni-calendar-china/main/media/2023-04-21_09-58-18_3.jpg
https://raw.githubusercontent.com/wangqi0821/uni-calendar-china/main/media/2023-04-21_09-58-18_4.jpg",<AD> Levoit（@levoitlifestyle）の空気清浄機【Levoit Vital 100S】をお試しさせて頂きました?  この空気清浄機は「ペットにぴったり」とのことです???? 高性能多層フィルターでペットの抜け毛をキャッチ！  アプリでペットモードも搭載されているため、効率よくアレルゲン、フケ、ニオイをろ過し、ペットの花粉症、?膚病などのアレルギー症状から大事なペットを守ってくれるそうです???  うにもつい最近、結膜炎にかかってましたが、獣医さんから「花粉が原因かも？」と言われてました。 元々アレルギー体質で、結膜炎になりやすいうに??  我が家には既に空気清浄機はありましたが、少しでもうにのサポートになるよう、この空気清浄機と2台で動かすことにしました??  うにが小さいので空気清浄機が大きく見えますが、実際はとてもコンパクトです??  コンパクトながら3層の高性能フィルターを持ち、0.3μmまで花粉?ウィルス?アレルゲン?PM2.5等を99.97%以上除去！ 花粉対策、アレルギー症状の緩和等役に立ってくれそうです??  新しいもの好きなので、うにも隈なくチェック?? 音も大きくないので、他の猫たちも警戒することなく初日から馴染んでました????  既に空気清浄機をお持ちの方も多いと思うので、2台目の空気清浄機としておすすめです?? 特にアレルギー体質の方?ペットを飼われている方は検討されてみて下さいね??  ★GWセール開催中！★  4/30まで、VeSync公式ストアにてGWセール行ってます???? 定価:18800円（税込）のところ、20％OFFの14880円（税込）になっており、大変お得です?  詳細は公式リンク https://bit.ly/3A4zAoo  をご覧下さいね??  #levoit #空気清浄機 #levoit空気清浄機 #levoitVital100S #レボイト #VeSync? #PR #ミヌエット,https://www.instagram.com/p/CrS0P7tP4OE/
2023/4/22,https://raw.githubusercontent.com/wangqi0821/uni-calendar-china/main/media/2023-04-22_11-02-29.mp4,子猫うにと今のうにの比較です??  #ミヌエット #funnycat #猫好きさんとつながりたい #catstagram #にゃんすたぐらむ #猫写真 #tuxedocat #meowed  #cutecat #bestmeow #instacat #9gag #9gagcute #一眼レフのある生活 #くつしたねこ,https://www.instagram.com/p/CrVgBMxg7jU/
2023/4/23,https://raw.githubusercontent.com/wangqi0821/uni-calendar-china/main/media/2023-04-23_11-17-25.jpg,かかってこい！  Bring it on! :3  #ミヌエット #funnycat #猫好きさんとつながりたい #catstagram #にゃんすたぐらむ #猫写真 #tuxedocat #meowed  #cutecat #bestmeow #instacat #9gag #9gagcute #一眼レフのある生活 #くつしたねこ #ビューティープロコンテスト,https://www.instagram.com/p/CrYG5D4P7rk/
2023/4/24,https://raw.githubusercontent.com/wangqi0821/uni-calendar-china/main/media/2023-04-24_11-48-50.jpg,猫じゃらしの動きに少し戸惑ってます。  Uni is a little confused by the movement of the cat toy. :3  #ミヌエット #funnycat #猫好きさんとつながりたい #catstagram #にゃんすたぐらむ #猫写真 #tuxedocat #meowed  #cutecat #bestmeow #instacat #9gag #9gagcute #一眼レフのある生活 #くつしたねこ #ビューティープロコンテスト,https://www.instagram.com/p/CravSCePZTE/
2023/4/25,https://raw.githubusercontent.com/wangqi0821/uni-calendar-china/main/media/2023-04-25_11-26-26.jpg,うにの子猫時代。  When Uni was a kitten. :3  #ミヌエット #funnycat #猫好きさんとつながりたい #catstagram #にゃんすたぐらむ #猫写真 #tuxedocat #meowed  #cutecat #bestmeow #instacat #9gag #9gagcute #一眼レフのある生活 #くつしたねこ,https://www.instagram.com/p/CrdRg4cPAhM/
2023/4/26,"https://raw.githubusercontent.com/wangqi0821/uni-calendar-china/main/media/2023-04-26_11-40-52_1.jpg
https://raw.githubusercontent.com/wangqi0821/uni-calendar-china/main/media/2023-04-26_11-40-52_2.jpg
https://raw.githubusercontent.com/wangqi0821/uni-calendar-china/main/media/2023-04-26_11-40-52_3.jpg",ワクワクすぎておヒゲがピンッ！  特に目の上はちょっと触覚みたいになってます??  Uni is so excited and it shows in his whiskers!  Especially above the eyes look like tactile??  #ミヌエット #funnycat #猫好きさんとつながりたい #catstagram #にゃんすたぐらむ #猫写真 #tuxedocat #meowed  #cutecat #bestmeow #instacat #9gag #9gagcute #一眼レフのある生活 #くつしたねこ #ビューティープロコンテスト,https://www.instagram.com/p/Crf39b_Pf9c/
2023/4/28,"https://raw.githubusercontent.com/wangqi0821/uni-calendar-china/main/media/2023-04-28_11-30-37_1.jpg
https://raw.githubusercontent.com/wangqi0821/uni-calendar-china/main/media/2023-04-28_11-30-37_2.jpg",こう見えて、狙ってます。 可愛い。  Uni eyeing his prey is so cute! :3  #ミヌエット #funnycat #猫好きさんとつながりたい #catstagram #にゃんすたぐらむ #猫写真 #tuxedocat #meowed  #cutecat #bestmeow #instacat #9gag #9gagcute #一眼レフのある生活 #くつしたねこ #ビューティープロコンテスト,https://www.instagram.com/p/CrlAYI8vrlO/
2023/4/29,https://raw.githubusercontent.com/wangqi0821/uni-calendar-china/main/media/2023-04-29_10-17-06.mp4,"うにもアイドル？（この曲のタイトルが「アイドル」なので??）  Is Uni also an idol? (Because the title of this song is ""Idol"")  #ミヌエット #funnycat #猫好きさんとつながりたい #catstagram #にゃんすたぐらむ #猫写真 #tuxedocat #meowed  #cutecat #bestmeow #instacat #9gag #9gagcute #一眼レフのある生活 #くつしたねこ",https://www.instagram.com/p/CrncrUnAmYN/
2023/4/30,https://raw.githubusercontent.com/wangqi0821/uni-calendar-china/main/media/2023-04-30_11-30-40.jpg,ぼくは、うに。  #ミヌエット #funnycat #猫好きさんとつながりたい #catstagram #にゃんすたぐらむ #猫写真 #tuxedocat #meowed  #cutecat #bestmeow #instacat #9gag #9gagcute #一眼レフのある生活 #くつしたねこ #ビューティープロコンテスト,https://www.instagram.com/p/CrqJ-UhPY22/
2023/5/1,https://raw.githubusercontent.com/wangqi0821/uni-calendar-china/main/media/2023-05-01_11-41-15.mp4,イカ耳通り越して飛行機？??  The moment Uni's ears change to airplane! ??  #ミヌエット #funnycat #猫好きさんとつながりたい #catstagram #にゃんすたぐらむ #猫写真 #tuxedocat #meowed  #cutecat #bestmeow #instacat #9gag #9gagcute #一眼レフのある生活 #くつしたねこ,https://www.instagram.com/p/Crsvl1bgGXp/
2023/5/2,https://raw.githubusercontent.com/wangqi0821/uni-calendar-china/main/media/2023-05-02_11-20-33.jpg,あれは一体…！？  What the hell?   #ミヌエット #funnycat #猫好きさんとつながりたい #catstagram #にゃんすたぐらむ #猫写真 #tuxedocat #meowed  #cutecat #bestmeow #instacat #9gag #9gagcute #一眼レフのある生活 #くつしたねこ #ビューティープロコンテスト,https://www.instagram.com/p/CrvSZ9kP-G4/
2023/5/3,https://raw.githubusercontent.com/wangqi0821/uni-calendar-china/main/media/2023-05-03_11-38-18.jpg,ちょっとしたモンスターみたい？??  Cute like a little monster! :3  #ミヌエット #funnycat #猫好きさんとつながりたい #catstagram #にゃんすたぐらむ #猫写真 #tuxedocat #meowed  #cutecat #bestmeow #instacat #9gag #9gagcute #一眼レフのある生活 #くつしたねこ,https://www.instagram.com/p/Crx5O0wv6wE/
2023/5/4,"https://raw.githubusercontent.com/wangqi0821/uni-calendar-china/main/media/2023-05-04_11-42-08_1.jpg
https://raw.githubusercontent.com/wangqi0821/uni-calendar-china/main/media/2023-05-04_11-42-08_2.jpg",おやつを食べる時は力が入ります。  Uni stands up when eating snacks! :3  #ミヌエット #funnycat #猫好きさんとつながりたい #catstagram #にゃんすたぐらむ #猫写真 #tuxedocat #meowed  #cutecat #bestmeow #instacat #9gag #9gagcute #一眼レフのある生活 #くつしたねこ #ビューティープロコンテスト,https://www.instagram.com/p/Cr0edw4v_ET/
2023/5/5,https://raw.githubusercontent.com/wangqi0821/uni-calendar-china/main/media/2023-05-05_10-46-27.jpg,どう？似合ってる？  Does this bow tie look good on me? :3  #ミヌエット #funnycat #猫好きさんとつながりたい #catstagram #にゃんすたぐらむ #猫写真 #tuxedocat #meowed  #cutecat #bestmeow #instacat #9gag #9gagcute #一眼レフのある生活 #くつしたねこ #ビューティプロコンテスト,https://www.instagram.com/p/Cr284yoPVfu/
2023/5/6,https://raw.githubusercontent.com/wangqi0821/uni-calendar-china/main/media/2023-05-06_10-38-06.jpg,うにはいつも元気いっぱい！:3  Uni is always full of energy!  #ミヌエット #funnycat #猫好きさんとつながりたい #catstagram #にゃんすたぐらむ #猫写真 #tuxedocat #meowed  #cutecat #bestmeow #instacat #9gag #9gagcute #一眼レフのある生活 #くつしたねこ #ビューティープロコンテスト,https://www.instagram.com/p/Cr5gukpPkKc/
2023/5/7,"https://raw.githubusercontent.com/wangqi0821/uni-calendar-china/main/media/2023-05-07_10-55-39_1.jpg
https://raw.githubusercontent.com/wangqi0821/uni-calendar-china/main/media/2023-05-07_10-55-39_2.jpg","うにはケンカする時いつもこうです。 寝技が得意なので、これがうににとっての「かかってこい！」  Uni is always like this when fighting. He is good at ground fighting, so this is Uni's ""Bring it on!!”  #ミヌエット #funnycat #猫好きさんとつながりたい #catstagram #にゃんすたぐらむ #猫写真 #tuxedocat #meowed  #cutecat #bestmeow #instacat #9gag #9gagcute #一眼レフのある生活 #くつしたねこ",https://www.instagram.com/p/Cr8Hh68vCrL/
2023/5/8,https://raw.githubusercontent.com/wangqi0821/uni-calendar-china/main/media/2023-05-08_11-31-31.jpg,目で訴えてくる猫。:3  #ミヌエット #funnycat #猫好きさんとつながりたい #catstagram #にゃんすたぐらむ #猫写真 #tuxedocat #meowed  #cutecat #bestmeow #instacat #9gag #9gagcute #一眼レフのある生活 #くつしたねこ #ビューティープロコンテスト,https://www.instagram.com/p/Cr-wbdBpdfx/
2023/5/9,"https://raw.githubusercontent.com/wangqi0821/uni-calendar-china/main/media/2023-05-09_11-26-50_1.jpg
https://raw.githubusercontent.com/wangqi0821/uni-calendar-china/main/media/2023-05-09_11-26-50_2.jpg
https://raw.githubusercontent.com/wangqi0821/uni-calendar-china/main/media/2023-05-09_11-26-50_3.jpg",うにの甘える時はこんな感じです??  This is what it looks like when Uni is spoiled! :3  #ミヌエット #funnycat #猫好きさんとつながりたい #catstagram #にゃんすたぐらむ #猫写真 #tuxedocat #meowed  #cutecat #bestmeow #instacat #9gag #9gagcute #一眼レフのある生活 #くつしたねこ #ビューティープロコンテスト,https://www.instagram.com/p/CsBUsDPvz8O/
2023/5/10,https://raw.githubusercontent.com/wangqi0821/uni-calendar-china/main/media/2023-05-10_11-34-37.jpg,おやつを見せたらこの表情！  The face when I showed Uni a snack! :3  #ミヌエット #funnycat #猫好きさんとつながりたい #catstagram #にゃんすたぐらむ #猫写真 #tuxedocat #meowed  #cutecat #bestmeow #instacat #9gag #9gagcute #一眼レフのある生活 #くつしたねこ #ビューティープロコンテスト,https://www.instagram.com/p/CsD6X75pcpq/
2023/5/11,https://raw.githubusercontent.com/wangqi0821/uni-calendar-china/main/media/2023-05-11_11-26-39.jpg,とっても楽しそうなうに！  Uni looks like a lot of fun! :3  #ミヌエット #funnycat #猫好きさんとつながりたい #catstagram #にゃんすたぐらむ #猫写真 #tuxedocat #meowed  #cutecat #bestmeow #instacat #9gag #9gagcute #一眼レフのある生活 #くつしたねこ #ビューティープロコンテスト,https://www.instagram.com/p/CsGeQfqPzZi/
2023/5/12,https://raw.githubusercontent.com/wangqi0821/uni-calendar-china/main/media/2023-05-12_11-42-19.mp4,リラックスうに。 面白かわいい顔です??  Uni's funny cute face! :3  #ミヌエット #funnycat #猫好きさんとつながりたい #catstagram #にゃんすたぐらむ #猫写真 #tuxedocat #meowed  #cutecat #bestmeow #instacat #9gag #9gagcute #一眼レフのある生活 #くつしたねこ,https://www.instagram.com/p/CsJEqetASCB/
2023/5/13,https://raw.githubusercontent.com/wangqi0821/uni-calendar-china/main/media/2023-05-13_11-22-08.jpg,興味津々！:3  #ミヌエット #funnycat #猫好きさんとつながりたい #catstagram #にゃんすたぐらむ #猫写真 #tuxedocat #meowed  #cutecat #bestmeow #instacat #9gag #9gagcute #一眼レフのある生活 #くつしたねこ,https://www.instagram.com/p/CsLnVGnvk8V/
2023/5/14,https://raw.githubusercontent.com/wangqi0821/uni-calendar-china/main/media/2023-05-14_11-26-53.jpg,耳が……！！  #ミヌエット #funnycat #猫好きさんとつながりたい #catstagram #にゃんすたぐらむ #猫写真 #tuxedocat #meowed  #cutecat #bestmeow #instacat #9gag #9gagcute #一眼レフのある生活 #くつしたねこ,https://www.instagram.com/p/CsOMqxZPWmD/
2023/5/15,https://raw.githubusercontent.com/wangqi0821/uni-calendar-china/main/media/2023-05-15_11-47-43.jpg,うにのびっくり顔は本当に可愛い?  Uni's surprised face is really cute! :3  #ミヌエット #funnycat #猫好きさんとつながりたい #catstagram #にゃんすたぐらむ #猫写真 #tuxedocat #meowed  #cutecat #bestmeow #instacat #9gag #9gagcute #一眼レフのある生活 #くつしたねこ,https://www.instagram.com/p/CsQz2Tgvzqf/
2023/5/16,https://raw.githubusercontent.com/wangqi0821/uni-calendar-china/main/media/2023-05-16_11-43-53.jpg,ちょっともじもじ？  Are you a little shy? :3  #ミヌエット #funnycat #猫好きさんとつながりたい #catstagram #にゃんすたぐらむ #猫写真 #tuxedocat #meowed  #cutecat #bestmeow #instacat #9gag #9gagcute #一眼レフのある生活 #くつしたねこ,https://www.instagram.com/p/CsTYNDZvXu3/
2023/5/17,https://raw.githubusercontent.com/wangqi0821/uni-calendar-china/main/media/2023-05-17_11-02-01.jpg,時々こうやっておやつを待ってます。  Uni sometimes waits for snacks like this!  #ミヌエット #funnycat #猫好きさんとつながりたい #catstagram #にゃんすたぐらむ #猫写真 #tuxedocat #meowed  #cutecat #bestmeow #instacat #9gag #9gagcute #一眼レフのある生活 #くつしたねこ,https://www.instagram.com/p/CsV4NRTvniR/
2023/5/18,https://raw.githubusercontent.com/wangqi0821/uni-calendar-china/main/media/2023-05-18_11-41-51.jpg,ご機嫌みたいです?  Uni seems to be in a good mood.  #ミヌエット #funnycat #猫好きさんとつながりたい #catstagram #にゃんすたぐらむ #猫写真 #tuxedocat #meowed  #cutecat #bestmeow #instacat #9gag #9gagcute #一眼レフのある生活 #くつしたねこ,https://www.instagram.com/p/CsYhj8zyV3I/
2023/5/19,https://raw.githubusercontent.com/wangqi0821/uni-calendar-china/main/media/2023-05-19_11-38-04.jpg,小動物なうに。:3  Small animal Uni!  #ミヌエット #funnycat #猫好きさんとつながりたい #catstagram #にゃんすたぐらむ #猫写真 #tuxedocat #meowed  #cutecat #bestmeow #instacat #9gag #9gagcute #一眼レフのある生活 #くつしたねこ,https://www.instagram.com/p/CsbF7JAPUUF/
2023/5/20,https://raw.githubusercontent.com/wangqi0821/uni-calendar-china/main/media/2023-05-20_10-40-59.jpg,幸せおやつタイム??  It's time for his happy snack! :3  #ミヌエット #funnycat #猫好きさんとつながりたい #catstagram #にゃんすたぐらむ #猫写真 #tuxedocat #meowed  #cutecat #bestmeow #instacat #9gag #9gagcute #一眼レフのある生活 #くつしたねこ,https://www.instagram.com/p/CsdkL1fv1_D/
2023/5/21,https://raw.githubusercontent.com/wangqi0821/uni-calendar-china/main/media/2023-05-21_11-21-54.jpg,あの音は…おやつ…！！  #ミヌエット #funnycat #猫好きさんとつながりたい #catstagram #にゃんすたぐらむ #猫写真 #tuxedocat #meowed  #cutecat #bestmeow #instacat #9gag #9gagcute #一眼レフのある生活 #くつしたねこ,https://www.instagram.com/p/CsgNqcvvdpS/
2023/5/22,https://raw.githubusercontent.com/wangqi0821/uni-calendar-china/main/media/2023-05-22_10-43-01.jpg,「僕はかっこいい！最強！」 多分うにはそう思ってます?? （うには本当に負けず嫌いなので）  I'm cool! strongest! Uni probably thinks so??  #ミヌエット #funnycat #猫好きさんとつながりたい #catstagram #にゃんすたぐらむ #猫写真 #tuxedocat #meowed  #cutecat #bestmeow #instacat #9gag #9gagcute #一眼レフのある生活 #くつしたねこ,https://www.instagram.com/p/CsiuAlbPKBD/
2023/5/23,"https://raw.githubusercontent.com/wangqi0821/uni-calendar-china/main/media/2023-05-23_11-17-45_1.jpg
https://raw.githubusercontent.com/wangqi0821/uni-calendar-china/main/media/2023-05-23_11-17-45_2.jpg
https://raw.githubusercontent.com/wangqi0821/uni-calendar-china/main/media/2023-05-23_11-17-45_3.jpg",みんなで仲良くおやつ待ち！  They are waiting for a snack together!  #ミヌエット #funnycat #猫好きさんとつながりたい #catstagram #にゃんすたぐらむ #猫写真 #tuxedocat #meowed  #cutecat #bestmeow #instacat #9gag #9gagcute #一眼レフのある生活 #くつしたねこ,https://www.instagram.com/p/CslWx0GvTjq/
2023/5/24,https://raw.githubusercontent.com/wangqi0821/uni-calendar-china/main/media/2023-05-24_11-16-37.mp4,待ちきれなくて可愛い声??  Uni's cute voice while waiting!  #ミヌエット #funnycat #猫好きさんとつながりたい #catstagram #にゃんすたぐらむ #猫写真 #tuxedocat #meowed  #cutecat #bestmeow #instacat #9gag #9gagcute #一眼レフのある生活 #くつしたねこ,https://www.instagram.com/p/Csn7QRgAeC_/
2023/5/25,"https://raw.githubusercontent.com/wangqi0821/uni-calendar-china/main/media/2023-05-25_11-47-35_1.jpg
https://raw.githubusercontent.com/wangqi0821/uni-calendar-china/main/media/2023-05-25_11-47-35_2.jpg",この体勢、本当に居心地いいのかな…??  Is this posture really comfortable for Uni? :3  #ミヌエット #funnycat #猫好きさんとつながりたい #catstagram #にゃんすたぐらむ #猫写真 #tuxedocat #meowed  #cutecat #bestmeow #instacat #9gag #9gagcute #一眼レフのある生活 #くつしたねこ,https://www.instagram.com/p/CsqjyGRPUxK/
2023/5/26,https://raw.githubusercontent.com/wangqi0821/uni-calendar-china/main/media/2023-05-26_11-26-46.jpg,ピンクの首輪で得意げ！  How do I look? :3  #ミヌエット #funnycat #猫好きさんとつながりたい #catstagram #にゃんすたぐらむ #猫写真 #tuxedocat #meowed  #cutecat #bestmeow #instacat #9gag #9gagcute #一眼レフのある生活 #くつしたねこ,https://www.instagram.com/p/CstGMe-P4PT/
2023/5/27,"https://raw.githubusercontent.com/wangqi0821/uni-calendar-china/main/media/2023-05-27_10-41-54_1.jpg
https://raw.githubusercontent.com/wangqi0821/uni-calendar-china/main/media/2023-05-27_10-41-54_2.jpg
https://raw.githubusercontent.com/wangqi0821/uni-calendar-china/main/media/2023-05-27_10-41-54_3.jpg",楽しそうに空のバスタブで遊んでたうに。 普段は閉めてる場所なので、新鮮で楽しかったみたいです??  Uni was playing in an empty bathtub. He seems to have enjoyed because the place is usually closed! :3  #ミヌエット #funnycat #猫好きさんとつながりたい #catstagram #にゃんすたぐらむ #猫写真 #tuxedocat #meowed  #cutecat #bestmeow #instacat #9gag #9gagcute #一眼レフのある生活 #くつしたねこ,https://www.instagram.com/p/Csvl2v7PVgh/
2023/5/28,https://raw.githubusercontent.com/wangqi0821/uni-calendar-china/main/media/2023-05-28_11-37-34.mp4,うにの日常です??  Daily life of Uni! :3  #ミヌエット #funnycat #猫好きさんとつながりたい #catstagram #にゃんすたぐらむ #猫写真 #tuxedocat #meowed  #cutecat #bestmeow #instacat #9gag #9gagcute #一眼レフのある生活 #くつしたねこ,https://www.instagram.com/p/CsyQ_lXgWbf/
2023/5/29,"https://raw.githubusercontent.com/wangqi0821/uni-calendar-china/main/media/2023-05-29_11-33-21_1.jpg
https://raw.githubusercontent.com/wangqi0821/uni-calendar-china/main/media/2023-05-29_11-33-21_2.jpg",威嚇してるとは思えない（可愛い）  Uni is cute even when he's intimidating! :3  #ミヌエット #funnycat #猫好きさんとつながりたい #catstagram #にゃんすたぐらむ #猫写真 #tuxedocat #meowed  #cutecat #bestmeow #instacat #9gag #9gagcute #一眼レフのある生活 #くつしたねこ,https://www.instagram.com/p/Cs01VTtvuGv/
2023/5/30,https://raw.githubusercontent.com/wangqi0821/uni-calendar-china/main/media/2023-05-30_11-22-42.jpg,かかってこい！  Bring it on! :3  #ミヌエット #funnycat #猫好きさんとつながりたい #catstagram #にゃんすたぐらむ #猫写真 #tuxedocat #meowed  #cutecat #bestmeow #instacat #9gag #9gagcute #一眼レフのある生活 #くつしたねこ,https://www.instagram.com/p/Cs3Y6ONPcnt/
2023/5/31,"https://raw.githubusercontent.com/wangqi0821/uni-calendar-china/main/media/2023-05-31_11-36-35_1.jpg
https://raw.githubusercontent.com/wangqi0821/uni-calendar-china/main/media/2023-05-31_11-36-35_2.jpg
https://raw.githubusercontent.com/wangqi0821/uni-calendar-china/main/media/2023-05-31_11-36-35_3.jpg
https://raw.githubusercontent.com/wangqi0821/uni-calendar-china/main/media/2023-05-31_11-36-35_4.jpg",うにとあおば。 体格差があっても仲良し??  Uni and Aoba. They get along well despite their physical differences.  #ミヌエット #funnycat #猫好きさんとつながりたい #catstagram #にゃんすたぐらむ #猫写真 #tuxedocat #meowed  #cutecat #bestmeow #instacat #9gag #9gagcute #一眼レフのある生活 #くつしたねこ,https://www.instagram.com/p/Cs5_SvqPl3i/
2023/6/1,https://raw.githubusercontent.com/wangqi0821/uni-calendar-china/main/media/2023-06-01_11-18-00.jpg,カリカリの音がした途端にいい表情！  Excited by the sound of snacks! :3  #ミヌエット #funnycat #猫好きさんとつながりたい #catstagram #にゃんすたぐらむ #猫写真 #tuxedocat #meowed  #cutecat #bestmeow #instacat #9gag #9gagcute #一眼レフのある生活 #くつしたねこ,https://www.instagram.com/p/Cs8h9g-Pffg/
2023/6/2,"https://raw.githubusercontent.com/wangqi0821/uni-calendar-china/main/media/2023-06-02_10-45-27_1.jpg
https://raw.githubusercontent.com/wangqi0821/uni-calendar-china/main/media/2023-06-02_10-45-27_2.jpg",エプロンうに。  Uni is wearing an apron! :3  #ミヌエット #funnycat #猫好きさんとつながりたい #catstagram #にゃんすたぐらむ #猫写真 #tuxedocat #meowed  #cutecat #bestmeow #instacat #9gag #9gagcute #一眼レフのある生活 #くつしたねこ,https://www.instagram.com/p/Cs_DB7wLsTR/
2023/6/3,https://raw.githubusercontent.com/wangqi0821/uni-calendar-china/main/media/2023-06-03_11-19-02.jpg,蝶ネクタイ似合ってる！  Uni looks very nice with the bow tie! :3  #ミヌエット #funnycat #猫好きさんとつながりたい #catstagram #にゃんすたぐらむ #猫写真 #tuxedocat #meowed  #cutecat #bestmeow #instacat #9gag #9gagcute #一眼レフのある生活 #くつしたねこ,https://www.instagram.com/p/CtBrqx4PmYI/
2023/6/4,https://raw.githubusercontent.com/wangqi0821/uni-calendar-china/main/media/2023-06-04_11-28-07.mp4,子猫の時のうにの鳴き声????  Uni's meow when he was a kitten. So cute meow! :3  #ミヌエット #funnycat #猫好きさんとつながりたい #catstagram #にゃんすたぐらむ #猫写真 #tuxedocat #meowed  #cutecat #bestmeow #instacat #9gag #9gagcute #一眼レフのある生活 #くつしたねこ,https://www.instagram.com/p/CtERHztgyVr/
2023/6/5,https://raw.githubusercontent.com/wangqi0821/uni-calendar-china/main/media/2023-06-05_11-21-09.jpg,箱の中が気持ちいいみたいです。 ちょっと溶けてる？  melting Uni!   #ミヌエット #funnycat #猫好きさんとつながりたい #catstagram #にゃんすたぐらむ #猫写真 #tuxedocat #meowed  #cutecat #bestmeow #instacat #9gag #9gagcute #一眼レフのある生活 #くつしたねこ,https://www.instagram.com/p/CtG1gGjvt6v/
2023/6/6,"https://raw.githubusercontent.com/wangqi0821/uni-calendar-china/main/media/2023-06-06_11-09-57_1.jpg
https://raw.githubusercontent.com/wangqi0821/uni-calendar-china/main/media/2023-06-06_11-09-57_2.jpg",わくわくが顔に出てる！  Excitement is on his face! :3  #ミヌエット #funnycat #猫好きさんとつながりたい #catstagram #にゃんすたぐらむ #猫写真 #tuxedocat #meowed  #cutecat #bestmeow #instacat #9gag #9gagcute #一眼レフのある生活 #くつしたねこ,https://www.instagram.com/p/CtJZA99Pt_B/
2023/6/7,https://raw.githubusercontent.com/wangqi0821/uni-calendar-china/main/media/2023-06-07_12-06-52.jpg,あおば兄ちゃんは僕が守る！ 僕は強いぞ！  I will protect Aoba! I am strong!  #ミヌエット #funnycat #猫好きさんとつながりたい #catstagram #にゃんすたぐらむ #猫写真 #tuxedocat #meowed  #cutecat #bestmeow #instacat #9gag #9gagcute #一眼レフのある生活 #くつしたねこ,https://www.instagram.com/p/CtMEUuLPUA6/
2023/6/8,https://raw.githubusercontent.com/wangqi0821/uni-calendar-china/main/media/2023-06-08_11-16-50.jpg,スイカの首輪で得意げです??  A watermelon collar?? How do I look?  #ミヌエット #funnycat #猫好きさんとつながりたい #catstagram #にゃんすたぐらむ #猫写真 #tuxedocat #meowed  #cutecat #bestmeow #instacat #9gag #9gagcute #一眼レフのある生活 #くつしたねこ,https://www.instagram.com/p/CtOjZHRvoOe/
2023/6/9,"https://raw.githubusercontent.com/wangqi0821/uni-calendar-china/main/media/2023-06-09_11-19-45_1.jpg
https://raw.githubusercontent.com/wangqi0821/uni-calendar-china/main/media/2023-06-09_11-19-45_2.jpg",僕のおやつはまだかな？  When is my snack? :3  #ミヌエット #funnycat #猫好きさんとつながりたい #catstagram #にゃんすたぐらむ #猫写真 #tuxedocat #meowed  #cutecat #bestmeow #instacat #9gag #9gagcute #一眼レフのある生活 #くつしたねこ,https://www.instagram.com/p/CtRIhUupGcd/
2023/6/10,"https://raw.githubusercontent.com/wangqi0821/uni-calendar-china/main/media/2023-06-10_11-30-35_1.jpg
https://raw.githubusercontent.com/wangqi0821/uni-calendar-china/main/media/2023-06-10_11-30-35_2.jpg",来るなら来い！ 僕は強いぞ！  Bring it on! I am the strongest! :3  #ミヌエット #funnycat #猫好きさんとつながりたい #catstagram #にゃんすたぐらむ #猫写真 #tuxedocat #meowed  #cutecat #bestmeow #instacat #9gag #9gagcute #一眼レフのある生活 #くつしたねこ,https://www.instagram.com/p/CtTujf3PF64/
2023/6/11,,「今から怖い話をします…」  「よく聞くのです…」  #ミヌエット #funnycat #猫好きさんとつながりたい #catstagram #にゃんすたぐらむ #猫写真 #tuxedocat #meowed  #cutecat #bestmeow #instacat #9gag #9gagcute #一眼レフのある生活 #くつしたねこ,https://www.instagram.com/p/CtWU2L2P__m/
2023/6/12,,顔の輪郭が丸すぎる！  The outline of Uni's face is too round! :3  #ミヌエット #funnycat #猫好きさんとつながりたい #catstagram #にゃんすたぐらむ #猫写真 #tuxedocat #meowed  #cutecat #bestmeow #instacat #9gag #9gagcute #一眼レフのある生活 #くつしたねこ,https://www.instagram.com/p/CtY40lNPafz/
2023/6/13,,うにの登場です！  Here comes Uni! :3  #ミヌエット #funnycat #猫好きさんとつながりたい #catstagram #にゃんすたぐらむ #猫写真 #tuxedocat #meowed  #cutecat #bestmeow #instacat #9gag #9gagcute #一眼レフのある生活 #くつしたねこ,https://www.instagram.com/p/CtbW7SovPR-/
2023/6/14,,遊んでる時のうに。  Uni when playing. :3  #ミヌエット #funnycat #猫好きさんとつながりたい #catstagram #にゃんすたぐらむ #猫写真 #tuxedocat #meowed  #cutecat #bestmeow #instacat #9gag #9gagcute #一眼レフのある生活 #くつしたねこ,https://www.instagram.com/p/Ctd-USgP359/
2023/6/15,https://raw.githubusercontent.com/wangqi0821/uni-calendar-china/main/media/2023-06-15_10-41-24.jpg,スイカの首輪似合ってる！??  The watermelon collar looks great on you!  #ミヌエット #funnycat #猫好きさんとつながりたい #catstagram #にゃんすたぐらむ #猫写真 #tuxedocat #meowed  #cutecat #bestmeow #instacat #9gag #9gagcute #一眼レフのある生活 #くつしたねこ,https://www.instagram.com/p/Ctgg5uHvczx/
2023/6/17,https://raw.githubusercontent.com/wangqi0821/uni-calendar-china/main/media/2023-06-17_11-27-35.jpg,ぼくは最強！  I'm the strongest! :3  #ミヌエット #funnycat #猫好きさんとつながりたい #catstagram #にゃんすたぐらむ #猫写真 #tuxedocat #meowed  #cutecat #bestmeow #instacat #9gag #9gagcute #一眼レフのある生活 #くつしたねこ,https://www.instagram.com/p/CtlvxtZv4LN/
2023/6/18,"https://raw.githubusercontent.com/wangqi0821/uni-calendar-china/main/media/2023-06-18_11-21-23_1.jpg
https://raw.githubusercontent.com/wangqi0821/uni-calendar-china/main/media/2023-06-18_11-21-23_2.jpg
https://raw.githubusercontent.com/wangqi0821/uni-calendar-china/main/media/2023-06-18_11-21-23_3.jpg",去年のお風呂写真??  A picture of Uni taking a bath last year! :3  #ミヌエット #funnycat #猫好きさんとつながりたい #catstagram #にゃんすたぐらむ #猫写真 #tuxedocat #meowed  #cutecat #bestmeow #instacat #9gag #9gagcute #一眼レフのある生活 #くつしたねこ,https://www.instagram.com/p/CtoT3G2PIIR/
2023/6/19,https://raw.githubusercontent.com/wangqi0821/uni-calendar-china/main/media/2023-06-19_11-42-54.jpg,エプロンうに。似合ってる！  What do you think of this apron? :3  #ミヌエット #funnycat #猫好きさんとつながりたい #catstagram #にゃんすたぐらむ #猫写真 #tuxedocat #meowed  #cutecat #bestmeow #instacat #9gag #9gagcute #一眼レフのある生活 #くつしたねこ,https://www.instagram.com/p/Ctq7HlwPREn/
2023/6/20,https://raw.githubusercontent.com/wangqi0821/uni-calendar-china/main/media/2023-06-20_11-11-44.mp4,うにのちょっとした日常動画です??  Uni's daily life.  Uni and Maxwell are similar but different cats.  Both are cute!  #ミヌエット #funnycat #猫好きさんとつながりたい #catstagram #にゃんすたぐらむ #猫写真 #tuxedocat #meowed  #cutecat #maxwellthecat #maxwell,https://www.instagram.com/p/CttbJ-tAtxP/
2023/6/21,https://raw.githubusercontent.com/wangqi0821/uni-calendar-china/main/media/2023-06-21_11-31-11.jpg,ぼくはライオンです！最強！  I'm as strong as a lion! :3  #ミヌエット #funnycat #猫好きさんとつながりたい #catstagram #にゃんすたぐらむ #猫写真 #tuxedocat #meowed  #cutecat #bestmeow #instacat #9gag #9gagcute #一眼レフのある生活 #くつしたねこ,https://www.instagram.com/p/CtwDXlaPWzf/
2023/6/22,https://raw.githubusercontent.com/wangqi0821/uni-calendar-china/main/media/2023-06-22_11-19-52.jpg,うにが2匹？??  #ミヌエット #funnycat #猫好きさんとつながりたい #catstagram #にゃんすたぐらむ #猫写真 #tuxedocat #meowed  #cutecat #bestmeow #instacat #9gag #9gagcute #一眼レフのある生活 #くつしたねこ,https://www.instagram.com/p/Ctym3kXvyTT/
2023/6/23,https://raw.githubusercontent.com/wangqi0821/uni-calendar-china/main/media/2023-06-23_11-24-14.jpg,"「ぼくのごはんはまだ？」  食べたばかりなのに食べてないフリをよくします??  ""When is my dinner?""  Uni! You just ate??  #ミヌエット #funnycat #猫好きさんとつながりたい #catstagram #にゃんすたぐらむ #猫写真 #tuxedocat #meowed  #cutecat #bestmeow #instacat #9gag #9gagcute #一眼レフのある生活 #くつしたねこ",https://www.instagram.com/p/Ct1MKWsvNe6/
2023/6/24,"https://raw.githubusercontent.com/wangqi0821/uni-calendar-china/main/media/2023-06-24_11-30-51_1.jpg
https://raw.githubusercontent.com/wangqi0821/uni-calendar-china/main/media/2023-06-24_11-30-51_2.jpg",うにの表情の変化??  Change in Uni's facial expression!??  #ミヌエット #funnycat #猫好きさんとつながりたい #catstagram #にゃんすたぐらむ #猫写真 #tuxedocat #meowed  #cutecat #bestmeow #instacat #9gag #9gagcute #一眼レフのある生活 #くつしたねこ,https://www.instagram.com/p/Ct3xtwgvC6L/
2023/6/25,"https://raw.githubusercontent.com/wangqi0821/uni-calendar-china/main/media/2023-06-25_10-08-15_1.jpg
https://raw.githubusercontent.com/wangqi0821/uni-calendar-china/main/media/2023-06-25_10-08-15_2.jpg
https://raw.githubusercontent.com/wangqi0821/uni-calendar-china/main/media/2023-06-25_10-08-15_3.jpg","さくらんぼを食べてたら、うにとあおばが見に来ました??  さくらんぼは猫が食べてもいいそうですが、うちの子たちは食べ物だと認識してなかったみたい。 ただ不思議そうに見つめるだけで、ちょっと食べにくかったです??  When I was eating cherries, Uni and Aoba came. It was hard to eat because they stared at me??  #ミヌエット #funnycat #猫好きさんとつながりたい #catstagram #にゃんすたぐらむ #猫写真 #tuxedocat #meowed  #cutecat #bestmeow #instacat #9gag #9gagcute #一眼レフのある生活 #くつしたねこ",https://www.instagram.com/p/Ct6NDsrvBpA/
2023/6/26,https://raw.githubusercontent.com/wangqi0821/uni-calendar-china/main/media/2023-06-26_11-36-00.mp4,これは……うに時計？  :3 clock!  #ミヌエット #funnycat #猫好きさんとつながりたい #catstagram #にゃんすたぐらむ #猫写真 #tuxedocat #meowed  #cutecat #bestmeow #instacat #9gag #9gagcute #一眼レフのある生活 #くつしたねこ,https://www.instagram.com/p/Ct87tztAFR1/
2023/6/27,https://raw.githubusercontent.com/wangqi0821/uni-calendar-china/main/media/2023-06-27_11-29-09.jpg,イカ耳なうにと目が合った！  airplane ears Uni! :3  #ミヌエット #funnycat #猫好きさんとつながりたい #catstagram #にゃんすたぐらむ #猫写真 #tuxedocat #meowed  #cutecat #bestmeow #instacat #9gag #9gagcute #一眼レフのある生活 #くつしたねこ,https://www.instagram.com/p/Ct_f59aPE29/
2023/6/28,"https://raw.githubusercontent.com/wangqi0821/uni-calendar-china/main/media/2023-06-28_10-32-23_1.jpg
https://raw.githubusercontent.com/wangqi0821/uni-calendar-china/main/media/2023-06-28_10-32-23_2.jpg",ぼくは…最強…！！  I'm…the…strongest…！！  #ミヌエット #funnycat #猫好きさんとつながりたい #catstagram #にゃんすたぐらむ #猫写真 #tuxedocat #meowed  #cutecat #bestmeow #instacat #9gag #9gagcute #一眼レフのある生活 #くつしたねこ,https://www.instagram.com/p/CuB-NE2PUkK/
2023/6/29,https://raw.githubusercontent.com/wangqi0821/uni-calendar-china/main/media/2023-06-29_11-54-12.jpg,「ごはんはまだですか？」  首を傾げて可愛いね??  when is my dinner? :3  #ミヌエット #funnycat #猫好きさんとつながりたい #catstagram #にゃんすたぐらむ #猫写真 #tuxedocat #meowed  #cutecat #bestmeow #instacat #9gag #9gagcute #一眼レフのある生活 #くつしたねこ,https://www.instagram.com/p/CuEsXJ5PCeV/
2023/6/30,https://raw.githubusercontent.com/wangqi0821/uni-calendar-china/main/media/2023-06-30_11-41-43.jpg,"飼い主が「ニャー」と言ってみたら…… この顔です??  Uni's face when I said ""meow""!??  #ミヌエット #funnycat #猫好きさんとつながりたい #catstagram #にゃんすたぐらむ #猫写真 #tuxedocat #meowed  #cutecat #bestmeow #instacat #9gag #9gagcute #一眼レフのある生活 #くつしたねこ",https://www.instagram.com/p/CuHPulIvI3h/
2023/7/1,https://raw.githubusercontent.com/wangqi0821/uni-calendar-china/main/media/2023-07-01_11-57-53.jpg,"「ごはんがない！おかしい！」  うにたんが食べたからですよ??  "" My dinner is empty! That's strange!""  Uni, it's because you ate??  #ミヌエット #funnycat #猫好きさんとつながりたい #catstagram #にゃんすたぐらむ #猫写真 #tuxedocat #meowed  #cutecat #bestmeow #instacat #9gag #9gagcute #一眼レフのある生活 #くつしたねこ",https://www.instagram.com/p/CuJ2X1SvYNd/
2023/7/2,https://raw.githubusercontent.com/wangqi0821/uni-calendar-china/main/media/2023-07-02_11-36-59.jpg,"何でそんな「:3」の顔なの？  Uni, why do you have such a "":3"" face?  #ミヌエット #funnycat #猫好きさんとつながりたい #catstagram #にゃんすたぐらむ #猫写真 #tuxedocat #meowed  #cutecat #bestmeow #instacat #9gag #9gagcute #一眼レフのある生活 #くつしたねこ",https://www.instagram.com/p/CuMYxuSvI9o/
2023/7/3,,これが「全てを諦めた顔」です…  look at Uni's face gave up everything…  #ミヌエット #funnycat #猫好きさんとつながりたい #catstagram #にゃんすたぐらむ #猫写真 #tuxedocat #meowed  #cutecat #bestmeow #instacat #9gag #9gagcute #一眼レフのある生活 #くつしたねこ,https://www.instagram.com/p/CuO3IiYAf6w/
2023/7/4,,生後3ヶ月の時のうに  when Uni was 3 months old  #ミヌエット #funnycat #猫好きさんとつながりたい #catstagram #にゃんすたぐらむ #猫写真 #tuxedocat #meowed  #cutecat #bestmeow #instacat #9gag #9gagcute #一眼レフのある生活 #くつしたねこ,https://www.instagram.com/p/CuRbgBDP__r/
2023/7/5,https://raw.githubusercontent.com/wangqi0821/uni-calendar-china/main/media/2023-07-05_11-57-57.jpg,うには何でいつも得意げなんでしょうか…??  Why does Uni always look so proud???  #ミヌエット #funnycat #猫好きさんとつながりたい #catstagram #にゃんすたぐらむ #猫写真 #tuxedocat #meowed  #cutecat #bestmeow #instacat #9gag #9gagcute #一眼レフのある生活 #くつしたねこ,https://www.instagram.com/p/CuUJj53P9eu/
2023/7/7,https://raw.githubusercontent.com/wangqi0821/uni-calendar-china/main/media/2023-07-07_11-15-09.jpg,ハワイアンなうに??  Hawaiian Uni! :3  #ミヌエット #funnycat #猫好きさんとつながりたい #catstagram #にゃんすたぐらむ #猫写真 #tuxedocat #meowed  #cutecat #bestmeow #instacat #9gag #9gagcute #一眼レフのある生活 #くつしたねこ,https://www.instagram.com/p/CuZOQE-Piox/
2023/7/8,"https://raw.githubusercontent.com/wangqi0821/uni-calendar-china/main/media/2023-07-08_12-01-30_1.jpg
https://raw.githubusercontent.com/wangqi0821/uni-calendar-china/main/media/2023-07-08_12-01-30_2.jpg
https://raw.githubusercontent.com/wangqi0821/uni-calendar-china/main/media/2023-07-08_12-01-30_3.jpg",ギャングな2匹！  Gang!  #ミヌエット #funnycat #猫好きさんとつながりたい #catstagram #にゃんすたぐらむ #猫写真 #tuxedocat #meowed  #cutecat #bestmeow #instacat #9gag #9gagcute #一眼レフのある生活 #くつしたねこ,https://www.instagram.com/p/Cub4Wh7PUM4/
2023/7/9,"https://raw.githubusercontent.com/wangqi0821/uni-calendar-china/main/media/2023-07-09_11-24-41_1.jpg
https://raw.githubusercontent.com/wangqi0821/uni-calendar-china/main/media/2023-07-09_11-24-41_2.jpg",時々違う世界に行ってる。  Uni seems to go to different worlds sometimes. :3  #ミヌエット #funnycat #猫好きさんとつながりたい #catstagram #にゃんすたぐらむ #猫写真 #tuxedocat #meowed  #cutecat #bestmeow #instacat #9gag #9gagcute #一眼レフのある生活 #くつしたねこ,https://www.instagram.com/p/CueY7t_PFRb/
2023/7/10,https://raw.githubusercontent.com/wangqi0821/uni-calendar-china/main/media/2023-07-10_11-43-36.mp4,"近くで見ると、より「:3」が分かります。  If you look at Uni closely, you can clearly see "":3""  #ミヌエット #funnycat #猫好きさんとつながりたい #catstagram #にゃんすたぐらむ #猫写真 #tuxedocat #meowed  #cutecat #bestmeow #instacat #9gag #9gagcute #一眼レフのある生活 #くつしたねこ",https://www.instagram.com/p/Cug_xAXAGWm/
2023/7/11,https://raw.githubusercontent.com/wangqi0821/uni-calendar-china/main/media/2023-07-11_11-36-03.jpg,子猫時代のうに  When Uni was a kitten  #ミヌエット #funnycat #猫好きさんとつながりたい #catstagram #にゃんすたぐらむ #猫写真 #tuxedocat #meowed  #cutecat #bestmeow #instacat #9gag #9gagcute #一眼レフのある生活 #くつしたねこ,https://www.instagram.com/p/Cujj0qZPSte/
2023/7/12,https://raw.githubusercontent.com/wangqi0821/uni-calendar-china/main/media/2023-07-12_11-24-52.jpg,威嚇してても可愛い??  Uni is cute even when he is intimidating! :3  #ミヌエット #funnycat #猫好きさんとつながりたい #catstagram #にゃんすたぐらむ #猫写真 #tuxedocat #meowed  #cutecat #bestmeow #instacat #9gag #9gagcute #一眼レフのある生活 #くつしたねこ,https://www.instagram.com/p/CumHVr0P9UP/
2023/7/13,https://raw.githubusercontent.com/wangqi0821/uni-calendar-china/main/media/2023-07-13_11-36-31.jpg,"うにをお迎えした当日の写真です。 ちっちゃくて、最初から人懐っこい子でした??  This is a picture of the first day Uni came to our house. He was a very small, very friendly kitten.  #ミヌエット #funnycat #猫好きさんとつながりたい #catstagram #にゃんすたぐらむ #猫写真 #tuxedocat #meowed  #cutecat #bestmeow #instacat #9gag #9gagcute #一眼レフのある生活 #くつしたねこ",https://www.instagram.com/p/Cuotd4RPjMH/
2023/7/14,https://raw.githubusercontent.com/wangqi0821/uni-calendar-china/main/media/2023-07-14_12-01-24.jpg,これ以上ないくらいのドヤ顔  Uni always looks confident! :3  #ミヌエット #funnycat #猫好きさんとつながりたい #catstagram #にゃんすたぐらむ #猫写真 #tuxedocat #meowed  #cutecat #bestmeow #instacat #9gag #9gagcute #一眼レフのある生活 #くつしたねこ,https://www.instagram.com/p/CurVG9RvI_L/
2023/7/15,https://raw.githubusercontent.com/wangqi0821/uni-calendar-china/main/media/2023-07-15_11-59-55.jpg,"「早く終わってほしい…」  Uni ""I want it to end soon…""  #ミヌエット #funnycat #猫好きさんとつながりたい #catstagram #にゃんすたぐらむ #猫写真 #tuxedocat #meowed  #cutecat #bestmeow #instacat #9gag #9gagcute #一眼レフのある生活 #くつしたねこ",https://www.instagram.com/p/Cut5vBhPiRZ/
2023/7/16,https://raw.githubusercontent.com/wangqi0821/uni-calendar-china/main/media/2023-07-16_10-44-33.jpg,この顔は…ごはん待ち…！ （さっき食べたばかりなのに??）  This face…he is waiting his dinner！ （He just ate??）  #ミヌエット #funnycat #猫好きさんとつながりたい #catstagram #にゃんすたぐらむ #猫写真 #tuxedocat #meowed  #cutecat #bestmeow #instacat #9gag #9gagcute #一眼レフのある生活 #くつしたねこ,https://www.instagram.com/p/CuwV57hv0sL/
2023/7/17,https://raw.githubusercontent.com/wangqi0821/uni-calendar-china/main/media/2023-07-17_12-41-48.jpg,目が合った瞬間に幸せ。  I feel happy the moment my eyes meet with Uni. :3  #ミヌエット #funnycat #猫好きさんとつながりたい #catstagram #にゃんすたぐらむ #猫写真 #tuxedocat #meowed  #cutecat #bestmeow #instacat #9gag #9gagcute #一眼レフのある生活 #くつしたねこ,https://www.instagram.com/p/CuzIHhEvE4S/
2023/7/18,"https://raw.githubusercontent.com/wangqi0821/uni-calendar-china/main/media/2023-07-18_09-57-02_1.jpg
https://raw.githubusercontent.com/wangqi0821/uni-calendar-china/main/media/2023-07-18_09-57-02_2.jpg
https://raw.githubusercontent.com/wangqi0821/uni-calendar-china/main/media/2023-07-18_09-57-02_3.jpg
https://raw.githubusercontent.com/wangqi0821/uni-calendar-china/main/media/2023-07-18_09-57-02_4.jpg",ベネリック（@benelic.capsuletoy）様のカプセルトイ 「なりきるにゃん猫輪アメカジver.」をお試しさせて頂きました??  こちらはベースボールキャップ風のイニシャル刺繍が入った、バンダナ型のスタイです?? 後ろのマジックテープで簡単につけられるので、猫ちゃんの負担もほとんどないと思います??  表裏色違いなので、2倍楽しめるのもいいですね???  うにもこの表情???！！ 「これはなかなかかっこいいでしゅ」 「クールな僕でしゅ」  うには何でも着こなしてすごいなあ??  「C×赤色」の裏は「青色」 「Ｔ×黄色」の裏は「茶色」です??  全国展開とのことで、カプセルトイ自販機コーナーで見かけた際にはぜひ?? とっても可愛いですよ???  #pr #なりきるにゃん猫輪 #ミヌエット  #ねこのいる生活 #catstagram #catlovers #猫好きさんと繋がりたい  #猫写真,https://www.instagram.com/p/Cu1aDnkvPFO/
2023/7/19,https://raw.githubusercontent.com/wangqi0821/uni-calendar-china/main/media/2023-07-19_11-49-34.mp4,左見て、右見て……うに！  Left ……right……Uni!  #ミヌエット #funnycat #猫好きさんとつながりたい #catstagram #にゃんすたぐらむ #猫写真 #tuxedocat #meowed  #cutecat #bestmeow #instacat #9gag #9gagcute #一眼レフのある生活 #くつしたねこ,https://www.instagram.com/p/Cu4LmwKJIgC/
2023/7/20,https://raw.githubusercontent.com/wangqi0821/uni-calendar-china/main/media/2023-07-20_12-24-15.jpg,わーい！いただきます！  Yay! Let's eat! :3  #ミヌエット #funnycat #猫好きさんとつながりたい #catstagram #にゃんすたぐらむ #猫写真 #tuxedocat #meowed  #cutecat #bestmeow #instacat #9gag #9gagcute #一眼レフのある生活 #くつしたねこ,https://www.instagram.com/p/Cu60fl-v5Xv/
2023/7/21,"https://raw.githubusercontent.com/wangqi0821/uni-calendar-china/main/media/2023-07-21_11-53-51_1.jpg
https://raw.githubusercontent.com/wangqi0821/uni-calendar-china/main/media/2023-07-21_11-53-51_2.jpg",楽しいのが顔から伝わってくる！  Uni looks like having fun! :3  #ミヌエット #funnycat #猫好きさんとつながりたい #catstagram #にゃんすたぐらむ #猫写真 #tuxedocat #meowed  #cutecat #bestmeow #instacat #9gag #9gagcute #一眼レフのある生活 #くつしたねこ,https://www.instagram.com/p/Cu9VzykP4Z2/
2023/7/22,https://raw.githubusercontent.com/wangqi0821/uni-calendar-china/main/media/2023-07-22_10-47-53.jpg,"動物病院からの帰り道。 「早く帰りたい！」って言ってます（顔が）  On the way home from the animal hospital. ""Mom, I want to go home early!""  #ミヌエット #funnycat #猫好きさんとつながりたい #catstagram #にゃんすたぐらむ #猫写真 #tuxedocat #meowed  #cutecat #bestmeow #instacat #9gag #9gagcute #一眼レフのある生活 #くつしたねこ",https://www.instagram.com/p/Cu_zDhBvK_K/
2023/7/23,https://raw.githubusercontent.com/wangqi0821/uni-calendar-china/main/media/2023-07-23_10-44-46.jpg,2年前のお風呂写真??  Soggy Uni two years ago  #ミヌエット #funnycat #猫好きさんとつながりたい #catstagram #にゃんすたぐらむ #猫写真 #tuxedocat #meowed  #cutecat #bestmeow #instacat #9gag #9gagcute #一眼レフのある生活 #くつしたねこ,https://www.instagram.com/p/CvCXfmoPcIR/
2023/7/24,https://raw.githubusercontent.com/wangqi0821/uni-calendar-china/main/media/2023-07-24_11-35-32.jpg,うにの瞳の色とお揃いのリボン??  The ribbon that matches the color of Uni's eyes! :3  #ミヌエット #funnycat #猫好きさんとつながりたい #catstagram #にゃんすたぐらむ #猫写真 #tuxedocat #meowed  #cutecat #bestmeow #instacat #9gag #9gagcute #一眼レフのある生活 #くつしたねこ,https://www.instagram.com/p/CvFCGV5PAiy/
2023/7/25,"https://raw.githubusercontent.com/wangqi0821/uni-calendar-china/main/media/2023-07-25_12-00-14_1.jpg
https://raw.githubusercontent.com/wangqi0821/uni-calendar-china/main/media/2023-07-25_12-00-14_2.jpg
https://raw.githubusercontent.com/wangqi0821/uni-calendar-china/main/media/2023-07-25_12-00-14_3.jpg","「サーフィンに行こう！」 （それは爪とぎですよ…??）  “Let’s go surfing!”  （Uni, It's a cat scratcher??）  #ミヌエット #funnycat #猫好きさんとつながりたい #catstagram #にゃんすたぐらむ #猫写真 #tuxedocat #meowed  #cutecat #bestmeow #instacat #9gag #9gagcute #一眼レフのある生活 #くつしたねこ",https://www.instagram.com/p/CvHpuHPPOXw/
2023/7/26,https://raw.githubusercontent.com/wangqi0821/uni-calendar-china/main/media/2023-07-26_11-53-26.mp4,tiktok用に作ったものですが、こちらでも。 うにの日常です??  Uni's daily life! :3  #ミヌエット #funnycat #猫好きさんとつながりたい #catstagram #にゃんすたぐらむ #猫写真 #tuxedocat #meowed  #cutecat #bestmeow #instacat #9gag #9gagcute #一眼レフのある生活 #くつしたねこ,https://www.instagram.com/p/CvKNsLMgdOn/
2023/7/27,"https://raw.githubusercontent.com/wangqi0821/uni-calendar-china/main/media/2023-07-27_12-20-27_1.jpg
https://raw.githubusercontent.com/wangqi0821/uni-calendar-china/main/media/2023-07-27_12-20-27_2.jpg
https://raw.githubusercontent.com/wangqi0821/uni-calendar-china/main/media/2023-07-27_12-20-27_3.jpg
https://raw.githubusercontent.com/wangqi0821/uni-calendar-china/main/media/2023-07-27_12-20-27_4.jpg","うにはこうやってくつろぐのが好きなので、ソファの横に丸椅子を置いてます。  他の子はほとんど乗らないのでうに専用です。  Uni likes to relax like this, so I put a round chair next to the sofa. It is for Uni only.  #ミヌエット #funnycat #猫好きさんとつながりたい #catstagram #にゃんすたぐらむ #猫写真 #tuxedocat #meowed  #cutecat #bestmeow #instacat #9gag #9gagcute #一眼レフのある生活 #くつしたねこ",https://www.instagram.com/p/CvM1n4Mv6Xc/
2023/7/28,https://raw.githubusercontent.com/wangqi0821/uni-calendar-china/main/media/2023-07-28_11-13-59.jpg,"おかえりなさい。  Hi, how was your day?  #ミヌエット #funnycat #猫好きさんとつながりたい #catstagram #にゃんすたぐらむ #猫写真 #tuxedocat #meowed  #cutecat #bestmeow #instacat #9gag #9gagcute #一眼レフのある生活 #くつしたねこ",https://www.instagram.com/p/CvPSz6Qv7f6/
2023/7/29,"https://raw.githubusercontent.com/wangqi0821/uni-calendar-china/main/media/2023-07-29_12-28-52_1.jpg
https://raw.githubusercontent.com/wangqi0821/uni-calendar-china/main/media/2023-07-29_12-28-52_2.jpg",この箱はなかなかいい…  This box is pretty comfortable…  #ミヌエット #funnycat #猫好きさんとつながりたい #catstagram #にゃんすたぐらむ #猫写真 #tuxedocat #meowed  #cutecat #bestmeow #instacat #9gag #9gagcute #一眼レフのある生活 #くつしたねこ,https://www.instagram.com/p/CvSALVoPdu7/
2023/7/30,https://raw.githubusercontent.com/wangqi0821/uni-calendar-china/main/media/2023-07-30_11-56-39.jpg,"何か企んでる…？  Uni, are you up to something…? :3  #ミヌエット #funnycat #猫好きさんとつながりたい #catstagram #にゃんすたぐらむ #猫写真 #tuxedocat #meowed  #cutecat #bestmeow #instacat #9gag #9gagcute #一眼レフのある生活 #くつしたねこ",https://www.instagram.com/p/CvUhSLSvpcM/
2023/7/31,https://raw.githubusercontent.com/wangqi0821/uni-calendar-china/main/media/2023-07-31_11-03-45.mp4,おやつをもらってご機嫌です  Uni is happy to get treats! :3  #ミヌエット #funnycat #猫好きさんとつながりたい #catstagram #にゃんすたぐらむ #猫写真 #tuxedocat #meowed  #cutecat #bestmeow #instacat #9gag #9gagcute #一眼レフのある生活 #くつしたねこ,https://www.instagram.com/p/CvW_6kHA52c/
2023/8/1,"https://raw.githubusercontent.com/wangqi0821/uni-calendar-china/main/media/2023-08-01_11-29-19_1.jpg
https://raw.githubusercontent.com/wangqi0821/uni-calendar-china/main/media/2023-08-01_11-29-19_2.jpg",子猫時代のうに。 色んなものが新鮮だったみたいで、いつもおめめをまんまるにしてました?  When  Uni was a kitten  #ミヌエット #funnycat #猫好きさんとつながりたい #catstagram #にゃんすたぐらむ #猫写真 #tuxedocat #meowed  #cutecat #bestmeow #instacat #9gag #9gagcute #一眼レフのある生活 #くつしたねこ,https://www.instagram.com/p/CvZnv0tvc_d/
2023/8/2,"https://raw.githubusercontent.com/wangqi0821/uni-calendar-china/main/media/2023-08-02_11-50-33_1.jpg
https://raw.githubusercontent.com/wangqi0821/uni-calendar-china/main/media/2023-08-02_11-50-33_2.jpg",リトルモンスター?うに！  The little monster Uni! :3  #ミヌエット #funnycat #猫好きさんとつながりたい #catstagram #にゃんすたぐらむ #猫写真 #tuxedocat #meowed  #cutecat #bestmeow #instacat #9gag #9gagcute #一眼レフのある生活 #くつしたねこ,https://www.instagram.com/p/CvcO-KrvTa8/
2023/8/3,https://raw.githubusercontent.com/wangqi0821/uni-calendar-china/main/media/2023-08-03_11-48-12.jpg,うにのこの座り方、結構好きです。 そしてこのドヤ顔??  I like this way Uni sits and his smug face! :3  #ミヌエット #funnycat #猫好きさんとつながりたい #catstagram #にゃんすたぐらむ #猫写真 #tuxedocat #meowed  #cutecat #bestmeow #instacat #9gag #9gagcute #一眼レフのある生活 #くつしたねこ,https://www.instagram.com/p/CvezfycPaVF/
2023/8/4,https://raw.githubusercontent.com/wangqi0821/uni-calendar-china/main/media/2023-08-04_11-15-07.jpg,おかえりなさい。  How was your day? :3  #ミヌエット #funnycat #猫好きさんとつながりたい #catstagram #にゃんすたぐらむ #猫写真 #tuxedocat #meowed  #cutecat #bestmeow #instacat #9gag #9gagcute #一眼レフのある生活 #くつしたねこ,https://www.instagram.com/p/CvhUgXKv-jW/
2023/8/5,https://raw.githubusercontent.com/wangqi0821/uni-calendar-china/main/media/2023-08-05_10-52-23.jpg,??？  #ミヌエット #funnycat #猫好きさんとつながりたい #catstagram #にゃんすたぐらむ #猫写真 #tuxedocat #meowed  #cutecat #bestmeow #instacat #9gag #9gagcute #一眼レフのある生活 #くつしたねこ,https://www.instagram.com/p/Cvj2swePtfy/
2023/8/6,https://raw.githubusercontent.com/wangqi0821/uni-calendar-china/main/media/2023-08-06_10-35-10.mp4,うにが近寄ってきた！  Uni is approaching! :3  #ミヌエット #funnycat #猫好きさんとつながりたい #catstagram #にゃんすたぐらむ #猫写真 #tuxedocat #meowed  #cutecat #bestmeow #instacat #9gag #9gagcute #一眼レフのある生活 #くつしたねこ,https://www.instagram.com/p/CvmZcWbAj67/
2023/8/7,"https://raw.githubusercontent.com/wangqi0821/uni-calendar-china/main/media/2023-08-07_11-49-40_1.jpg
https://raw.githubusercontent.com/wangqi0821/uni-calendar-china/main/media/2023-08-07_11-49-40_2.jpg",何だ！あの生き物は！  What is that creature!? :3  #ミヌエット #funnycat #猫好きさんとつながりたい #catstagram #にゃんすたぐらむ #猫写真 #tuxedocat #meowed  #cutecat #bestmeow #instacat #9gag #9gagcute #一眼レフのある生活 #くつしたねこ,https://www.instagram.com/p/CvpG2BSv_X-/
2023/8/8,"https://raw.githubusercontent.com/wangqi0821/uni-calendar-china/main/media/2023-08-08_11-49-08_1.jpg
https://raw.githubusercontent.com/wangqi0821/uni-calendar-china/main/media/2023-08-08_11-49-08_2.jpg
https://raw.githubusercontent.com/wangqi0821/uni-calendar-china/main/media/2023-08-08_11-49-08_3.jpg","不利な状況でも「ぼくは最強！」  Even at a disadvantage, ""I'm the strongest!""  #ミヌエット #funnycat #猫好きさんとつながりたい #catstagram #にゃんすたぐらむ #猫写真 #tuxedocat #meowed  #cutecat #bestmeow #instacat #9gag #9gagcute #一眼レフのある生活 #くつしたねこ",https://www.instagram.com/p/Cvrrk-pJ9-H/
2023/8/9,https://raw.githubusercontent.com/wangqi0821/uni-calendar-china/main/media/2023-08-09_12-17-53.jpg,そろそろ僕のごはんに違いない…  It must be time for my dinner soon…  #ミヌエット #funnycat #猫好きさんとつながりたい #catstagram #にゃんすたぐらむ #猫写真 #tuxedocat #meowed  #cutecat #bestmeow #instacat #9gag #9gagcute #一眼レフのある生活 #くつしたねこ,https://www.instagram.com/p/CvuTqexPw5G/
2023/8/10,https://raw.githubusercontent.com/wangqi0821/uni-calendar-china/main/media/2023-08-10_11-25-27.jpg,とっても楽しそうなうに??  Looks like Uni is having so much fun! :3  #ミヌエット #funnycat #猫好きさんとつながりたい #catstagram #にゃんすたぐらむ #猫写真 #tuxedocat #meowed  #cutecat #bestmeow #instacat #9gag #9gagcute #一眼レフのある生活 #くつしたねこ,https://www.instagram.com/p/CvwydUQPweE/
2023/8/11,"https://raw.githubusercontent.com/wangqi0821/uni-calendar-china/main/media/2023-08-11_11-46-21_1.jpg
https://raw.githubusercontent.com/wangqi0821/uni-calendar-china/main/media/2023-08-11_11-46-21_2.jpg",何か可愛いのがいる！  Look! There's something cute! :3  #ミヌエット #funnycat #猫好きさんとつながりたい #catstagram #にゃんすたぐらむ #猫写真 #tuxedocat #meowed  #cutecat #bestmeow #instacat #9gag #9gagcute #一眼レフのある生活 #くつしたねこ,https://www.instagram.com/p/CvzZpRqvRL6/
2023/8/12,https://raw.githubusercontent.com/wangqi0821/uni-calendar-china/main/media/2023-08-12_11-01-19.jpg,"そのほっぺた（首？）のお肉はどこから…  Uni, why are your cheeks so chewy? :3  #ミヌエット #funnycat #猫好きさんとつながりたい #catstagram #にゃんすたぐらむ #猫写真 #tuxedocat #meowed  #cutecat #bestmeow #instacat #9gag #9gagcute #一眼レフのある生活 #くつしたねこ",https://www.instagram.com/p/Cv15SUZvMXY/
2023/8/13,https://raw.githubusercontent.com/wangqi0821/uni-calendar-china/main/media/2023-08-13_11-38-42.jpg,"うにの顔は大きくて丸くて可愛い??  Uni's face is big, round and cute! :3  #ミヌエット #funnycat #猫好きさんとつながりたい #catstagram #にゃんすたぐらむ #猫写真 #tuxedocat #meowed  #cutecat #bestmeow #instacat #9gag #9gagcute #一眼レフのある生活 #くつしたねこ",https://www.instagram.com/p/Cv4iXBOPMia/
2023/8/14,https://raw.githubusercontent.com/wangqi0821/uni-calendar-china/main/media/2023-08-14_12-25-18.jpg,うにとハイタッチ！  Give Uni high five! :3  #ミヌエット #funnycat #猫好きさんとつながりたい #catstagram #にゃんすたぐらむ #猫写真 #tuxedocat #meowed  #cutecat #bestmeow #instacat #9gag #9gagcute #一眼レフのある生活 #くつしたねこ,https://www.instagram.com/p/Cv7MfJ3P2c9/
2023/8/15,https://raw.githubusercontent.com/wangqi0821/uni-calendar-china/main/media/2023-08-15_11-46-52.jpg,キラキラおめめ?  I love Uni's sparkling eyes! :3  #ミヌエット #funnycat #猫好きさんとつながりたい #catstagram #にゃんすたぐらむ #猫写真 #tuxedocat #meowed  #cutecat #bestmeow #instacat #9gag #9gagcute #一眼レフのある生活 #くつしたねこ,https://www.instagram.com/p/Cv9s4nqv4Dj/
2023/8/16,https://raw.githubusercontent.com/wangqi0821/uni-calendar-china/main/media/2023-08-16_12-13-45.jpg,それ、ぼくのおやつ…！  That's my treat! :3  #ミヌエット #funnycat #猫好きさんとつながりたい #catstagram #にゃんすたぐらむ #猫写真 #tuxedocat #meowed  #cutecat #bestmeow #instacat #9gag #9gagcute #一眼レフのある生活 #くつしたねこ,https://www.instagram.com/p/CwAUwXBPBFS/
2023/8/17,https://raw.githubusercontent.com/wangqi0821/uni-calendar-china/main/media/2023-08-17_11-30-21.jpg,色々丸い！  Round Uni! :3  #ミヌエット #funnycat #猫好きさんとつながりたい #catstagram #にゃんすたぐらむ #猫写真 #tuxedocat #meowed  #cutecat #bestmeow #instacat #9gag #9gagcute #一眼レフのある生活 #くつしたねこ,https://www.instagram.com/p/CwC0lT6P31d/
2023/8/18,https://raw.githubusercontent.com/wangqi0821/uni-calendar-china/main/media/2023-08-18_11-14-35.jpg,ぼくは強くなりすぎてしまった…  I have become too strong…  #ミヌエット #funnycat #猫好きさんとつながりたい #catstagram #にゃんすたぐらむ #猫写真 #tuxedocat #meowed  #cutecat #bestmeow #instacat #9gag #9gagcute #一眼レフのある生活 #くつしたねこ,https://www.instagram.com/p/CwFXky6PLpd/
2023/8/19,https://raw.githubusercontent.com/wangqi0821/uni-calendar-china/main/media/2023-08-19_11-26-30.jpg,子猫時代のうに  When Uni was a kitten  #ミヌエット #funnycat #猫好きさんとつながりたい #catstagram #にゃんすたぐらむ #猫写真 #tuxedocat #meowed  #cutecat #bestmeow #instacat #9gag #9gagcute #一眼レフのある生活 #くつしたねこ,https://www.instagram.com/p/CwH9u3VvURi/
2023/8/20,https://raw.githubusercontent.com/wangqi0821/uni-calendar-china/main/media/2023-08-20_11-21-32.jpg,猫じゃらしの動きにびっくり！  Uni surprised by the movements of the cat toy! :3  #ミヌエット #funnycat #猫好きさんとつながりたい #catstagram #にゃんすたぐらむ #猫写真 #tuxedocat #meowed  #cutecat #bestmeow #instacat #9gag #9gagcute #一眼レフのある生活 #くつしたねこ,https://www.instagram.com/p/CwKh9XovSQf/
2023/8/21,https://raw.githubusercontent.com/wangqi0821/uni-calendar-china/main/media/2023-08-21_11-28-00.mp4,この箱はうにのベッドです。ほっぺた…  This box is Uni's bed! :3  #ミヌエット #funnycat #猫好きさんとつながりたい #catstagram #にゃんすたぐらむ #猫写真 #tuxedocat #meowed  #cutecat #bestmeow #instacat #9gag #9gagcute #一眼レフのある生活 #くつしたねこ,https://www.instagram.com/p/CwNHWRDqSgr/
2023/8/22,https://raw.githubusercontent.com/wangqi0821/uni-calendar-china/main/media/2023-08-22_10-43-53.jpg,相変わらず子猫みたいなうに??  Uni like a kitten as usual  #ミヌエット #funnycat #猫好きさんとつながりたい #catstagram #にゃんすたぐらむ #猫写真 #tuxedocat #meowed  #cutecat #bestmeow #instacat #9gag #9gagcute #一眼レフのある生活 #くつしたねこ,https://www.instagram.com/p/CwPnPbrPkJ-/
2023/8/23,"https://raw.githubusercontent.com/wangqi0821/uni-calendar-china/main/media/2023-08-23_11-51-09_1.jpg
https://raw.githubusercontent.com/wangqi0821/uni-calendar-china/main/media/2023-08-23_11-51-09_2.jpg
https://raw.githubusercontent.com/wangqi0821/uni-calendar-china/main/media/2023-08-23_11-51-09_3.jpg
https://raw.githubusercontent.com/wangqi0821/uni-calendar-china/main/media/2023-08-23_11-51-09_3.mp4",ブラッシングでうにをご機嫌にさせました??  I made him feel good by brushing! :3  #ミヌエット #funnycat #猫好きさんとつながりたい #catstagram #にゃんすたぐらむ #猫写真 #tuxedocat #meowed  #cutecat #bestmeow #instacat #9gag #9gagcute #一眼レフのある生活 #くつしたねこ,https://www.instagram.com/p/CwSTu4DPllD/
2023/8/24,https://raw.githubusercontent.com/wangqi0821/uni-calendar-china/main/media/2023-08-24_11-18-17.mp4,箱に入っておやつタイム！  Snack time in the box! :3  #ミヌエット #funnycat #猫好きさんとつながりたい #catstagram #にゃんすたぐらむ #猫写真 #tuxedocat #meowed  #cutecat #bestmeow #instacat #9gag #9gagcute #一眼レフのある生活 #くつしたねこ,https://www.instagram.com/p/CwU0fQeqjqq/
2023/8/25,"https://raw.githubusercontent.com/wangqi0821/uni-calendar-china/main/media/2023-08-25_10-52-57_1.jpg
https://raw.githubusercontent.com/wangqi0821/uni-calendar-china/main/media/2023-08-25_10-52-57_2.jpg",かくれんぼしよう！わくわく！  Let's play hide and seek! :3  #ミヌエット #funnycat #猫好きさんとつながりたい #catstagram #にゃんすたぐらむ #猫写真 #tuxedocat #meowed  #cutecat #bestmeow #instacat #9gag #9gagcute #一眼レフのある生活 #くつしたねこ,https://www.instagram.com/p/CwXWqePPkcW/
2023/8/26,"https://raw.githubusercontent.com/wangqi0821/uni-calendar-china/main/media/2023-08-26_10-55-35_1.jpg
https://raw.githubusercontent.com/wangqi0821/uni-calendar-china/main/media/2023-08-26_10-55-35_2.jpg
https://raw.githubusercontent.com/wangqi0821/uni-calendar-china/main/media/2023-08-26_10-55-35_3.jpg
https://raw.githubusercontent.com/wangqi0821/uni-calendar-china/main/media/2023-08-26_10-55-35_4.jpg",なぜか舌を出したままだったうに  Uni with his tongue sticking out for some reason  #ミヌエット #funnycat #猫好きさんとつながりたい #catstagram #にゃんすたぐらむ #猫写真 #tuxedocat #meowed  #cutecat #bestmeow #instacat #9gag #9gagcute #一眼レフのある生活 #くつしたねこ,https://www.instagram.com/p/CwZ7wjgvOCX/
2023/8/27,https://raw.githubusercontent.com/wangqi0821/uni-calendar-china/main/media/2023-08-27_10-15-55.mp4,"TikTok用に作ったものですがこちらでも。 うにが「tired」って言ってます??  This is a video of Uni saying ""tired""??  #ミヌエット #funnycat #猫好きさんとつながりたい #catstagram #にゃんすたぐらむ #猫写真 #tuxedocat #meowed  #cutecat #bestmeow #instacat #9gag #9gagcute #一眼レフのある生活 #くつしたねこ",https://www.instagram.com/p/CwcbUqYKLwW/
2023/8/28,https://raw.githubusercontent.com/wangqi0821/uni-calendar-china/main/media/2023-08-28_10-42-34.jpg,わくわく！  I'm so excited! :3  #ミヌエット #funnycat #猫好きさんとつながりたい #catstagram #にゃんすたぐらむ #猫写真 #tuxedocat #meowed  #cutecat #bestmeow #instacat #9gag #9gagcute #一眼レフのある生活 #くつしたねこ,https://www.instagram.com/p/CwfD2_Dvr5p/
2023/8/29,https://raw.githubusercontent.com/wangqi0821/uni-calendar-china/main/media/2023-08-29_10-50-56.mp4,"おすわりした瞬間にイカ耳！  The moment Uni sits, airplane ears! :3  #ミヌエット #funnycat #猫好きさんとつながりたい #catstagram #にゃんすたぐらむ #猫写真 #tuxedocat #meowed  #cutecat #bestmeow #instacat #9gag #9gagcute #一眼レフのある生活 #くつしたねこ",https://www.instagram.com/p/Cwhpfyeqn8z/
2023/8/30,https://raw.githubusercontent.com/wangqi0821/uni-calendar-china/main/media/2023-08-30_11-04-00.jpg,今日のおやつは何かな？  What's for today's snack? :3  #ミヌエット #funnycat #猫好きさんとつながりたい #catstagram #にゃんすたぐらむ #猫写真 #tuxedocat #meowed  #cutecat #bestmeow #instacat #9gag #9gagcute #一眼レフのある生活 #くつしたねこ,https://www.instagram.com/p/CwkP5viPskd/
2023/8/31,"https://raw.githubusercontent.com/wangqi0821/uni-calendar-china/main/media/2023-08-31_10-19-58_1.jpg
https://raw.githubusercontent.com/wangqi0821/uni-calendar-china/main/media/2023-08-31_10-19-58_2.jpg",子猫の時のお風呂写真です??  Soggy Uni! （When Uni was a kitten）  #ミヌエット #funnycat #猫好きさんとつながりたい #catstagram #にゃんすたぐらむ #猫写真 #tuxedocat #meowed  #cutecat #bestmeow #instacat #9gag #9gagcute #一眼レフのある生活 #くつしたねこ,https://www.instagram.com/p/CwmvqGEv6vf/
2023/9/1,https://raw.githubusercontent.com/wangqi0821/uni-calendar-china/main/media/2023-09-01_10-23-31.jpg,見て！何か可愛いのがいる！  Look! There's something cute! :3  #ミヌエット #funnycat #猫好きさんとつながりたい #catstagram #にゃんすたぐらむ #猫写真 #tuxedocat #meowed  #cutecat #bestmeow #instacat #9gag #9gagcute #一眼レフのある生活 #くつしたねこ,https://www.instagram.com/p/CwpU2-kPZAY/
2023/9/2,https://raw.githubusercontent.com/wangqi0821/uni-calendar-china/main/media/2023-09-02_11-57-24.jpg,エプロンうに！  Uni wearing an apron! :3  #ミヌエット #funnycat #猫好きさんとつながりたい #catstagram #にゃんすたぐらむ #猫写真 #tuxedocat #meowed  #cutecat #bestmeow #instacat #9gag #9gagcute #一眼レフのある生活 #くつしたねこ,https://www.instagram.com/p/CwsEZfPPeXp/
2023/9/3,https://raw.githubusercontent.com/wangqi0821/uni-calendar-china/main/media/2023-09-03_11-14-51.mp4,うにが見つめてきます  Uni is staring at you! :3  #ミヌエット #funnycat #猫好きさんとつながりたい #catstagram #にゃんすたぐらむ #猫写真 #tuxedocat #meowed  #cutecat #bestmeow #instacat #9gag #9gagcute #一眼レフのある生活 #くつしたねこ,https://www.instagram.com/p/CwukOjOvdwg/
2023/9/4,https://raw.githubusercontent.com/wangqi0821/uni-calendar-china/main/media/2023-09-04_10-58-34.mp4,Tiktok用に作ったものですがこちらにも。  途中、よるとケンカしているうにが可愛いです??  Sometimes I'm alone…？ （Uni fighting with Yoru is cute??）  #ミヌエット #funnycat #猫好きさんとつながりたい #catstagram #にゃんすたぐらむ #猫写真 #tuxedocat #meowed  #cutecat #bestmeow #instacat #9gag #9gagcute #一眼レフのある生活 #くつしたねこ,https://www.instagram.com/p/CwxGdzjPIh9/
2023/9/5,https://raw.githubusercontent.com/wangqi0821/uni-calendar-china/main/media/2023-09-05_10-18-00.jpg,ぼくはライオンです！  I'm a lion! :3  #ミヌエット #funnycat #猫好きさんとつながりたい #catstagram #にゃんすたぐらむ #猫写真 #tuxedocat #meowed  #cutecat #bestmeow #instacat #9gag #9gagcute #一眼レフのある生活 #くつしたねこ,https://www.instagram.com/p/CwznaB2PtI7/
2023/9/6,https://raw.githubusercontent.com/wangqi0821/uni-calendar-china/main/media/2023-09-06_10-45-45.jpg,ぼくは最強！  I'm the strongest! :3  #ミヌエット #funnycat #猫好きさんとつながりたい #catstagram #にゃんすたぐらむ #猫写真 #tuxedocat #meowed  #cutecat #bestmeow #instacat #9gag #9gagcute #一眼レフのある生活 #くつしたねこ,https://www.instagram.com/p/Cw2PYJJvENY/
2023/9/7,https://raw.githubusercontent.com/wangqi0821/uni-calendar-china/main/media/2023-09-07_11-51-42.jpg,それはぼくのごはんですか？  Is that my dinner? :3  #ミヌエット #funnycat #猫好きさんとつながりたい #catstagram #にゃんすたぐらむ #猫写真 #tuxedocat #meowed  #cutecat #bestmeow #instacat #9gag #9gagcute #一眼レフのある生活 #くつしたねこ,https://www.instagram.com/p/Cw47uH6vrVY/
2023/9/8,"https://raw.githubusercontent.com/wangqi0821/uni-calendar-china/main/media/2023-09-08_10-24-44_1.jpg
https://raw.githubusercontent.com/wangqi0821/uni-calendar-china/main/media/2023-09-08_10-24-44_2.jpg",何でこんなにおもしろ可愛い顔なんだろ？  Why does he look so funny and cute? :3  #ミヌエット #funnycat #猫好きさんとつながりたい #catstagram #にゃんすたぐらむ #猫写真 #tuxedocat #meowed  #cutecat #bestmeow #instacat #9gag #9gagcute #一眼レフのある生活 #くつしたねこ,https://www.instagram.com/p/Cw7WkCLvWhD/
2023/9/9,https://raw.githubusercontent.com/wangqi0821/uni-calendar-china/main/media/2023-09-09_10-57-22.jpg,ぼくはうに。うにたんです。  I'm Uni :3  #ミヌエット #funnycat #猫好きさんとつながりたい #catstagram #にゃんすたぐらむ #猫写真 #tuxedocat #meowed  #cutecat #bestmeow #instacat #9gag #9gagcute #一眼レフのある生活 #くつしたねこ,https://www.instagram.com/p/Cw9_F6evmls/
2023/9/10,https://raw.githubusercontent.com/wangqi0821/uni-calendar-china/main/media/2023-09-10_10-37-09.jpg,さくらんぼで得意げです！  Uni's new collar??  #ミヌエット #funnycat #猫好きさんとつながりたい #catstagram #にゃんすたぐらむ #猫写真 #tuxedocat #meowed  #cutecat #bestmeow #instacat #9gag #9gagcute #一眼レフのある生活 #くつしたねこ,https://www.instagram.com/p/CxAhkpTP7n7/
2023/9/11,"https://raw.githubusercontent.com/wangqi0821/uni-calendar-china/main/media/2023-09-11_10-59-30_1.jpg
https://raw.githubusercontent.com/wangqi0821/uni-calendar-china/main/media/2023-09-11_10-59-30_2.jpg",お風呂場を探検！  Uni had fun exploring in the bathtub! :3  #ミヌエット #funnycat #猫好きさんとつながりたい #catstagram #にゃんすたぐらむ #猫写真 #tuxedocat #meowed  #cutecat #bestmeow #instacat #9gag #9gagcute #一眼レフのある生活 #くつしたねこ,https://www.instagram.com/p/CxDI7NqPwQ0/
2023/9/12,https://raw.githubusercontent.com/wangqi0821/uni-calendar-china/main/media/2023-09-12_11-08-46.jpg,ぼくは空手の達人です！  I'm a master of karate! :3  #ミヌエット #funnycat #猫好きさんとつながりたい #catstagram #にゃんすたぐらむ #猫写真 #tuxedocat #meowed  #cutecat #bestmeow #instacat #9gag #9gagcute #一眼レフのある生活 #くつしたねこ,https://www.instagram.com/p/CxFuyDXvtI4/
2023/9/13,https://raw.githubusercontent.com/wangqi0821/uni-calendar-china/main/media/2023-09-13_10-53-30.jpg,僕はここだよ  I'm here :3  #ミヌエット #funnycat #猫好きさんとつながりたい #catstagram #にゃんすたぐらむ #猫写真 #tuxedocat #meowed  #cutecat #bestmeow #instacat #9gag #9gagcute #一眼レフのある生活 #くつしたねこ,https://www.instagram.com/p/CxIR1HPvXbN/
2023/9/14,https://raw.githubusercontent.com/wangqi0821/uni-calendar-china/main/media/2023-09-14_10-47-53.jpg,"うきわ猫　Swim ring cat??  うには時々目を強く擦るので、それを防ぐためにこの首輪をつけます。 これが結構似合ってる…！  Uni sometimes rubs his eyes hard, so he wears a collar like this to prevent it. But it looks good on Uni! :3  #ミヌエット #funnycat #猫好きさんとつながりたい #catstagram #にゃんすたぐらむ #猫写真 #tuxedocat #meowed  #cutecat #bestmeow #instacat #9gag #9gagcute #一眼レフのある生活 #くつしたねこ",https://www.instagram.com/p/CxK1-1fP9f_/
2023/9/15,https://raw.githubusercontent.com/wangqi0821/uni-calendar-china/main/media/2023-09-15_10-32-20.jpg,おやつが美味しかった時の顔！  The moment when the snack was so good! :3  #ミヌエット #funnycat #猫好きさんとつながりたい #catstagram #にゃんすたぐらむ #猫写真 #tuxedocat #meowed  #cutecat #bestmeow #instacat #9gag #9gagcute #一眼レフのある生活 #くつしたねこ,https://www.instagram.com/p/CxNYuQVv5cw/
2023/9/16,,むにむにしたくなるほっぺた  So cute and chubby :3  #ミヌエット #funnycat #猫好きさんとつながりたい #catstagram #にゃんすたぐらむ #猫写真 #tuxedocat #meowed  #cutecat #bestmeow #instacat #9gag #9gagcute #一眼レフのある生活 #くつしたねこ,https://www.instagram.com/p/CxP9wYyPXf5/
2023/9/17,,"1000投稿め！  いつもいいねやコメントありがとうございます??  うにが子猫の頃は3日に1回か5日に1回くらいしか投稿してませんでしたが、みなさんのおかげで1000投稿めを迎えることができました。  これからもうにをよろしくお願いします?  This is my 1000th instagram post! Thank you for the likes and comments as always.  When Uni was a kitten, I only posted once every 3 days or once every 5 days, but now I'm able to post almost every day thanks to everyone.  Please continue to watch over Uni?  #ミヌエット #funnycat #猫好きさんとつながりたい #catstagram #にゃんすたぐらむ #猫写真 #tuxedocat #meowed  #cutecat #bestmeow #instacat #9gag #9gagcute #一眼レフのある生活 #くつしたねこ",https://www.instagram.com/p/CxSod-5PEj7/
2023/9/18,,ぼくは強い！かっこいい！  I'm strong! I'm cool! :3  #ミヌエット #funnycat #猫好きさんとつながりたい #catstagram #にゃんすたぐらむ #猫写真 #tuxedocat #meowed  #cutecat #bestmeow #instacat #9gag #9gagcute #一眼レフのある生活 #くつしたねこ,https://www.instagram.com/p/CxVGVefvSII/
2023/9/19,"https://raw.githubusercontent.com/wangqi0821/uni-calendar-china/main/media/2023-09-19_11-13-24_1.jpg
https://raw.githubusercontent.com/wangqi0821/uni-calendar-china/main/media/2023-09-19_11-13-24_2.jpg",何かを考えた後に「スッ……」  Uni's right hand after thinking about something :3  #ミヌエット #funnycat #猫好きさんとつながりたい #catstagram #にゃんすたぐらむ #猫写真 #tuxedocat #meowed  #cutecat #bestmeow #instacat #9gag #9gagcute #一眼レフのある生活 #くつしたねこ,https://www.instagram.com/p/CxXw4H0Pkf2/
2023/9/20,https://raw.githubusercontent.com/wangqi0821/uni-calendar-china/main/media/2023-09-20_11-45-39.jpg,何でも話を聞きますよ  I'm all ears :3  #ミヌエット #funnycat #猫好きさんとつながりたい #catstagram #にゃんすたぐらむ #猫写真 #tuxedocat #meowed  #cutecat #bestmeow #instacat #9gag #9gagcute #一眼レフのある生活 #くつしたねこ,https://www.instagram.com/p/CxaZXGYPVMT/
2023/9/21,https://raw.githubusercontent.com/wangqi0821/uni-calendar-china/main/media/2023-09-21_11-32-43.jpg,ぼくはかっこいい！  I'm so cool! :3  #ミヌエット #funnycat #猫好きさんとつながりたい #catstagram #にゃんすたぐらむ #猫写真 #tuxedocat #meowed  #cutecat #bestmeow #instacat #9gag #9gagcute #一眼レフのある生活 #くつしたねこ,https://www.instagram.com/p/Cxc8rUZPHDZ/
2023/9/22,https://raw.githubusercontent.com/wangqi0821/uni-calendar-china/main/media/2023-09-22_11-30-31.jpg,"子猫の時からずっと「ぼくは最強！」  Ever since Uni was a kitten, ""I'm the strongest!""  #ミヌエット #funnycat #猫好きさんとつながりたい #catstagram #にゃんすたぐらむ #猫写真 #tuxedocat #meowed  #cutecat #bestmeow #instacat #9gag #9gagcute #一眼レフのある生活 #くつしたねこ",https://www.instagram.com/p/CxfhOAxvVz6/
2023/9/23,"https://raw.githubusercontent.com/wangqi0821/uni-calendar-china/main/media/2023-09-23_10-57-20_1.jpg
https://raw.githubusercontent.com/wangqi0821/uni-calendar-china/main/media/2023-09-23_10-57-20_2.jpg",丸っこくて可愛いね  So round so cute :3  #ミヌエット #funnycat #猫好きさんとつながりたい #catstagram #にゃんすたぐらむ #猫写真 #tuxedocat #meowed  #cutecat #bestmeow #instacat #9gag #9gagcute #一眼レフのある生活 #くつしたねこ,https://www.instagram.com/p/CxiCN8cP4TM/
2023/9/24,https://raw.githubusercontent.com/wangqi0821/uni-calendar-china/main/media/2023-09-24_11-30-27.jpg,ぼくは、うに。  I'm Uni :3  #ミヌエット #funnycat #猫好きさんとつながりたい #catstagram #にゃんすたぐらむ #猫写真 #tuxedocat #meowed  #cutecat #bestmeow #instacat #9gag #9gagcute #一眼レフのある生活 #くつしたねこ,https://www.instagram.com/p/CxkqzSevGvT/
2023/9/25,"https://raw.githubusercontent.com/wangqi0821/uni-calendar-china/main/media/2023-09-25_11-15-44.jpg
https://raw.githubusercontent.com/wangqi0821/uni-calendar-china/main/media/2023-09-25_11-15-44.mp4",うにが近寄ってきた！  Uni is approaching! :3  #ミヌエット #funnycat #猫好きさんとつながりたい #catstagram #にゃんすたぐらむ #猫写真 #tuxedocat #meowed  #cutecat #bestmeow #instacat #9gag #9gagcute #一眼レフのある生活 #くつしたねこ,https://www.instagram.com/p/CxnN1rqP8YK/
2023/9/26,"https://raw.githubusercontent.com/wangqi0821/uni-calendar-china/main/media/2023-09-26_12-05-52_1.jpg
https://raw.githubusercontent.com/wangqi0821/uni-calendar-china/main/media/2023-09-26_12-05-52_2.jpg
https://raw.githubusercontent.com/wangqi0821/uni-calendar-china/main/media/2023-09-26_12-05-52_3.jpg","うにが見つめてきたので指を入れてみたら、ぎゅっとしながら寝て可愛かった…  Uni was staring at me ,so when I touched his paws, he just fell asleep.  #ミヌエット #funnycat #猫好きさんとつながりたい #catstagram #にゃんすたぐらむ #猫写真 #tuxedocat #meowed  #cutecat #bestmeow #instacat #9gag #9gagcute #一眼レフのある生活 #くつしたねこ",https://www.instagram.com/p/Cxp4cbIvek9/
2023/9/27,https://raw.githubusercontent.com/wangqi0821/uni-calendar-china/main/media/2023-09-27_11-25-19.jpg,何だあの生き物は！  What is that creature!?  #ミヌエット #funnycat #猫好きさんとつながりたい #catstagram #にゃんすたぐらむ #猫写真 #tuxedocat #meowed  #cutecat #bestmeow #instacat #9gag #9gagcute #一眼レフのある生活 #くつしたねこ,https://www.instagram.com/p/CxsYmYJvGt7/
2023/9/28,https://raw.githubusercontent.com/wangqi0821/uni-calendar-china/main/media/2023-09-28_11-28-25.jpg,いつもキラキラおめめ?  Uni's eyes always light up :3  #ミヌエット #funnycat #猫好きさんとつながりたい #catstagram #にゃんすたぐらむ #猫写真 #tuxedocat #meowed  #cutecat #bestmeow #instacat #9gag #9gagcute #一眼レフのある生活 #くつしたねこ,https://www.instagram.com/p/Cxu9v9evl3s/
2023/9/29,"https://raw.githubusercontent.com/wangqi0821/uni-calendar-china/main/media/2023-09-29_10-59-27_1.jpg
https://raw.githubusercontent.com/wangqi0821/uni-calendar-china/main/media/2023-09-29_10-59-27_2.jpg
https://raw.githubusercontent.com/wangqi0821/uni-calendar-china/main/media/2023-09-29_10-59-27_3.jpg
https://raw.githubusercontent.com/wangqi0821/uni-calendar-china/main/media/2023-09-29_10-59-27_4.jpg
https://raw.githubusercontent.com/wangqi0821/uni-calendar-china/main/media/2023-09-29_10-59-27_4.mp4
https://raw.githubusercontent.com/wangqi0821/uni-calendar-china/main/media/2023-09-29_10-59-27_5.jpg
https://raw.githubusercontent.com/wangqi0821/uni-calendar-china/main/media/2023-09-29_10-59-27_5.mp4
https://raw.githubusercontent.com/wangqi0821/uni-calendar-china/main/media/2023-09-29_10-59-27_6.jpg
https://raw.githubusercontent.com/wangqi0821/uni-calendar-china/main/media/2023-09-29_10-59-27_6.mp4
https://raw.githubusercontent.com/wangqi0821/uni-calendar-china/main/media/2023-09-29_10-59-27_7.jpg
https://raw.githubusercontent.com/wangqi0821/uni-calendar-china/main/media/2023-09-29_10-59-27_7.mp4",Insta360 GO3をお試しさせて頂きました??  重さ35gと世界最小のアクションカメラで、うにと比べてもこの小ささ??  磁気ペンダントや簡易クリップが付属してあるのでシャツに付けたり、帽子等につけたりすると完全なハンズフリーで一人称視点の撮影ができます??  私はサングラスにつけるのがお気に入りでした！ （薄いレンズがベスト、レンズが歪んだり傷が入ったりするかもしれないので自己責任で）  猫を撫でるときの幸せそうな顔を「自分の目線」で残せる幸せ?????  色々なところにつけて、工夫次第で「自分にしか撮れないもの」が撮れると思います?  そしてとにかく手ブレに強い！ insta360GO3で撮ってみるとこんな感じです? 簡単に、躍動感のある動画が撮れて楽しい！  insta360(@insta360_jp ）のページもぜひ見て下さいね?  #PR #Insta360 #Insta360jp #Insta360のある生活 #インスタ360 #Insta360GO3,https://www.instagram.com/p/CxxfOrPvf-v/
2023/9/30,https://raw.githubusercontent.com/wangqi0821/uni-calendar-china/main/media/2023-09-30_11-29-38.jpg,威嚇してても可愛いだけ  Uni is cute even when he's intimidating!  #ミヌエット #funnycat #猫好きさんとつながりたい #catstagram #にゃんすたぐらむ #猫写真 #tuxedocat #meowed  #cutecat #bestmeow #instacat #9gag #9gagcute #一眼レフのある生活 #くつしたねこ,https://www.instagram.com/p/Cx0HenrvRkF/
2023/10/1,"https://raw.githubusercontent.com/wangqi0821/uni-calendar-china/main/media/2023-10-01_10-57-47_1.jpg
https://raw.githubusercontent.com/wangqi0821/uni-calendar-china/main/media/2023-10-01_10-57-47_2.jpg",新しい首輪です。どうですか？  Uni's new collar! How do I look?  #ミヌエット #funnycat #猫好きさんとつながりたい #catstagram #にゃんすたぐらむ #猫写真 #tuxedocat #meowed  #cutecat #bestmeow #instacat #9gag #9gagcute #一眼レフのある生活 #くつしたねこ,https://www.instagram.com/p/Cx2ooLAvMIE/
2023/10/2,https://raw.githubusercontent.com/wangqi0821/uni-calendar-china/main/media/2023-10-02_02-46-55.jpg,うにはハロウィンの準備を始めました?? （選ぶのに迷った2枚）  Uni has started preparing for Halloween! （Two photos that I had a hard time choosing）  #ミヌエット #funnycat #猫好きさんとつながりたい #catstagram #にゃんすたぐらむ #猫写真 #tuxedocat #meowed  #cutecat #bestmeow #instacat #9gag #9gagcute #一眼レフのある生活 #くつしたねこ,https://www.instagram.com/p/Cx5LEx2vl5U/
2023/10/2,"https://raw.githubusercontent.com/wangqi0821/uni-calendar-china/main/media/2023-10-02_10-37-16_1.jpg
https://raw.githubusercontent.com/wangqi0821/uni-calendar-china/main/media/2023-10-02_10-37-16_2.jpg",これは何だと思いますか？  What do you think this is?  #ミヌエット #funnycat #猫好きさんとつながりたい #catstagram #にゃんすたぐらむ  #tuxedocat #meowed  #cutecat  #くつしたねこ,https://www.instagram.com/p/Cx4VP1fPDMq/
2023/10/3,"https://raw.githubusercontent.com/wangqi0821/uni-calendar-china/main/media/2023-10-03_10-58-45_1.jpg
https://raw.githubusercontent.com/wangqi0821/uni-calendar-china/main/media/2023-10-03_10-58-45_2.jpg",uni! ????,https://www.instagram.com/p/Cx70OsBOhq9/
2023/10/3,"https://raw.githubusercontent.com/wangqi0821/uni-calendar-china/main/media/2023-10-03_11-15-22_1.jpg
https://raw.githubusercontent.com/wangqi0821/uni-calendar-china/main/media/2023-10-03_11-15-22_2.jpg",ぼくは最強！  I'm the strongest! :3  #ミヌエット #funnycat #猫好きさんとつながりたい #catstagram #にゃんすたぐらむ #猫写真 #tuxedocat #meowed  #cutecat #bestmeow #instacat #9gag #9gagcute #一眼レフのある生活 #くつしたねこ,https://www.instagram.com/p/Cx7yVB3vIHk/
2023/10/4,"https://raw.githubusercontent.com/wangqi0821/uni-calendar-china/main/media/2023-10-04_03-00-21_1.jpg
https://raw.githubusercontent.com/wangqi0821/uni-calendar-china/main/media/2023-10-04_03-00-21_2.jpg
https://raw.githubusercontent.com/wangqi0821/uni-calendar-china/main/media/2023-10-04_03-00-21_3.jpg",うにのぬいぐるみが初登場?? ちゃんと箱に入ってて可愛い…！  10月10日午後3時（米国東部標準時←注意）に注文可能となります?  うにはこのぬいぐるみが結構好きみたいです??  Uni plush coming on Oct 10th @ 3 pm est!  Uni loves this plush?? Both are so cute!!!  #ミヌエット #funnycat #猫好きさんとつながりたい #catstagram #にゃんすたぐらむ #猫写真 #tuxedocat #meowed  #cutecat #くつしたねこ #youtooz,https://www.instagram.com/p/Cx9gX_KPnHd/
2023/10/4,"https://raw.githubusercontent.com/wangqi0821/uni-calendar-china/main/media/2023-10-04_11-57-38_1.jpg
https://raw.githubusercontent.com/wangqi0821/uni-calendar-china/main/media/2023-10-04_11-57-38_2.jpg","年に一回のお風呂でした?? どんどん虚無になっていくうに…笑  年に一回と貴重なので、YouTubeもぜひ見て下さいね！ リンクはストーリーズにあります?  Soggy Uni 2023!  You can check it out on youtube.  Once a year event, so please take a look!  The link is in Stories??  #ミヌエット #funnycat #猫好きさんとつながりたい #catstagram #にゃんすたぐらむ #猫写真 #tuxedocat #meowed  #cutecat #bestmeow #instacat #9gag #9gagcute #一眼レフのある生活 #くつしたねこ",https://www.instagram.com/p/Cx-d3KJP4Il/
2023/10/4,https://raw.githubusercontent.com/wangqi0821/uni-calendar-china/main/media/2023-10-04_12-55-16.mp4,let’s paint uni together! ????,https://www.instagram.com/p/Cx-kW99OYyS/
2023/10/5,https://raw.githubusercontent.com/wangqi0821/uni-calendar-china/main/media/2023-10-05_03-07-37.jpg,ここにいるよ  I'm here :3  #ミヌエット #funnycat #猫好きさんとつながりたい #catstagram #にゃんすたぐらむ #猫写真 #tuxedocat #meowed  #cutecat #bestmeow #instacat #9gag #9gagcute #一眼レフのある生活 #くつしたねこ,https://www.instagram.com/p/CyA_CznP5pX/
2023/10/5,https://raw.githubusercontent.com/wangqi0821/uni-calendar-china/main/media/2023-10-05_11-26-04.jpg,??お知らせ　Notice??  この投稿にコメント& @youtooz  のアカウントをフォローすると、10日にうにのぬいぐるみが抽選で当たります！  日本の皆様もご参加頂けますのでどうぞよろしくお願いします???  comment & follow @youtooz  for a chance to win one of Uni plush dropping on the 10th??  #ミヌエット #funnycat #猫好きさんとつながりたい #catstagram #にゃんすたぐらむ #猫写真 #tuxedocat #meowed  #cutecat #bestmeow #instacat #くつしたねこ,https://www.instagram.com/p/CyAGADtPlJS/
2023/10/6,https://raw.githubusercontent.com/wangqi0821/uni-calendar-china/main/media/2023-10-06_11-29-34.mp4,ごはんの時間になるとこの顔です  This is Uni's face when it's time for dinner :3  #ミヌエット #funnycat #猫好きさんとつながりたい #catstagram #にゃんすたぐらむ #猫写真 #tuxedocat #meowed  #cutecat #bestmeow #instacat #9gag #9gagcute #一眼レフのある生活 #くつしたねこ,https://www.instagram.com/p/CyDkH7KpgOB/
2023/10/7,"https://raw.githubusercontent.com/wangqi0821/uni-calendar-china/main/media/2023-10-07_11-01-21_1.jpg
https://raw.githubusercontent.com/wangqi0821/uni-calendar-china/main/media/2023-10-07_11-01-21_2.jpg",何これ楽しい！  It's a lot of fun! :3  #ミヌエット #funnycat #猫好きさんとつながりたい #catstagram #にゃんすたぐらむ #猫写真 #tuxedocat #meowed  #cutecat #bestmeow #instacat #9gag #9gagcute #一眼レフのある生活 #くつしたねこ,https://www.instagram.com/p/CyGFzg3vx6N/
2023/10/8,"https://raw.githubusercontent.com/wangqi0821/uni-calendar-china/main/media/2023-10-08_10-36-27_1.jpg
https://raw.githubusercontent.com/wangqi0821/uni-calendar-china/main/media/2023-10-08_10-36-27_2.jpg
https://raw.githubusercontent.com/wangqi0821/uni-calendar-china/main/media/2023-10-08_10-36-27_3.jpg
https://raw.githubusercontent.com/wangqi0821/uni-calendar-china/main/media/2023-10-08_10-36-27_3.mp4",ブラッシングでご機嫌にさせました  I made Uni feel good by brushing :3  #ミヌエット #funnycat #猫好きさんとつながりたい #catstagram #にゃんすたぐらむ #猫写真 #tuxedocat #meowed  #cutecat #bestmeow #instacat #9gag #9gagcute #一眼レフのある生活 #くつしたねこ,https://www.instagram.com/p/CyInwAZP5fQ/
2023/10/9,"https://raw.githubusercontent.com/wangqi0821/uni-calendar-china/main/media/2023-10-09_12-15-19_1.jpg
https://raw.githubusercontent.com/wangqi0821/uni-calendar-china/main/media/2023-10-09_12-15-19_2.jpg","明日はぼくのぬいぐるみが出る日！ （と言っても日本時間だと11日の午前4時とかかな？）  At last, my plush is tomorrow…!!   My plush coming on Oct 10th @ 3 pm est!  #ミヌエット #funnycat #猫好きさんとつながりたい #catstagram #にゃんすたぐらむ #猫写真 #tuxedocat #meowed  #cutecat #bestmeow #instacat #youtooz",https://www.instagram.com/p/CyLX3EKvGqf/
2023/10/10,https://raw.githubusercontent.com/wangqi0821/uni-calendar-china/main/media/2023-10-10_10-52-44.jpg,うにと家族になった最初の日の写真  The picture of the first day we welcomed Uni to our family :3  #ミヌエット #funnycat #猫好きさんとつながりたい #catstagram #にゃんすたぐらむ #猫写真 #tuxedocat #meowed  #cutecat #bestmeow #instacat #9gag #9gagcute #一眼レフのある生活 #くつしたねこ,https://www.instagram.com/p/CyNzNBHvVDm/
2023/10/11,"https://raw.githubusercontent.com/wangqi0821/uni-calendar-china/main/media/2023-10-11_10-14-38_1.jpg
https://raw.githubusercontent.com/wangqi0821/uni-calendar-china/main/media/2023-10-11_10-14-38_2.jpg","Youtooz is available now?? Once it sells out it is gone forever, so don't miss out! Plush is only available for 2 weeks! :3  Link in Stories and Highlights?  うにのぬいぐるみ販売スタート！ 売り切れ次第終了となります。  世界中でご購入頂けます?2週間限定です！  リンクはストーリーズとハイライトにあります??  Get my Youtooz → http://youtooz.com",https://www.instagram.com/p/CyOx0_sSioi/
2023/10/11,,"うにの儀式です。 「何の儀式かは内緒です」  Uni is performing a ritual?? ""I can't say what the ritual is.""  #ミヌエット #funnycat #猫好きさんとつながりたい #catstagram #にゃんすたぐらむ #猫写真 #tuxedocat #meowed  #cutecat #bestmeow #instacat #9gag #9gagcute #一眼レフのある生活 #くつしたねこ",https://www.instagram.com/p/CyQTo3aPMVr/
2023/10/12,https://raw.githubusercontent.com/wangqi0821/uni-calendar-china/main/media/2023-10-12_10-52-01.jpg,「ぼくは最強！」   “I’m the strongest!”  #ミヌエット #funnycat #猫好きさんとつながりたい #catstagram #にゃんすたぐらむ #猫写真 #tuxedocat #meowed  #cutecat #bestmeow #instacat #9gag #9gagcute #一眼レフのある生活 #くつしたねこ,https://www.instagram.com/p/CyS8tnmvkxX/
2023/10/13,https://raw.githubusercontent.com/wangqi0821/uni-calendar-china/main/media/2023-10-13_11-47-40.jpg,"タキシード、蝶ネクタイ、立派なおヒゲ、そしてこの顔……かっこいいよ、うに！  Tuxedo, bow tie, grand whiskers, and this face……Uni is so cool! :3  #ミヌエット #funnycat #猫好きさんとつながりたい #catstagram #にゃんすたぐらむ #猫写真 #tuxedocat #meowed  #cutecat #bestmeow #instacat #9gag #9gagcute #一眼レフのある生活 #くつしたねこ",https://www.instagram.com/p/CyVn3_7v8mL/
2023/10/14,https://raw.githubusercontent.com/wangqi0821/uni-calendar-china/main/media/2023-10-14_10-32-50.mp4,"お風呂でも「ぼくは最強！」  Soggy Uni ""I'm the strongest!""  #ミヌエット #funnycat #猫好きさんとつながりたい #catstagram #にゃんすたぐらむ #猫写真 #tuxedocat #meowed  #cutecat #bestmeow #instacat #9gag #9gagcute #一眼レフのある生活 #くつしたねこ",https://www.instagram.com/p/CyYEBFqPVlg/
2023/10/15,https://raw.githubusercontent.com/wangqi0821/uni-calendar-china/main/media/2023-10-15_11-20-42.jpg,ぼく、ドラキュラ。  I'm a vampire :3  #ミヌエット #funnycat #猫好きさんとつながりたい #catstagram #にゃんすたぐらむ #猫写真 #tuxedocat #meowed  #cutecat #bestmeow #instacat #9gag #9gagcute #一眼レフのある生活 #くつしたねこ,https://www.instagram.com/p/CyauYSRvWps/
2023/10/16,"https://raw.githubusercontent.com/wangqi0821/uni-calendar-china/main/media/2023-10-16_11-39-27_1.jpg
https://raw.githubusercontent.com/wangqi0821/uni-calendar-china/main/media/2023-10-16_11-39-27_2.jpg","何でそんなに丸っこいの？  Uni, why are you so round? :3  #ミヌエット #funnycat #猫好きさんとつながりたい #catstagram #にゃんすたぐらむ #猫写真 #tuxedocat #meowed  #cutecat #bestmeow #instacat #9gag #9gagcute #一眼レフのある生活 #くつしたねこ",https://www.instagram.com/p/CydVUcFPDuq/
2023/10/17,https://raw.githubusercontent.com/wangqi0821/uni-calendar-china/main/media/2023-10-17_11-31-21.jpg,ぼくは強くなりすぎてしまった…  I have become too strong…  #ミヌエット #funnycat #猫好きさんとつながりたい #catstagram #にゃんすたぐらむ #猫写真 #tuxedocat #meowed  #cutecat #bestmeow #instacat #9gag #9gagcute #一眼レフのある生活 #くつしたねこ,https://www.instagram.com/p/Cyf5MCqPRnM/
2023/10/18,https://raw.githubusercontent.com/wangqi0821/uni-calendar-china/main/media/2023-10-18_11-05-22.jpg,子猫時代のうに  When Uni was a kitten :3  #ミヌエット #funnycat #猫好きさんとつながりたい #catstagram #にゃんすたぐらむ #猫写真 #tuxedocat #meowed  #cutecat #bestmeow #instacat #9gag #9gagcute #一眼レフのある生活 #くつしたねこ,https://www.instagram.com/p/CyibAp8vbJT/
2023/10/19,"https://raw.githubusercontent.com/wangqi0821/uni-calendar-china/main/media/2023-10-19_11-37-24_1.jpg
https://raw.githubusercontent.com/wangqi0821/uni-calendar-china/main/media/2023-10-19_11-37-24_2.jpg
https://raw.githubusercontent.com/wangqi0821/uni-calendar-china/main/media/2023-10-19_11-37-24_3.jpg",思わず吹き出してしまった！  I couldn't help but laugh! :3  #ミヌエット #funnycat #猫好きさんとつながりたい #catstagram #にゃんすたぐらむ #猫写真 #tuxedocat #meowed  #cutecat #bestmeow #instacat #9gag #9gagcute #一眼レフのある生活 #くつしたねこ,https://www.instagram.com/p/CylDeD_PlxV/
2023/10/20,https://raw.githubusercontent.com/wangqi0821/uni-calendar-china/main/media/2023-10-20_11-50-14.jpg,ぼくは最強のドラキュラ…  I'm the strongest vampire…  #ミヌエット #funnycat #猫好きさんとつながりたい #catstagram #にゃんすたぐらむ #猫写真 #tuxedocat #meowed  #cutecat #bestmeow #instacat #9gag #9gagcute #一眼レフのある生活 #くつしたねこ,https://www.instagram.com/p/Cynpu7IvJYM/
2023/10/21,"https://raw.githubusercontent.com/wangqi0821/uni-calendar-china/main/media/2023-10-21_11-13-03_1.jpg
https://raw.githubusercontent.com/wangqi0821/uni-calendar-china/main/media/2023-10-21_11-13-03_2.jpg",うにがこちらを見ている！  Uni is looking at you! :3  #ミヌエット #funnycat #猫好きさんとつながりたい #catstagram #にゃんすたぐらむ #猫写真 #tuxedocat #meowed  #cutecat #bestmeow #instacat #9gag #9gagcute #一眼レフのある生活 #くつしたねこ,https://www.instagram.com/p/CyqKRdsP3JZ/
2023/10/22,https://raw.githubusercontent.com/wangqi0821/uni-calendar-china/main/media/2023-10-22_11-01-11.mp4,ハロウィンうに！  Halloween Uni! :3  #ミヌエット #funnycat #猫好きさんとつながりたい #catstagram #にゃんすたぐらむ #猫写真 #tuxedocat #meowed  #cutecat #bestmeow #instacat #9gag #9gagcute #一眼レフのある生活 #くつしたねこ,https://www.instagram.com/p/CystZW8vVBS/
2023/10/23,https://raw.githubusercontent.com/wangqi0821/uni-calendar-china/main/media/2023-10-23_11-35-13.jpg,うにとハイタッチ！  Give Uni high five! :3  #ミヌエット #funnycat #猫好きさんとつながりたい #catstagram #にゃんすたぐらむ #猫写真 #tuxedocat #meowed  #cutecat #bestmeow #instacat #9gag #9gagcute #一眼レフのある生活 #くつしたねこ,https://www.instagram.com/p/CyvWZn6Psb9/
2023/10/24,https://raw.githubusercontent.com/wangqi0821/uni-calendar-china/main/media/2023-10-24_10-03-27.mp4,"【 Finally, only 8 hours left! 】  It has been our dream to have UNI PLUSH!! So cute and Uni has got a new friend. Thanks to all of you!!  Some people say it doesn't look like Uni, but it's actually very cute??  Thank you for purchasing?? Look forward to February!  And only 8 hours left!  Once it sells out it is gone forever. The link is in the stories!  うにぬいぐるみの販売もいよいよ今日までとなりました。  うにぬいぐるみを持つことは私たちの夢でした。 みなさんのおかげでその夢を叶えることができました。 本当にありがとうございます！  「うにに似てない」と言う人もいますが、実際はとても可愛いんですよ??  購入してくれた方ありがとうございます！ 2月をお楽しみに！  そして、あと9時間です。 リンクはストーリーズにあります?  ??リンク先は英語ですが、世界中で購入することができます?",https://www.instagram.com/p/Cyxv-ywvSNi/
2023/10/25,"https://raw.githubusercontent.com/wangqi0821/uni-calendar-china/main/media/2023-10-25_12-12-09_1.jpg
https://raw.githubusercontent.com/wangqi0821/uni-calendar-china/main/media/2023-10-25_12-12-09_2.jpg
https://raw.githubusercontent.com/wangqi0821/uni-calendar-china/main/media/2023-10-25_12-12-09_3.jpg",ぼくはドラキュラ…怖いぞー  最強の牙もある！  I'm a vampire...I'm so scary...  I have the strongest fangs!  #ミヌエット #funnycat #猫好きさんとつながりたい #catstagram #にゃんすたぐらむ #猫写真 #tuxedocat #meowed  #cutecat #bestmeow #instacat #9gag #9gagcute #一眼レフのある生活 #くつしたねこ,https://www.instagram.com/p/Cy0kN3VPE8k/
2023/10/26,"https://raw.githubusercontent.com/wangqi0821/uni-calendar-china/main/media/2023-10-26_11-37-48_1.jpg
https://raw.githubusercontent.com/wangqi0821/uni-calendar-china/main/media/2023-10-26_11-37-48_2.jpg
https://raw.githubusercontent.com/wangqi0821/uni-calendar-china/main/media/2023-10-26_11-37-48_3.jpg
https://raw.githubusercontent.com/wangqi0821/uni-calendar-china/main/media/2023-10-26_11-37-48_4.jpg",うちの小悪魔にちゅ?るの貢ぎ物  I gave churu to our little devil :3  #ミヌエット #funnycat #猫好きさんとつながりたい #catstagram #にゃんすたぐらむ #猫写真 #tuxedocat #meowed  #cutecat #bestmeow #instacat #9gag #9gagcute #一眼レフのある生活 #くつしたねこ,https://www.instagram.com/p/Cy3FFL2vFF_/
2023/10/27,"https://raw.githubusercontent.com/wangqi0821/uni-calendar-china/main/media/2023-10-27_10-30-49_1.jpg
https://raw.githubusercontent.com/wangqi0821/uni-calendar-china/main/media/2023-10-27_10-30-49_2.jpg
https://raw.githubusercontent.com/wangqi0821/uni-calendar-china/main/media/2023-10-27_10-30-49_3.jpg","サンスターさん（@qais.jp）のペット専用除菌脱臭機「QAIS-air- 04A1J」をお試しさせて頂きました??  我が家は4匹猫がいて、トイレの数も多いです。 猫がトイレをした後はすぐに片づけるようにしてますが、仕事等で不在の時は４匹分のトイレが???どうしてもニオイが気になるときがあります??  これまではニオイが気になるときは消臭スプレーに頼ってました。  そんな中このお話を頂いて、とりあえず数日試してみたところ???  トイレをしたかどうか分からないレベルでにおわない！  「すごっ！」とひとりごとが出たくらいです??  ちなみに、違う部屋のトイレはこの脱臭機を置いてないのですが、なんとニオイの違いが分かってしまいました??  今までそこまで感じなかったのに???多分鼻が慣れてしまってたんでしょうね。  見た目もシンプルでおしゃれですよね? そして何よりうれしいのがフィルターがないので、フィルターの交換をしなくて済むこと?? お手入れがとっても楽なのです～！！  また今回?除菌消臭スプレー「QAIS -clear-」? もお試しさせて頂きました??  “次亜塩素酸水”の力でニオイを元から消臭！ ペットのニオイだけでなく、服や布製品のニオイ、空間のニオイ等色々な場面で使えます??  ペットが舐めてしまっても大丈夫な成分ということでとても安心です?? 除菌ケアも行えるので「ちょっと気になる」と思ったところをペットに気兼ねなくお掃除できますね?  服は感動するレベルでニオイが取れましたし、個人的には１本にたっぷりの量が入っているのが嬉しかったです！ そしてボトルのシンプルさも気に入りました。 オシャレボトル??  最後に、嬉しいお知らせも！ ———————————————— QAIS-air-04シリーズが価格改定され、 単品は38,500円→32,800円にお値下げされたとのこと！   なんと旧価格に比べて5,700円もお安くなってます ?? 2Packは69,800円→59,800に！  さらに、サンスターQAISオンラインストア限定クーポンも発行中です??  「CMCP55」のコード入力で3,000円引きで購入できます?? トータルでだいぶお安くなりますね（家計にありがたい???）   ぜひ使ってくださいね ?? ▼サンスターQAISオンラインストア▼ https://qr.papS.jp/u0ui5  楽天市場店、Amazonでも随時キャンペーンが開催されているみたいです！ ぜひチェックしてみてくださいね??  ————————————————  ちなみに音はほとんど無音で、我が家の猫も最初から誰も警戒してませんでした??  オシッコの強烈なニオイ、便のニオイ（便の時はMAXボタンがおすすめ！）が気になる方には全力でおすすめします！！  #SUNSTAR #サンスター #QAISair #QAISair04A1J #QAISclear #ペット想いの除菌脱臭機 #脱臭機 #上からキャッチ #除菌消臭スプレー #ペットのニオイ #カラダがよろこぶ空気 #FurryFresh #pr",https://www.instagram.com/p/Cy5iNbFvaNy/
2023/10/28,https://raw.githubusercontent.com/wangqi0821/uni-calendar-china/main/media/2023-10-28_11-13-33.jpg,"「とりっくおあとりーと！」  うに、まだハロウィンには早いよ??  ""Trick or Treat!"" Uni, no, it is still early on Halloween??  #ミヌエット #funnycat #猫好きさんとつながりたい #catstagram #にゃんすたぐらむ #猫写真 #tuxedocat #meowed  #cutecat #bestmeow #instacat #9gag #9gagcute #一眼レフのある生活 #くつしたねこ",https://www.instagram.com/p/Cy8L5TNPzH1/
2023/10/29,https://raw.githubusercontent.com/wangqi0821/uni-calendar-china/main/media/2023-10-29_11-37-24.mp4,ハロウィンにはおやつがいっぱいもらえるの！？  Can I get a lot of treats on Halloween!!??  #ミヌエット #funnycat #猫好きさんとつながりたい #catstagram #にゃんすたぐらむ #猫写真 #tuxedocat #meowed  #cutecat #bestmeow #instacat #9gag #9gagcute #一眼レフのある生活 #くつしたねこ,https://www.instagram.com/p/Cy-zRd5P8gq/
2023/10/30,https://raw.githubusercontent.com/wangqi0821/uni-calendar-china/main/media/2023-10-30_12-08-27.jpg,明日はハロウィン！  ハロウィンうにの写真を撮りすぎました… 可愛すぎてついつい。 投稿しきれないのは来年のせます??  Tomorrow is Halloween!  I took too many photos of Halloween Uni to post them all. I will post them next year??  #ミヌエット #funnycat #猫好きさんとつながりたい #catstagram #にゃんすたぐらむ #猫写真 #tuxedocat #meowed  #cutecat #bestmeow #instacat #9gag #9gagcute #一眼レフのある生活 #くつしたねこ,https://www.instagram.com/p/CzBbxJPP-s5/
2023/10/31,https://raw.githubusercontent.com/wangqi0821/uni-calendar-china/main/media/2023-10-31_11-07-26.mp4,Trick or Treat! :3  #ミヌエット #funnycat #猫好きさんとつながりたい #catstagram #にゃんすたぐらむ #猫写真 #tuxedocat #meowed  #cutecat #bestmeow #instacat #9gag #9gagcute #一眼レフのある生活 #くつしたねこ,https://www.instagram.com/p/CzD5itTPKRN/
2023/11/1,https://raw.githubusercontent.com/wangqi0821/uni-calendar-china/main/media/2023-11-01_10-34-32.mp4,"「うには鳴くの？」と最近よく聞かれるので……うにの鳴き声です。  I'm often asked ""Does Uni meow?"", so here's Uni's meow!  #ミヌエット #funnycat #猫好きさんとつながりたい #catstagram #にゃんすたぐらむ #猫写真 #tuxedocat #meowed  #cutecat #bestmeow #instacat #9gag #9gagcute #一眼レフのある生活 #くつしたねこ",https://www.instagram.com/p/CzGaaStP4QG/
2023/11/2,https://raw.githubusercontent.com/wangqi0821/uni-calendar-china/main/media/2023-11-02_11-28-14.jpg,何だあの生き物は！  What is that creature!?  #ミヌエット #funnycat #猫好きさんとつながりたい #catstagram #にゃんすたぐらむ #猫写真 #tuxedocat #meowed  #cutecat #bestmeow #instacat #9gag #9gagcute #一眼レフのある生活 #くつしたねこ,https://www.instagram.com/p/CzJFjP9PQWh/
2023/11/3,https://raw.githubusercontent.com/wangqi0821/uni-calendar-china/main/media/2023-11-03_11-38-26.jpg,はい！ぼくが最強です！  Yes! I'm the strongest! :3  #ミヌエット #funnycat #猫好きさんとつながりたい #catstagram #にゃんすたぐらむ #猫写真 #tuxedocat #meowed  #cutecat #bestmeow #instacat #9gag #9gagcute #一眼レフのある生活 #くつしたねこ,https://www.instagram.com/p/CzLrgypPfEC/
2023/11/4,https://raw.githubusercontent.com/wangqi0821/uni-calendar-china/main/media/2023-11-04_11-24-37.jpg,ここにいるよ  I'm here :3  #ミヌエット #funnycat #猫好きさんとつながりたい #catstagram #にゃんすたぐらむ #猫写真 #tuxedocat #meowed  #cutecat #bestmeow #instacat #9gag #9gagcute #一眼レフのある生活 #くつしたねこ,https://www.instagram.com/p/CzOOubqvh5R/
2023/11/5,https://raw.githubusercontent.com/wangqi0821/uni-calendar-china/main/media/2023-11-05_11-29-53.jpg,かかってこい！  Bring it on! :3  #ミヌエット #funnycat #猫好きさんとつながりたい #catstagram #にゃんすたぐらむ #猫写真 #tuxedocat #meowed  #cutecat #bestmeow #instacat #9gag #9gagcute #一眼レフのある生活 #くつしたねこ,https://www.instagram.com/p/CzQ0H9zv1cb/
2023/11/6,https://raw.githubusercontent.com/wangqi0821/uni-calendar-china/main/media/2023-11-06_12-11-14.jpg,なんだあの生き物は！  What is that creature!?  #ミヌエット #funnycat #猫好きさんとつながりたい #catstagram #にゃんすたぐらむ #猫写真 #tuxedocat #meowed  #cutecat #bestmeow #instacat #9gag #9gagcute #一眼レフのある生活 #くつしたねこ,https://www.instagram.com/p/CzTdptEvNok/
2023/11/7,https://raw.githubusercontent.com/wangqi0821/uni-calendar-china/main/media/2023-11-07_11-18-25.jpg,うにの子猫時代  When Uni was a kitten  #ミヌエット #funnycat #猫好きさんとつながりたい #catstagram #にゃんすたぐらむ #猫写真 #tuxedocat #meowed  #cutecat #bestmeow #instacat #9gag #9gagcute #一眼レフのある生活 #くつしたねこ,https://www.instagram.com/p/CzV8ZpUvweQ/
2023/11/8,https://raw.githubusercontent.com/wangqi0821/uni-calendar-china/main/media/2023-11-08_11-35-57.mp4,最強になる瞬間！  The moment Uni becomes the strongest! :3  #ミヌエット #funnycat #猫好きさんとつながりたい #catstagram #にゃんすたぐらむ #猫写真 #tuxedocat #meowed  #cutecat #bestmeow #instacat #9gag #9gagcute #一眼レフのある生活 #くつしたねこ,https://www.instagram.com/p/CzYjBY6PqDN/
2023/11/9,https://raw.githubusercontent.com/wangqi0821/uni-calendar-china/main/media/2023-11-09_12-23-33.jpg,ここにいるよ  I'm here :3  #ミヌエット #funnycat #猫好きさんとつながりたい #catstagram #にゃんすたぐらむ #猫写真 #tuxedocat #meowed  #cutecat #bestmeow #instacat #9gag #9gagcute #一眼レフのある生活 #くつしたねこ,https://www.instagram.com/p/CzbNceEP2IW/
2023/11/10,https://raw.githubusercontent.com/wangqi0821/uni-calendar-china/main/media/2023-11-10_11-36-08.jpg,うに、1歳の時  When Uni was 1 year old  #ミヌエット #funnycat #猫好きさんとつながりたい #catstagram #にゃんすたぐらむ #猫写真 #tuxedocat #meowed  #cutecat #bestmeow #instacat #9gag #9gagcute #一眼レフのある生活 #くつしたねこ,https://www.instagram.com/p/Czds0HYvO6Q/
2023/11/11,https://raw.githubusercontent.com/wangqi0821/uni-calendar-china/main/media/2023-11-11_11-42-37.mp4,ここにいるよ…  I'm here…  （#fnaf ?????）  #ミヌエット #funnycat #猫好きさんとつながりたい #catstagram #にゃんすたぐらむ #猫写真 #tuxedocat #meowed  #cutecat #bestmeow #instacat #fnaf #9gagcute #一眼レフのある生活 #fivenightsatfreddys,https://www.instagram.com/p/CzgRzw4P5dn/
2023/11/12,"https://raw.githubusercontent.com/wangqi0821/uni-calendar-china/main/media/2023-11-12_12-13-08_1.jpg
https://raw.githubusercontent.com/wangqi0821/uni-calendar-china/main/media/2023-11-12_12-13-08_2.jpg",ぼくは強くなりすぎてしまった…  I have become too strong…  #ミヌエット #funnycat #猫好きさんとつながりたい #catstagram #にゃんすたぐらむ #猫写真 #tuxedocat #meowed  #cutecat #bestmeow #instacat #9gag #9gagcute #一眼レフのある生活 #くつしたねこ,https://www.instagram.com/p/Czi6o19Pkj0/
2023/11/13,"https://raw.githubusercontent.com/wangqi0821/uni-calendar-china/main/media/2023-11-13_10-48-06_1.jpg
https://raw.githubusercontent.com/wangqi0821/uni-calendar-china/main/media/2023-11-13_10-48-06_2.jpg
https://raw.githubusercontent.com/wangqi0821/uni-calendar-china/main/media/2023-11-13_10-48-06_2.mp4
https://raw.githubusercontent.com/wangqi0821/uni-calendar-china/main/media/2023-11-13_10-48-06_3.jpg
https://raw.githubusercontent.com/wangqi0821/uni-calendar-china/main/media/2023-11-13_10-48-06_3.mp4
https://raw.githubusercontent.com/wangqi0821/uni-calendar-china/main/media/2023-11-13_10-48-06_4.jpg
https://raw.githubusercontent.com/wangqi0821/uni-calendar-china/main/media/2023-11-13_10-48-06_5.jpg
https://raw.githubusercontent.com/wangqi0821/uni-calendar-china/main/media/2023-11-13_10-48-06_6.jpg","?? Insta360 GO3のご紹介です??  Insta360 GO3は重さ35gと世界最小のアクションカメラ！ 小さすぎて、うにの首輪に付けても全く嫌がりませんでした??  首輪に付けると、こういう「うに目線」の動画が撮れます?? アクリルトンネルもすいすい～?  また、手ブレにも本当に強く、おやつをあげながら撮ってもブレにくいです??  最近私は「ミニ見えない自撮り棒＋三脚」を購入したのですが、これがあると撮る幅が広がってまた撮りやすかったです??  購入しなくても3つのアクセサリーがついているので、工夫次第で楽しい動画、写真が撮れますよ???  ーーーーーーーーーーーーー そして今なら！！！  ?＼最大30%OFF！年間最大級のビッグセール／ Insta360ブラックフライデーセールが開催中です！！  ■ 開催期間 2023年11月13日（月）～12月3日（日）  ■GO3のご購入 57,500円→54,600円、5%OFF！！  https://store.insta360.com/product/go-3?insrc=INRMZF0 （リンクはストーリーズとハイライトに置いときますね）  ーーーーーーーーーーーーー  これまでとは違う動画を撮りたい方、特にアクションカメラに興味のある方はぜひ @insta360_jp  のページかストーリーズのリンクを見てみて下さいね??  #PR #Insta360 #Insta360jp #Insta360のある生活 #インスタ360 #Insta360GO3",https://www.instagram.com/p/CzlVs6Mvx2X/
2023/11/14,https://raw.githubusercontent.com/wangqi0821/uni-calendar-china/main/media/2023-11-14_11-09-35.mp4,"Insta360 GO3は重さ35gと世界最小のアクションカメラ?  「首輪につけたら嫌がるかな？」と心配しましたが、うには全然でした！  手ぶれにも本当に強いので楽しい動画や写真がいっぱい撮れますよ??? ーーーーーーーーーーーーー そして今なら！！！  ?＼最大30%OFF！年間最大級のビッグセール／ Insta360ブラックフライデーセールが開催中です！！  ■ 開催期間 2023年11月13日（月）～12月3日（日）  ■GO3のご購入 57,500円→54,600円、5%OFF！！  https://store.insta360.com/product/go-3?insrc=INRMZF0 （リンクはストーリーズとハイライトに置いときますね）  簡単に操作できて、でも本格的なアクションカメラをご検討中の方はぜひハイライトのリンク、または @insta360_jp を見てみて下さいね??  #PR #Insta360 #Insta360jp #Insta360のある生活 #インスタ360 #Insta360GO3",https://www.instagram.com/p/Czn86B4Pzls/
2023/11/15,https://raw.githubusercontent.com/wangqi0821/uni-calendar-china/main/media/2023-11-15_12-12-04.jpg,"おかえりなさい。  Hi, how was your day? :3  #ミヌエット #funnycat #猫好きさんとつながりたい #catstagram #にゃんすたぐらむ #猫写真 #tuxedocat #meowed  #cutecat #bestmeow #instacat #9gag #9gagcute #一眼レフのある生活 #くつしたねこ",https://www.instagram.com/p/Czqo5lqviAM/
2023/11/16,https://raw.githubusercontent.com/wangqi0821/uni-calendar-china/main/media/2023-11-16_12-10-56.jpg,ぼくはライオンかトラなんだと思う！  I'm sure I'm a lion or a tiger! :3  #ミヌエット #funnycat #猫好きさんとつながりたい #catstagram #にゃんすたぐらむ #猫写真 #tuxedocat #meowed  #cutecat #bestmeow #instacat #9gag #9gagcute #一眼レフのある生活 #くつしたねこ,https://www.instagram.com/p/CztNkNKPJdu/
2023/11/17,https://raw.githubusercontent.com/wangqi0821/uni-calendar-china/main/media/2023-11-17_11-16-44.jpg,何だあの生き物は！  What is that creature!!??  #ミヌエット #funnycat #猫好きさんとつながりたい #catstagram #にゃんすたぐらむ #猫写真 #tuxedocat #meowed  #cutecat #bestmeow #instacat #9gag #9gagcute #一眼レフのある生活 #くつしたねこ,https://www.instagram.com/p/CzvsKHKPqng/
2023/11/18,https://raw.githubusercontent.com/wangqi0821/uni-calendar-china/main/media/2023-11-18_12-16-17.mp4,"右見て、左見て……うに！  Look right, look left…Uni! :3  #ミヌエット #funnycat #猫好きさんとつながりたい #catstagram #にゃんすたぐらむ #猫写真 #tuxedocat #meowed  #cutecat #bestmeow #instacat #9gag #9gagcute #一眼レフのある生活 #くつしたねこ",https://www.instagram.com/p/CzyXmcPv78d/
2023/11/19,https://raw.githubusercontent.com/wangqi0821/uni-calendar-china/main/media/2023-11-19_11-56-40.jpg,あれは何！？  Uni “What is that!?”  #ミヌエット #funnycat #猫好きさんとつながりたい #catstagram #にゃんすたぐらむ #猫写真 #tuxedocat #meowed  #cutecat #bestmeow #instacat #9gag #9gagcute #一眼レフのある生活 #くつしたねこ,https://www.instagram.com/p/Cz06USnvy4y/
2023/11/20,"https://raw.githubusercontent.com/wangqi0821/uni-calendar-china/main/media/2023-11-20_12-14-19_1.jpg
https://raw.githubusercontent.com/wangqi0821/uni-calendar-china/main/media/2023-11-20_12-14-19_2.jpg
https://raw.githubusercontent.com/wangqi0821/uni-calendar-china/main/media/2023-11-20_12-14-19_3.jpg","何も考えずに猫用マフラーを編んでたら、大きすぎました！  次回はもう少し考えて編むことにします…  I knitted a scarf for my cats, but it was too puffy! Next time I will knit with a little more thought…  #ミヌエット #funnycat #猫好きさんとつながりたい #catstagram #にゃんすたぐらむ #猫写真 #tuxedocat #meowed  #cutecat #bestmeow #instacat #9gag #9gagcute #一眼レフのある生活 #くつしたねこ",https://www.instagram.com/p/Cz3hIjAP9cY/
2023/11/21,https://raw.githubusercontent.com/wangqi0821/uni-calendar-china/main/media/2023-11-21_11-44-53.jpg,うにが近寄ってきた！  Uni is approaching! :3  #ミヌエット #funnycat #猫好きさんとつながりたい #catstagram #にゃんすたぐらむ #猫写真 #tuxedocat #meowed  #cutecat #bestmeow #instacat #9gag #9gagcute #一眼レフのある生活 #くつしたねこ,https://www.instagram.com/p/Cz6Cjv4vyX6/
2023/11/22,https://raw.githubusercontent.com/wangqi0821/uni-calendar-china/main/media/2023-11-22_12-42-00.jpg,うにを見ているだけで疲れが吹き飛ぶ日々です  Just seeing Uni makes my tiredness vanish :3  #ミヌエット #funnycat #猫好きさんとつながりたい #catstagram #にゃんすたぐらむ #猫写真 #tuxedocat #meowed  #cutecat #bestmeow #instacat #9gag #9gagcute #一眼レフのある生活 #くつしたねこ,https://www.instagram.com/p/Cz8t49LPws-/
2023/11/23,https://raw.githubusercontent.com/wangqi0821/uni-calendar-china/main/media/2023-11-23_12-27-54.mp4,"箱に吸い込まれて「ω」がくっきり！  When Uni enters this box, he becomes more "":3""  #ミヌエット #funnycat #猫好きさんとつながりたい #catstagram #にゃんすたぐらむ #猫写真 #tuxedocat #meowed  #cutecat #bestmeow #instacat #9gag #9gagcute #一眼レフのある生活 #くつしたねこ",https://www.instagram.com/p/Cz_Qy89PW7f/
2023/11/24,https://raw.githubusercontent.com/wangqi0821/uni-calendar-china/main/media/2023-11-24_10-51-17.jpg,ぼくは、うに！  I'm Uni! :3  #ミヌエット #funnycat #猫好きさんとつながりたい #catstagram #にゃんすたぐらむ #猫写真 #tuxedocat #meowed  #cutecat #bestmeow #instacat #9gag #9gagcute #一眼レフのある生活 #くつしたねこ,https://www.instagram.com/p/C0BqzyQPVIl/
2023/11/25,https://raw.githubusercontent.com/wangqi0821/uni-calendar-china/main/media/2023-11-25_11-47-08.jpg,ぼくはライオン！最強！  I'm a lion! I'm the strongest! :3  #ミヌエット #funnycat #猫好きさんとつながりたい #catstagram #にゃんすたぐらむ #猫写真 #tuxedocat #meowed  #cutecat #bestmeow #instacat #9gag #9gagcute #一眼レフのある生活 #くつしたねこ,https://www.instagram.com/p/C0EV_zTvxst/
2023/11/26,https://raw.githubusercontent.com/wangqi0821/uni-calendar-china/main/media/2023-11-26_12-47-41.jpg,このぼくに勝てるかな？  Nobody can beat me! :3  #ミヌエット #funnycat #猫好きさんとつながりたい #catstagram #にゃんすたぐらむ #猫写真 #tuxedocat #meowed  #cutecat #bestmeow #instacat #9gag #9gagcute #一眼レフのある生活 #くつしたねこ,https://www.instagram.com/p/C0HBuD4vb6X/
2023/11/27,https://raw.githubusercontent.com/wangqi0821/uni-calendar-china/main/media/2023-11-27_11-40-48.mp4,蝶ネクタイを直した後に…ドヤッ！  After I adjusted Uni's bow tie…smug face! :3  #ミヌエット #funnycat #猫好きさんとつながりたい #catstagram #にゃんすたぐらむ #猫写真 #tuxedocat #meowed  #cutecat #bestmeow #instacat #9gag #9gagcute #一眼レフのある生活 #くつしたねこ,https://www.instagram.com/p/C0JexCCvNPP/
2023/11/28,https://raw.githubusercontent.com/wangqi0821/uni-calendar-china/main/media/2023-11-28_11-47-22.jpg,ここにいるよ…  I'm here…  （Five Nights at Uni's???）  #ミヌエット #funnycat #猫好きさんとつながりたい #catstagram #にゃんすたぐらむ #猫写真 #tuxedocat #meowed  #cutecat #bestmeow #instacat #9gag #9gagcute #一眼レフのある生活 #くつしたねこ,https://www.instagram.com/p/C0MEaFrPK6a/
2023/11/29,https://raw.githubusercontent.com/wangqi0821/uni-calendar-china/main/media/2023-11-29_11-46-24.jpg,とっても楽しい！  Uni is having a lot of fun! :3  #ミヌエット #funnycat #猫好きさんとつながりたい #catstagram #にゃんすたぐらむ #猫写真 #tuxedocat  #cutecat #bestmeow #instacat #9gag #一眼レフのある生活,https://www.instagram.com/p/C0OpF65v0bi/
2023/11/30,https://raw.githubusercontent.com/wangqi0821/uni-calendar-china/main/media/2023-11-30_12-16-57.jpg,遊んでる時のうに  Uni when playing :3  #ミヌエット #funnycat #猫好きさんとつながりたい #catstagram #にゃんすたぐらむ #猫写真 #tuxedocat #cutecat #bestmeow #instacat #9gag #9gagcute #一眼レフのある生活 #くつしたねこ,https://www.instagram.com/p/C0RRYd8PJ-x/
2023/12/1,https://raw.githubusercontent.com/wangqi0821/uni-calendar-china/main/media/2023-12-01_11-12-02.mp4,うにと目が合う動画  You can make eye contact with Uni! :3  #ミヌエット #funnycat #猫好きさんとつながりたい #catstagram #にゃんすたぐらむ #猫写真 #tuxedocat #cutecat #bestmeow #instacat #9gag #9gagcute #一眼レフのある生活 #くつしたねこ,https://www.instagram.com/p/C0TupYsvDeA/
2023/12/2,https://raw.githubusercontent.com/wangqi0821/uni-calendar-china/main/media/2023-12-02_11-12-17.jpg,おててないない！  Uni loaf :3  #ミヌエット #funnycat #猫好きさんとつながりたい #catstagram #にゃんすたぐらむ #猫写真 #tuxedocat #cutecat #bestmeow #instacat #9gag #9gagcute #一眼レフのある生活 #くつしたねこ,https://www.instagram.com/p/C0WTkqxPBDW/
2023/12/3,https://raw.githubusercontent.com/wangqi0821/uni-calendar-china/main/media/2023-12-03_11-27-37.jpg,the catimatronic does get a bit quirky at night.... 　  （#fnaf ???） （よく見ると目の中にハートがあります?）  #ミヌエット #funnycat #猫好きさんとつながりたい #catstagram #にゃんすたぐらむ #猫写真 #tuxedocat #cutecat #bestmeow #instacat #9gag #9gagcute #一眼レフのある生活 #くつしたねこ,https://www.instagram.com/p/C0Y6HwvvU1-/
2023/12/4,https://raw.githubusercontent.com/wangqi0821/uni-calendar-china/main/media/2023-12-04_12-47-13.jpg,12月といえばうにサンタ！  December is about Uni Santa! :3  #ミヌエット #funnycat #猫好きさんとつながりたい #catstagram #にゃんすたぐらむ #猫写真 #tuxedocat #cutecat #bestmeow #instacat #9gag #9gagcute #一眼レフのある生活 #くつしたねこ,https://www.instagram.com/p/C0boBtJPsJX/
2023/12/5,https://raw.githubusercontent.com/wangqi0821/uni-calendar-china/main/media/2023-12-05_11-43-10.mp4,遊んでる時のうにはとっても可愛い！  Uni is so cute when he is playing! :3  #ミヌエット #funnycat #猫好きさんとつながりたい #catstagram #にゃんすたぐらむ #猫写真 #tuxedocat #cutecat #bestmeow #instacat #9gag #9gagcute #一眼レフのある生活 #くつしたねこ,https://www.instagram.com/p/C0eFQrEPEto/
2023/12/6,https://raw.githubusercontent.com/wangqi0821/uni-calendar-china/main/media/2023-12-06_12-30-09.jpg,そろそろおやつかな…？  It’s about time for treats…?  #ミヌエット #funnycat #猫好きさんとつながりたい #catstagram #にゃんすたぐらむ #猫写真 #tuxedocat #cutecat #bestmeow #instacat #9gag #9gagcute #一眼レフのある生活 #くつしたねこ,https://www.instagram.com/p/C0gvqZ0vTLm/
2023/12/7,https://raw.githubusercontent.com/wangqi0821/uni-calendar-china/main/media/2023-12-07_12-18-00.jpg,どれが本物のうに？  Which one is the real Uni?  #ミヌエット #funnycat #猫好きさんとつながりたい #catstagram #にゃんすたぐらむ #猫写真 #tuxedocat #cutecat #bestmeow #instacat #9gag #9gagcute #一眼レフのある生活 #くつしたねこ,https://www.instagram.com/p/C0jTETDPqEi/
2023/12/8,https://raw.githubusercontent.com/wangqi0821/uni-calendar-china/main/media/2023-12-08_12-32-54.mp4,久しぶりにこの曲を使いました  I used this song for the first time in a while!  #ミヌエット #funnycat #猫好きさんとつながりたい #catstagram #にゃんすたぐらむ #猫写真 #tuxedocat #cutecat #bestmeow #instacat #9gag #maxwellthecat,https://www.instagram.com/p/C0l4y8rPdci/
2023/12/9,https://raw.githubusercontent.com/wangqi0821/uni-calendar-china/main/media/2023-12-09_12-43-04.jpg,ぼくは、うに  I'm Uni :3  #ミヌエット #funnycat #猫好きさんとつながりたい #catstagram #にゃんすたぐらむ #猫写真 #tuxedocat #cutecat #bestmeow #instacat #9gag #9gagcute #一眼レフのある生活 #くつしたねこ,https://www.instagram.com/p/C0ofhpBPNd2/
2023/12/10,"https://raw.githubusercontent.com/wangqi0821/uni-calendar-china/main/media/2023-12-10_12-01-35_1.jpg
https://raw.githubusercontent.com/wangqi0821/uni-calendar-china/main/media/2023-12-10_12-01-35_2.jpg",ぼくはうにクロース！  I'm Uni Claus! :3  #ミヌエット #funnycat #猫好きさんとつながりたい #catstagram #にゃんすたぐらむ #猫写真 #tuxedocat #cutecat #bestmeow #instacat #9gag #9gagcute #一眼レフのある生活 #くつしたねこ,https://www.instagram.com/p/C0q_kuPPMgC/
2023/12/11,https://raw.githubusercontent.com/wangqi0821/uni-calendar-china/main/media/2023-12-11_12-32-06.jpg,うにはお手を完全にマスターしました！  Uni has completely mastered shaking hands! :3  #ミヌエット #funnycat #猫好きさんとつながりたい #catstagram #にゃんすたぐらむ #猫写真 #tuxedocat #cutecat #bestmeow #instacat #9gag #9gagcute #一眼レフのある生活 #くつしたねこ,https://www.instagram.com/p/C0tn3I8PjOj/
2023/12/12,https://raw.githubusercontent.com/wangqi0821/uni-calendar-china/main/media/2023-12-12_11-33-30.jpg,今日のぼくもかっこいいかな？  Am I cool today too? :3  #ミヌエット #funnycat #猫好きさんとつながりたい #catstagram #にゃんすたぐらむ #猫写真 #tuxedocat #cutecat #bestmeow #instacat #9gag #9gagcute #一眼レフのある生活 #くつしたねこ,https://www.instagram.com/p/C0wF82BP9Zo/
2023/12/13,"https://raw.githubusercontent.com/wangqi0821/uni-calendar-china/main/media/2023-12-13_12-05-51_1.jpg
https://raw.githubusercontent.com/wangqi0821/uni-calendar-china/main/media/2023-12-13_12-05-51_2.jpg",お昼寝中です。 途中でうにクッションを落とすのも可愛い。  He is taking a nap :3 It's also cute to drop the Uni pillow on the way.  #ミヌエット #funnycat #猫好きさんとつながりたい #catstagram #にゃんすたぐらむ #猫写真 #tuxedocat #cutecat #bestmeow #instacat #9gag #9gagcute #一眼レフのある生活 #くつしたねこ,https://www.instagram.com/p/C0yuckOvE40/
2023/12/14,https://raw.githubusercontent.com/wangqi0821/uni-calendar-china/main/media/2023-12-14_12-17-04.jpg,"本当に猫…？  Uni, are you really a cat…?  #ミヌエット #funnycat #猫好きさんとつながりたい #catstagram #にゃんすたぐらむ #猫写真 #tuxedocat #cutecat #bestmeow #instacat #9gag #9gagcute #一眼レフのある生活 #くつしたねこ",https://www.instagram.com/p/C01UhlKPXyX/
2023/12/15,https://raw.githubusercontent.com/wangqi0821/uni-calendar-china/main/media/2023-12-15_11-57-31.mp4,"こんな可愛い生き物が存在するなんて…  Believe it or not, such a cute creature exists :3  #ミヌエット #funnycat #猫好きさんとつながりたい #catstagram #にゃんすたぐらむ #猫写真 #tuxedocat #cutecat #bestmeow #instacat #9gag #9gagcute #一眼レフのある生活 #くつしたねこ",https://www.instagram.com/p/C032zMWPv5U/
2023/12/16,https://raw.githubusercontent.com/wangqi0821/uni-calendar-china/main/media/2023-12-16_11-16-48.jpg,サンタさんは何くれるかな？  I wonder what Santa's going to give me…  #ミヌエット #funnycat #猫好きさんとつながりたい #catstagram #にゃんすたぐらむ #猫写真 #tuxedocat #cutecat #bestmeow #instacat #9gag #9gagcute #一眼レフのある生活 #くつしたねこ,https://www.instagram.com/p/C06XOBVPqec/
2023/12/17,https://raw.githubusercontent.com/wangqi0821/uni-calendar-china/main/media/2023-12-17_11-17-11.mp4,うにのお手は完璧です！  This is Uni's paw! The smartest! :3  #ミヌエット #funnycat #猫好きさんとつながりたい #catstagram #にゃんすたぐらむ #猫写真 #tuxedocat #cutecat #bestmeow #instacat #9gag #9gagcute #一眼レフのある生活 #くつしたねこ,https://www.instagram.com/p/C087xtRPlPk/
2023/12/18,https://raw.githubusercontent.com/wangqi0821/uni-calendar-china/main/media/2023-12-18_11-38-05.jpg,本当に猫…？  Uni…are you really a cat?  #ミヌエット #funnycat #猫好きさんとつながりたい #catstagram #にゃんすたぐらむ #猫写真 #tuxedocat #cutecat #bestmeow #instacat #9gag #9gagcute #一眼レフのある生活 #くつしたねこ,https://www.instagram.com/p/C0_jPk7v_me/
2023/12/19,"https://raw.githubusercontent.com/wangqi0821/uni-calendar-china/main/media/2023-12-19_12-07-50_1.jpg
https://raw.githubusercontent.com/wangqi0821/uni-calendar-china/main/media/2023-12-19_12-07-50_2.jpg",ぼくは、うにクロース？  帽子というよりむしろ服が大きすぎました??  Am I Uni Claus? :3  The clothes were too big rather than the hat!  #ミヌエット #funnycat #猫好きさんとつながりたい #catstagram #にゃんすたぐらむ #猫写真 #tuxedocat #cutecat #bestmeow #instacat #9gag #9gagcute #一眼レフのある生活,https://www.instagram.com/p/C1CLcbnP06m/
2023/12/20,https://raw.githubusercontent.com/wangqi0821/uni-calendar-china/main/media/2023-12-20_11-57-46.jpg,ぺろっ！  Blep! :3  　  #ミヌエット #funnycat #猫好きさんとつながりたい #catstagram #にゃんすたぐらむ #猫写真 #tuxedocat #cutecat #bestmeow #instacat #9gag #9gagcute #一眼レフのある生活 #くつしたねこ,https://www.instagram.com/p/C1EvFjDP6fk/
2023/12/21,https://raw.githubusercontent.com/wangqi0821/uni-calendar-china/main/media/2023-12-21_11-07-23.jpg,もうすぐクリスマス！  It's almost christmas! :3  　  #ミヌエット #funnycat #猫好きさんとつながりたい #catstagram #にゃんすたぐらむ #猫写真 #tuxedocat #cutecat #bestmeow #instacat #9gag #9gagcute #一眼レフのある生活 #くつしたねこ,https://www.instagram.com/p/C1HOHVwvMKx/
2023/12/22,https://raw.githubusercontent.com/wangqi0821/uni-calendar-china/main/media/2023-12-22_10-52-54.mp4,この曲が頭から離れない！  This song gets stuck in my head! :3  #ミヌエット #funnycat #猫好きさんとつながりたい #catstagram #にゃんすたぐらむ #猫写真 #tuxedocat #cutecat #bestmeow #instacat #9gag #9gagcute #一眼レフのある生活 #catmeme #chipichipichapachapadubidubidabadaba,https://www.instagram.com/p/C1JxKP0PyOQ/
2023/12/23,https://raw.githubusercontent.com/wangqi0821/uni-calendar-china/main/media/2023-12-23_11-30-46.jpg,"いよいよ、ぼくの…うにクロースの出番か…  “At last, it's my…Uni Claus's turn :3”  #ミヌエット #funnycat #猫好きさんとつながりたい #catstagram #にゃんすたぐらむ #猫写真 #tuxedocat #cutecat #bestmeow #instacat #9gag #9gagcute #一眼レフのある生活 #catmeme",https://www.instagram.com/p/C1MaYWiPLKv/
2023/12/24,https://raw.githubusercontent.com/wangqi0821/uni-calendar-china/main/media/2023-12-24_11-53-58.jpg,おやつを持ってない時はお手してくれない  Uni doesn't shake paws when I don't have treats :3  #ミヌエット #funnycat #猫好きさんとつながりたい #catstagram #にゃんすたぐらむ #猫写真 #tuxedocat #cutecat #bestmeow #instacat #9gag #9gagcute #一眼レフのある生活 #catmeme,https://www.instagram.com/p/C1NduH_y_Qv/
2023/12/24,,プレゼント持ってきたよ！  I brought a present! :3  #ミヌエット #funnycat #猫好きさんとつながりたい #catstagram #にゃんすたぐらむ #猫写真 #tuxedocat #cutecat #bestmeow #instacat #9gag #9gagcute #一眼レフのある生活 #catmeme,https://www.instagram.com/p/C1PB1MkvmBH/
2023/12/25,https://raw.githubusercontent.com/wangqi0821/uni-calendar-china/main/media/2023-12-25_12-17-14.mp4,"うにクロースありがとう！また来年ね?  Thank you, Uni Claus! See you next year :3  #ミヌエット #funnycat #猫好きさんとつながりたい #catstagram #にゃんすたぐらむ #猫写真 #tuxedocat #cutecat #bestmeow #instacat #9gag #9gagcute #一眼レフのある生活 #catmeme",https://www.instagram.com/p/C1RowvAve_T/
2023/12/26,"https://raw.githubusercontent.com/wangqi0821/uni-calendar-china/main/media/2023-12-26_12-20-39_1.jpg
https://raw.githubusercontent.com/wangqi0821/uni-calendar-china/main/media/2023-12-26_12-20-39_1.mp4
https://raw.githubusercontent.com/wangqi0821/uni-calendar-china/main/media/2023-12-26_12-20-39_2.jpg",うには休憩中です  Uni is taking a break :3  #ミヌエット #funnycat #猫好きさんとつながりたい #catstagram #にゃんすたぐらむ #猫写真 #tuxedocat #cutecat #bestmeow #instacat #9gag #9gagcute #一眼レフのある生活 #catmeme,https://www.instagram.com/p/C1UOeXPPBcu/
2023/12/27,https://raw.githubusercontent.com/wangqi0821/uni-calendar-china/main/media/2023-12-27_11-14-14.mp4,うにはちょっと眠い  Uni is a little sleepy :3  #ミヌエット #funnycat #猫好きさんとつながりたい #catstagram #にゃんすたぐらむ #猫写真 #tuxedocat #cutecat #bestmeow #instacat #9gag #9gagcute #一眼レフのある生活 #catmeme,https://www.instagram.com/p/C1WrlzzPz0a/
2023/12/28,https://raw.githubusercontent.com/wangqi0821/uni-calendar-china/main/media/2023-12-28_11-12-48.jpg,"何を見つけたのかな？  Uni, was there something interesting? :3  #ミヌエット #funnycat #猫好きさんとつながりたい #catstagram #にゃんすたぐらむ #猫写真 #tuxedocat #cutecat #bestmeow #instacat #9gag #9gagcute #一眼レフのある生活 #catmeme",https://www.instagram.com/p/C1ZQTL5vphK/
2023/12/29,https://raw.githubusercontent.com/wangqi0821/uni-calendar-china/main/media/2023-12-29_11-45-02.mp4,何だあの生き物は！  What is that creature!!??  #ミヌエット #funnycat #猫好きさんとつながりたい #catstagram #にゃんすたぐらむ #猫写真 #tuxedocat #cutecat #bestmeow #instacat #9gag #9gagcute #一眼レフのある生活 #catmeme,https://www.instagram.com/p/C1b4sSTPPdP/
2023/12/30,https://raw.githubusercontent.com/wangqi0821/uni-calendar-china/main/media/2023-12-30_11-08-07.jpg,文字通り「:3」の顔！  literally :3 cat!  #ミヌエット #funnycat #猫好きさんとつながりたい #catstagram #にゃんすたぐらむ #猫写真 #tuxedocat #cutecat #bestmeow #instacat #9gag #9gagcute #一眼レフのある生活 #catmeme,https://www.instagram.com/p/C1eZWj8POVo/
2023/12/31,https://raw.githubusercontent.com/wangqi0821/uni-calendar-china/main/media/2023-12-31_11-28-17.jpg,今年も一年ありがとうございました！  暖かいコメントにどれだけ元気をもらってるか… 皆様と猫たちに感謝する日々です???  来年もどうぞ我が家の猫たちをよろしくお願いします? 皆様良いお年を???  Thank you everyone for this year! I'm always happy to see comments??? （There are so many funny comments that always make me laugh??） Best wishes in the new year! Thank you! :3  #ミヌエット #funnycat #猫好きさんとつながりたい #catstagram #にゃんすたぐらむ #猫写真 #tuxedocat #meowed  #cutecat #bestmeow #instacat #9gag #9gagcute #一眼レフのある生活 #catmeme,https://www.instagram.com/p/C1hAdKhvIA7/
2024/1/1,https://raw.githubusercontent.com/wangqi0821/uni-calendar-china/main/media/2024-01-01_02-31-28.jpg,あけましておめでとうございます！ 幸せで素敵な一年となりますように。 今年もよろしくお願いします??  Happy New Year! May this be a happy and fruitful year??  #ミヌエット #funnycat #猫好きさんとつながりたい #catstagram #にゃんすたぐらむ #猫写真 #tuxedocat #cutecat #bestmeow #instacat #9gag #9gagcute #一眼レフのある生活 #catmeme,https://www.instagram.com/p/C1in0RTv13H/
2024/1/2,"https://raw.githubusercontent.com/wangqi0821/uni-calendar-china/main/media/2024-01-02_11-02-15_1.jpg
https://raw.githubusercontent.com/wangqi0821/uni-calendar-china/main/media/2024-01-02_11-02-15_2.jpg",うには和装も似合います  Uni looks good in kimonos :3  #ミヌエット #funnycat #猫好きさんとつながりたい #catstagram #にゃんすたぐらむ #猫写真 #tuxedocat #cutecat #bestmeow #instacat #9gag #9gagcute #一眼レフのある生活 #catmeme,https://www.instagram.com/p/C1mHEToPjwW/
2024/1/3,"https://raw.githubusercontent.com/wangqi0821/uni-calendar-china/main/media/2024-01-03_11-03-16_1.jpg
https://raw.githubusercontent.com/wangqi0821/uni-calendar-china/main/media/2024-01-03_11-03-16_2.jpg
https://raw.githubusercontent.com/wangqi0821/uni-calendar-china/main/media/2024-01-03_11-03-16_3.jpg
https://raw.githubusercontent.com/wangqi0821/uni-calendar-china/main/media/2024-01-03_11-03-16_4.jpg",「ぼくがいっぱい！？」とびっくり顔のうにです。  CACAOCAT（ @cacaocat01 ）様とうにとのコラボパッケージが1月1日に販売されました??  14個入りと9個入りの2種類あります。  14個入りの缶は小物入れにぴったりですし、9個入りの方はちょっとした贈り物にも喜ばれそうです！  どちらも【数量限定品】です。  CACAOCAT様の店舗、オンライン両方でご購入いただけますが、既に完売している店舗もあるようで、店舗にお越しの際は事前に各店舗にご確認下さいね。  限定品ですので、ぜひこの機会に！ よろしくお願いします???? （オンラインショップのリンクはストーリーズとハイライトに置いときます?）  #ミヌエット #funnycat #猫好きさんとつながりたい #catstagram #にゃんすたぐらむ #猫写真 #tuxedocat #cutecat #bestmeow #instacat #一眼レフのある生活 #cacaocat,https://www.instagram.com/p/C1or-nTRlLZ/
2024/1/4,https://raw.githubusercontent.com/wangqi0821/uni-calendar-china/main/media/2024-01-04_12-16-01.mp4,おやつを持ってない時は絶対にお手しない  Uni never shakes paws when I don't have treats :3  #ミヌエット #funnycat #猫好きさんとつながりたい #catstagram #にゃんすたぐらむ #猫写真 #tuxedocat #cutecat #bestmeow #instacat #9gag #9gagcute #一眼レフのある生活 #catmeme,https://www.instagram.com/p/C1rY7PgPfN3/
2024/1/5,https://raw.githubusercontent.com/wangqi0821/uni-calendar-china/main/media/2024-01-05_12-41-21.mp4,"おやつを持ってるのに気づいたらお手しようとしてきます （前回の投稿と比べてみて下さい??）  When Uni found that I had treats, he tried to shake paws! :3 （Please compare with the previous post??）  #ミヌエット #funnycat #猫好きさんとつながりたい #catstagram #にゃんすたぐらむ #猫写真 #tuxedocat #cutecat #bestmeow #instacat #9gag #9gagcute #一眼レフのある生活 #catmeme",https://www.instagram.com/p/C1uAxoTPalh/
2024/1/6,https://raw.githubusercontent.com/wangqi0821/uni-calendar-china/main/media/2024-01-06_11-03-35.jpg,Uni loves playing with a cat toy! :3  うには遊ぶのが大好き！  #ミヌエット #funnycat #猫好きさんとつながりたい #catstagram #にゃんすたぐらむ #猫写真 #tuxedocat #cutecat #bestmeow #instacat #9gag #9gagcute #一眼レフのある生活 #catmeme,https://www.instagram.com/p/C1waZkmvPUc/
2024/1/6,,the catimatronic UNI  シルクハットも似合う！  I think this top hat suits him!  #FNAF ???  #ミヌエット #funnycat #猫好きさんとつながりたい #catstagram #にゃんすたぐらむ #猫写真 #tuxedocat #cutecat #bestmeow #instacat #9gag #9gagcute #一眼レフのある生活 #catmeme,https://www.instagram.com/p/C1u4MF8Sl3N/
2024/1/7,https://raw.githubusercontent.com/wangqi0821/uni-calendar-china/main/media/2024-01-07_11-43-44.jpg,"Uni is about to shake paws!  ""Let's make a deal! :3""  うにがお手しようとしてます！  #ミヌエット #funnycat #猫好きさんとつながりたい #catstagram #にゃんすたぐらむ #猫写真 #tuxedocat #cutecat #bestmeow #instacat #9gag #9gagcute #一眼レフのある生活 #catmeme",https://www.instagram.com/p/C1zDybYvzR0/
2024/1/8,https://raw.githubusercontent.com/wangqi0821/uni-calendar-china/main/media/2024-01-08_12-11-53.mp4,Uni's big yawn :3  うにのあくび  #ミヌエット #funnycat #猫好きさんとつながりたい #catstagram #にゃんすたぐらむ #猫写真 #tuxedocat #meowed  #cutecat #bestmeow #instacat #9gag #9gagcute #一眼レフのある生活 #くつしたねこ,https://www.instagram.com/p/C11rqDWvscN/
2024/1/9,https://raw.githubusercontent.com/wangqi0821/uni-calendar-china/main/media/2024-01-09_11-44-49.jpg,I'm the strongest! :3  ぼくは強い！最強！  #ミヌエット #funnycat #猫好きさんとつながりたい #catstagram #にゃんすたぐらむ #猫写真 #tuxedocat #cutecat #bestmeow #instacat #9gag #9gagcute #一眼レフのある生活 #catmeme,https://www.instagram.com/p/C14NgK1vBzx/
2024/1/10,https://raw.githubusercontent.com/wangqi0821/uni-calendar-china/main/media/2024-01-10_12-39-48.mp4,"I'm the strongest! :3  ぼくは最強！  YouTubeにこの動画を投稿してます。 ぜひ見てみてくださいね?  I posted this video on YouTube, so please take a look.  I'm posting the Youtube link on my story?  #ミヌエット #funnycat #猫好きさんとつながりたい #catstagram #にゃんすたぐらむ #猫写真 #tuxedocat #meowed  #cutecat #bestmeow #instacat #9gag #9gagcute #一眼レフのある生活 #catmeme",https://www.instagram.com/p/C164knBPn7B/
2024/1/11,https://raw.githubusercontent.com/wangqi0821/uni-calendar-china/main/media/2024-01-11_12-34-28.jpg,"NAH, I'D WIN.  ぼくは勝つ  #ミヌエット #funnycat #猫好きさんとつながりたい #catstagram #にゃんすたぐらむ #猫写真 #tuxedocat #cutecat #bestmeow #instacat #9gag #9gagcute #一眼レフのある生活 #catmeme",https://www.instagram.com/p/C19cxknPbQ3/
2024/1/12,"https://raw.githubusercontent.com/wangqi0821/uni-calendar-china/main/media/2024-01-12_11-49-35_1.jpg
https://raw.githubusercontent.com/wangqi0821/uni-calendar-china/main/media/2024-01-12_11-49-35_2.jpg","The strongest ground techniques!  ""Bring it on!"" :3  うには寝技が得意です！ 「かかってこい！」  #ミヌエット #funnycat #猫好きさんとつながりたい #catstagram #にゃんすたぐらむ #猫写真 #tuxedocat #cutecat #bestmeow #instacat #9gag #9gagcute #一眼レフのある生活 #catmeme",https://www.instagram.com/p/C1_8brWPCzs/
2024/1/13,https://raw.githubusercontent.com/wangqi0821/uni-calendar-china/main/media/2024-01-13_11-43-22.jpg,"Tuxedo, bow tie, and top hat! :3  タキシード、蝶ネクタイ、そしてシルクハット  #ミヌエット #funnycat #猫好きさんとつながりたい #catstagram #にゃんすたぐらむ #猫写真 #tuxedocat #cutecat #bestmeow #instacat #9gag #9gagcute #一眼レフのある生活 #catmeme",https://www.instagram.com/p/C2Cgg_8vrYM/
2024/1/14,https://raw.githubusercontent.com/wangqi0821/uni-calendar-china/main/media/2024-01-14_11-19-57.jpg,子猫時代のうに  When Uni was a kitten  #ミヌエット #funnycat #猫好きさんとつながりたい #catstagram #にゃんすたぐらむ #猫写真 #tuxedocat #cutecat #bestmeow #instacat #9gag #9gagcute #一眼レフのある生活 #catmeme,https://www.instagram.com/p/C2FCobBv453/
2024/1/15,https://raw.githubusercontent.com/wangqi0821/uni-calendar-china/main/media/2024-01-15_12-51-01.jpg,When I showed the cat toy to Uni  うにに猫じゃらしを見せた時  #ミヌエット #funnycat #猫好きさんとつながりたい #catstagram #にゃんすたぐらむ #猫写真 #tuxedocat #cutecat #bestmeow #instacat #9gag #9gagcute #一眼レフのある生活 #catmeme,https://www.instagram.com/p/C2Hx2QVvrjv/
2024/1/16,https://raw.githubusercontent.com/wangqi0821/uni-calendar-china/main/media/2024-01-16_13-00-16.mp4,Uni's meow is a little high :3  うにの鳴き声は少し高い  #ミヌエット #funnycat #猫好きさんとつながりたい #catstagram #にゃんすたぐらむ #猫写真 #tuxedocat #meowed  #cutecat #bestmeow #instacat #9gag #9gagcute #一眼レフのある生活 #くつしたねこ,https://www.instagram.com/p/C2KXZDiviQ6/
2024/1/17,https://raw.githubusercontent.com/wangqi0821/uni-calendar-china/main/media/2024-01-17_12-24-20.jpg,Uni sometimes sleeps like a kitten :3  時々子猫みたいな寝方をする  #ミヌエット #funnycat #猫好きさんとつながりたい #catstagram #にゃんすたぐらむ #猫写真 #tuxedocat #meowed  #cutecat #bestmeow #instacat #9gag #9gagcute #一眼レフのある生活 #くつしたねこ,https://www.instagram.com/p/C2M4YmXvEbJ/
2024/1/18,"https://raw.githubusercontent.com/wangqi0821/uni-calendar-china/main/media/2024-01-18_12-11-52_1.jpg
https://raw.githubusercontent.com/wangqi0821/uni-calendar-china/main/media/2024-01-18_12-11-52_2.jpg
https://raw.githubusercontent.com/wangqi0821/uni-calendar-china/main/media/2024-01-18_12-11-52_3.jpg
https://raw.githubusercontent.com/wangqi0821/uni-calendar-china/main/media/2024-01-18_12-11-52_4.jpg
https://raw.githubusercontent.com/wangqi0821/uni-calendar-china/main/media/2024-01-18_12-11-52_5.jpg
https://raw.githubusercontent.com/wangqi0821/uni-calendar-china/main/media/2024-01-18_12-11-52_6.jpg","Twitterでは何回か投稿していますが、初めてうにの羊毛フェルトを作ってみました。  そしたらなかなかのクリーチャー感… はい、実はとても不器用なんです…  でも優しいコメントが多くてとても嬉しかったです?? みんな「ミニうに」って呼んでます。  I wanted to make cute uni, so I tried needle felting for the first time.  Yes, I’m so so clumsy… But I was happy to see so many kind comments on Twitter??  Everyone calls him ""mini Uni""  #ミヌエット #funnycat #猫好きさんとつながりたい #catstagram #にゃんすたぐらむ #猫写真 #tuxedocat #cutecat #bestmeow #instacat #9gag #9gagcute #一眼レフのある生活 #catmeme",https://www.instagram.com/p/C2PbwNwPHb1/
2024/1/19,https://raw.githubusercontent.com/wangqi0821/uni-calendar-china/main/media/2024-01-19_11-21-51.jpg,Uni is my beloved  最愛の猫です  #ミヌエット #funnycat #猫好きさんとつながりたい #catstagram #にゃんすたぐらむ #猫写真 #tuxedocat #cutecat #bestmeow #instacat #9gag #9gagcute #一眼レフのある生活 #catmeme,https://www.instagram.com/p/C2R60sZvsRh/
2024/1/20,https://raw.githubusercontent.com/wangqi0821/uni-calendar-china/main/media/2024-01-20_12-32-55.mp4,Wow! Did you see that? :3  今の見た！？  #ミヌエット #funnycat #猫好きさんとつながりたい #catstagram #にゃんすたぐらむ #猫写真 #tuxedocat #cutecat #bestmeow #instacat #9gag #9gagcute #一眼レフのある生活 #catmeme,https://www.instagram.com/p/C2UnmmjPfI8/
2024/1/21,"https://raw.githubusercontent.com/wangqi0821/uni-calendar-china/main/media/2024-01-21_11-50-02_1.jpg
https://raw.githubusercontent.com/wangqi0821/uni-calendar-china/main/media/2024-01-21_11-50-02_2.jpg","Uni has cat-like ears, so he's probably a cat :3 （I made the second as a joke. Rabbit Uni）  猫みたいな耳があるので多分猫です。 （2枚目は冗談で作ってみました。うさ耳のうに）  #ミヌエット #funnycat #猫好きさんとつながりたい #catstagram #にゃんすたぐらむ #猫写真 #tuxedocat #cutecat #bestmeow #instacat #9gag #9gagcute #一眼レフのある生活 #catmemes",https://www.instagram.com/p/C2XHo4OPWIj/
2024/1/22,https://raw.githubusercontent.com/wangqi0821/uni-calendar-china/main/media/2024-01-22_11-47-30.jpg,I'm the strongest! :3  ぼくは最強！  #ミヌエット #funnycat #猫好きさんとつながりたい #catstagram #にゃんすたぐらむ #猫写真 #tuxedocat #cutecat #bestmeow #instacat #9gag #9gagcute #一眼レフのある生活 #catmeme,https://www.instagram.com/p/C2ZsJJJPiPT/
2024/1/23,"https://raw.githubusercontent.com/wangqi0821/uni-calendar-china/main/media/2024-01-23_11-53-56_1.jpg
https://raw.githubusercontent.com/wangqi0821/uni-calendar-china/main/media/2024-01-23_11-53-56_2.jpg",Look! There is something cute! :3  何か可愛いのがいる！  #ミヌエット #funnycat #猫好きさんとつながりたい #catstagram #にゃんすたぐらむ #猫写真 #tuxedocat #cutecat #bestmeow #instacat #9gag #9gagcute #一眼レフのある生活 #catmeme,https://www.instagram.com/p/C2cRrJyv-zu/
2024/1/24,https://raw.githubusercontent.com/wangqi0821/uni-calendar-china/main/media/2024-01-24_12-57-07.mp4,changed in an instant!? :3  一瞬で変わった！？  #ミヌエット #funnycat #猫好きさんとつながりたい #catstagram #にゃんすたぐらむ #猫写真 #tuxedocat #cutecat #bestmeow #instacat #9gag #9gagcute #一眼レフのある生活 #catmeme,https://www.instagram.com/p/C2e9YxXPYXW/
2024/1/26,https://raw.githubusercontent.com/wangqi0821/uni-calendar-china/main/media/2024-01-26_12-55-07.jpg,お知らせです  please,https://www.instagram.com/p/C2kHD--vX2Y/
2024/1/31,,"I'm still in the hospital, but I'm getting better! I'm so happy that I almost cried when I read your kind words. Thank you so much!  まだ入院中だけど、良くなってきてます！ みなさんの優しい言葉が泣きそうなくらい嬉しかったです！ ありがとうございます。",https://www.instagram.com/p/C2vbK22SRvW/
2024/2/1,https://raw.githubusercontent.com/wangqi0821/uni-calendar-china/main/media/2024-02-01_12-26-57.jpg,"NAH, I'D WIN!  ぼくが勝つ！  #ミヌエット #funnycat #猫好きさんとつながりたい #catstagram #にゃんすたぐらむ #猫写真 #tuxedocat #cutecat #bestmeow #instacat #9gag #9gagcute #一眼レフのある生活 #catmeme",https://www.instagram.com/p/C2zgm3hviqd/
2024/2/4,"https://raw.githubusercontent.com/wangqi0821/uni-calendar-china/main/media/2024-02-04_11-51-44_1.jpg
https://raw.githubusercontent.com/wangqi0821/uni-calendar-china/main/media/2024-02-04_11-51-44_2.jpg
https://raw.githubusercontent.com/wangqi0821/uni-calendar-china/main/media/2024-02-04_11-51-44_3.jpg",I'll be discharged soon!  もう少しで退院できそうです！  #ミヌエット #funnycat #猫好きさんとつながりたい #catstagram #にゃんすたぐらむ #猫写真 #tuxedocat #cutecat #bestmeow #instacat #9gag #9gagcute #一眼レフのある生活 #catmeme,https://www.instagram.com/p/C27K9l0PYY3/
2024/2/6,"https://raw.githubusercontent.com/wangqi0821/uni-calendar-china/main/media/2024-02-06_13-04-06_1.jpg
https://raw.githubusercontent.com/wangqi0821/uni-calendar-china/main/media/2024-02-06_13-04-06_2.jpg
https://raw.githubusercontent.com/wangqi0821/uni-calendar-china/main/media/2024-02-06_13-04-06_3.jpg
https://raw.githubusercontent.com/wangqi0821/uni-calendar-china/main/media/2024-02-06_13-04-06_4.jpg
https://raw.githubusercontent.com/wangqi0821/uni-calendar-china/main/media/2024-02-06_13-04-06_5.jpg",I was discharged from hospital! I'm so happy to see 4 cats. Thank you for your kind comments!  無事に退院しました！ 4匹に会えてとても嬉しい… 暖かいコメント、本当にありがとうございました！  #ミヌエット #funnycat #猫好きさんとつながりたい #catstagram #にゃんすたぐらむ #猫写真 #tuxedocat #cutecat #bestmeow #instacat #9gag #9gagcute #一眼レフのある生活 #catmeme,https://www.instagram.com/p/C3Ac1YavaDN/
2024/2/8,"https://raw.githubusercontent.com/wangqi0821/uni-calendar-china/main/media/2024-02-08_12-31-24_1.jpg
https://raw.githubusercontent.com/wangqi0821/uni-calendar-china/main/media/2024-02-08_12-31-24_2.jpg",I'm the strongest! :3  ぼくは最強！  #ミヌエット #funnycat #猫好きさんとつながりたい #catstagram #にゃんすたぐらむ #猫写真 #tuxedocat #cutecat #bestmeow #instacat #9gag #9gagcute #一眼レフのある生活 #catmeme,https://www.instagram.com/p/C3Firmbv7Z6/
2024/2/9,https://raw.githubusercontent.com/wangqi0821/uni-calendar-china/main/media/2024-02-09_12-32-26.jpg,My mom knitted me a new scarf :3  新しいマフラーを編んでもらったよ  #ミヌエット #funnycat #猫好きさんとつながりたい #catstagram #にゃんすたぐらむ #猫写真 #tuxedocat #cutecat #bestmeow #instacat #9gag #9gagcute #一眼レフのある生活 #catmeme,https://www.instagram.com/p/C3IHmHMPk8Z/
2024/2/10,https://raw.githubusercontent.com/wangqi0821/uni-calendar-china/main/media/2024-02-10_12-37-20.jpg,Uni has a tiny ??  うにのちっちゃな??  #ミヌエット #funnycat #猫好きさんとつながりたい #catstagram #にゃんすたぐらむ #猫写真 #tuxedocat #cutecat #bestmeow #instacat #9gag #9gagcute #一眼レフのある生活 #catmeme,https://www.instagram.com/p/C3Ks83hvXt1/
2024/2/11,https://raw.githubusercontent.com/wangqi0821/uni-calendar-china/main/media/2024-02-11_12-29-04.jpg,What's that?  それは何？  #ミヌエット #funnycat #猫好きさんとつながりたい #catstagram #にゃんすたぐらむ #猫写真 #tuxedocat #cutecat #bestmeow #instacat #9gag #9gagcute #一眼レフのある生活 #catmeme,https://www.instagram.com/p/C3NQzI8PmVY/
2024/2/12,"https://raw.githubusercontent.com/wangqi0821/uni-calendar-china/main/media/2024-02-12_12-45-08_1.jpg
https://raw.githubusercontent.com/wangqi0821/uni-calendar-china/main/media/2024-02-12_12-45-08_2.jpg",“Let’s play together!”  一緒に遊ぼ！  #ミヌエット #funnycat #猫好きさんとつながりたい #catstagram #にゃんすたぐらむ #猫写真 #tuxedocat #cutecat #bestmeow #instacat #9gag #9gagcute #一眼レフのある生活 #catmeme,https://www.instagram.com/p/C3P3brev3J8/
2024/2/13,"https://raw.githubusercontent.com/wangqi0821/uni-calendar-china/main/media/2024-02-13_12-23-48_1.jpg
https://raw.githubusercontent.com/wangqi0821/uni-calendar-china/main/media/2024-02-13_12-23-48_2.jpg",Uni and Mini Uni  うにとミニうに  #ミヌエット #funnycat #猫好きさんとつながりたい #catstagram #にゃんすたぐらむ #猫写真 #tuxedocat #cutecat #bestmeow #instacat #9gag #9gagcute #一眼レフのある生活 #catmeme,https://www.instagram.com/p/C3SZySEPBUQ/
2024/2/14,https://raw.githubusercontent.com/wangqi0821/uni-calendar-china/main/media/2024-02-14_12-12-51.jpg,I'm the strongest! :3  ぼくは最強！  #ミヌエット #funnycat #猫好きさんとつながりたい #catstagram #にゃんすたぐらむ #猫写真 #tuxedocat #cutecat #bestmeow #instacat #9gag #9gagcute #一眼レフのある生活 #catmeme,https://www.instagram.com/p/C3U9VAIPCRU/
2024/2/15,https://raw.githubusercontent.com/wangqi0821/uni-calendar-china/main/media/2024-02-15_12-28-55.jpg,"""Why am I so strong?""  「ぼくは何でこんなに強いんだろう？」  #ミヌエット #funnycat #猫好きさんとつながりたい #catstagram #にゃんすたぐらむ #猫写真 #tuxedocat #cutecat #bestmeow #instacat #9gag #9gagcute #一眼レフのある生活 #catmeme",https://www.instagram.com/p/C3Xj9l9vQVQ/
2024/2/16,https://raw.githubusercontent.com/wangqi0821/uni-calendar-china/main/media/2024-02-16_12-10-42.mp4,"When Uni enters this box, he becomes more "":3""  箱に吸い込まれて「ω」がくっきり！  #ミヌエット #funnycat #猫好きさんとつながりたい #catstagram #にゃんすたぐらむ #猫写真 #tuxedocat #cutecat #bestmeow #instacat #9gag #9gagcute #一眼レフのある生活 #catmeme",https://www.instagram.com/p/C3aGanlvHJ-/
2024/2/17,https://raw.githubusercontent.com/wangqi0821/uni-calendar-china/main/media/2024-02-17_12-32-40.jpg,I'm Uni :3  ぼくは、うに！  #ミヌエット #funnycat #猫好きさんとつながりたい #catstagram #にゃんすたぐらむ #猫写真 #tuxedocat #cutecat #bestmeow #instacat #9gag #9gagcute #一眼レフのある生活 #catmeme,https://www.instagram.com/p/C3ct-yvPuNG/
2024/2/18,https://raw.githubusercontent.com/wangqi0821/uni-calendar-china/main/media/2024-02-18_11-56-02.jpg,Uni :3  #ミヌエット #funnycat #猫好きさんとつながりたい #catstagram #にゃんすたぐらむ #猫写真 #tuxedocat #cutecat #bestmeow #instacat #9gag #9gagcute #一眼レフのある生活 #catmeme,https://www.instagram.com/p/C3fOlRmv2N2/
2024/2/19,https://raw.githubusercontent.com/wangqi0821/uni-calendar-china/main/media/2024-02-19_12-02-44.jpg,I'm the strongest…  ぼくは最強…  #ミヌエット #funnycat #猫好きさんとつながりたい #catstagram #にゃんすたぐらむ #猫写真 #tuxedocat #cutecat #bestmeow #instacat #9gag #9gagcute #一眼レフのある生活 #catmeme,https://www.instagram.com/p/C3h0JS6P_g-/
2024/2/20,https://raw.githubusercontent.com/wangqi0821/uni-calendar-china/main/media/2024-02-20_12-05-24.jpg,Uni wearing a yellow scarf :3  マフラーとうに  #ミヌエット #funnycat #猫好きさんとつながりたい #catstagram #にゃんすたぐらむ #猫写真 #tuxedocat #cutecat #bestmeow #instacat #9gag #9gagcute #一眼レフのある生活 #catmeme,https://www.instagram.com/p/C3kZPrwv5Rb/
2024/2/21,https://raw.githubusercontent.com/wangqi0821/uni-calendar-china/main/media/2024-02-21_11-54-45.jpg,Tuxedo Cat Uni! :3  タキシード猫うに！  #ミヌエット #funnycat #猫好きさんとつながりたい #catstagram #にゃんすたぐらむ #猫写真 #tuxedocat #cutecat #bestmeow #instacat #9gag #9gagcute #一眼レフのある生活 #catmeme,https://www.instagram.com/p/C3m80lYvxEX/
2024/2/22,https://raw.githubusercontent.com/wangqi0821/uni-calendar-china/main/media/2024-02-22_12-06-19.mp4,"Today is National Cat Day in Japan, so I made Uni feel better! :3  今日は猫の日！ ということで、うにに気持ち良くなってもらいました  #ミヌエット #funnycat #猫好きさんとつながりたい #catstagram #にゃんすたぐらむ #猫写真 #tuxedocat #cutecat #bestmeow #instacat #9gag #9gagcute #一眼レフのある生活 #catmeme",https://www.instagram.com/p/C3piv62vecU/
2024/2/23,"https://raw.githubusercontent.com/wangqi0821/uni-calendar-china/main/media/2024-02-23_12-07-20_1.jpg
https://raw.githubusercontent.com/wangqi0821/uni-calendar-china/main/media/2024-02-23_12-07-20_2.jpg
https://raw.githubusercontent.com/wangqi0821/uni-calendar-china/main/media/2024-02-23_12-07-20_3.jpg
https://raw.githubusercontent.com/wangqi0821/uni-calendar-china/main/media/2024-02-23_12-07-20_4.jpg
https://raw.githubusercontent.com/wangqi0821/uni-calendar-china/main/media/2024-02-23_12-07-20_5.jpg
https://raw.githubusercontent.com/wangqi0821/uni-calendar-china/main/media/2024-02-23_12-07-20_6.jpg",「ねこ休み展」のスピンオフ企画「まるごとうにちゃん展」が池袋パルコにて開催中です??  うにの写真がいっぱい&ここでしか買うことのできない猫グッズが登場！  2/25(日)までです??  場所→池袋パルコ　本館B2Fイベントスペース  ______________________  また、ポスターデザイン風な作品も各フロアで展示されます?  場所→池袋パルコ 本館ステップギャラリー（1F?6F階段内）  #ミヌエット #funnycat #猫好きさんとつながりたい #catstagram #にゃんすたぐらむ #猫写真 #tuxedocat #cutecat #bestmeow #instacat #9gag #9gagcute #一眼レフのある生活 #catmeme,https://www.instagram.com/p/C3sH2d-vZG7/
2024/2/24,https://raw.githubusercontent.com/wangqi0821/uni-calendar-china/main/media/2024-02-24_12-19-50.jpg,Uni is waiting :3  待ってます  #ミヌエット #funnycat #猫好きさんとつながりたい #catstagram #にゃんすたぐらむ #猫写真 #tuxedocat #cutecat #bestmeow #instacat #9gag #9gagcute #一眼レフのある生活 #catmeme,https://www.instagram.com/p/C3uuE7Kvtgq/
2024/2/25,https://raw.githubusercontent.com/wangqi0821/uni-calendar-china/main/media/2024-02-25_12-33-44.jpg,Uni looks really relaxed :3  リラックスしてます  #ミヌエット #funnycat #猫好きさんとつながりたい #catstagram #にゃんすたぐらむ #猫写真 #tuxedocat #cutecat #bestmeow #instacat #9gag #9gagcute #一眼レフのある生活 #catmeme,https://www.instagram.com/p/C3xUdoNPaXw/
2024/2/26,"https://raw.githubusercontent.com/wangqi0821/uni-calendar-china/main/media/2024-02-26_12-09-28_1.jpg
https://raw.githubusercontent.com/wangqi0821/uni-calendar-china/main/media/2024-02-26_12-09-28_2.jpg
https://raw.githubusercontent.com/wangqi0821/uni-calendar-china/main/media/2024-02-26_12-09-28_3.jpg",Uni was sleeping with Mini Uni :3  ミニうにと一緒にお昼寝  #ミヌエット #funnycat #猫好きさんとつながりたい #catstagram #にゃんすたぐらむ #猫写真 #tuxedocat #cutecat #bestmeow #instacat #9gag #9gagcute #一眼レフのある生活 #catmeme,https://www.instagram.com/p/C3z2er-vdaG/
2024/2/27,https://raw.githubusercontent.com/wangqi0821/uni-calendar-china/main/media/2024-02-27_12-12-56.jpg,It must be time for my dinner soon…  そろそろごはんの時間に違いない…  #ミヌエット #funnycat #猫好きさんとつながりたい #catstagram #にゃんすたぐらむ #猫写真 #tuxedocat #cutecat #bestmeow #instacat #9gag #9gagcute #一眼レフのある生活 #catmeme,https://www.instagram.com/p/C32bq7lvXx3/
2024/2/29,"https://raw.githubusercontent.com/wangqi0821/uni-calendar-china/main/media/2024-02-29_12-24-37_1.jpg
https://raw.githubusercontent.com/wangqi0821/uni-calendar-china/main/media/2024-02-29_12-24-37_2.jpg",I'm the strongest! Bring it on! :3  ぼくは最強！かかってこい！  #ミヌエット #funnycat #猫好きさんとつながりたい #catstagram #にゃんすたぐらむ #猫写真 #tuxedocat #cutecat #bestmeow #instacat #9gag #9gagcute #一眼レフのある生活 #catmeme,https://www.instagram.com/p/C37mmQsvZQZ/
2024/3/1,https://raw.githubusercontent.com/wangqi0821/uni-calendar-china/main/media/2024-03-01_12-05-24.jpg,Uni's paws are so cute! :3  前足可愛い！  #ミヌエット #funnycat #猫好きさんとつながりたい #catstagram #にゃんすたぐらむ #猫写真 #tuxedocat #cutecat #bestmeow #instacat #9gag #9gagcute #一眼レフのある生活 #catmeme,https://www.instagram.com/p/C3-JMYNv4IO/
2024/3/2,"https://raw.githubusercontent.com/wangqi0821/uni-calendar-china/main/media/2024-03-02_12-28-38_1.jpg
https://raw.githubusercontent.com/wangqi0821/uni-calendar-china/main/media/2024-03-02_12-28-38_2.jpg",Blep! :3  #ミヌエット #funnycat #猫好きさんとつながりたい #catstagram #にゃんすたぐらむ #猫写真 #tuxedocat #cutecat #bestmeow #instacat #9gag #9gagcute #一眼レフのある生活 #catmeme,https://www.instagram.com/p/C4Awpevvnf5/
2024/3/3,https://raw.githubusercontent.com/wangqi0821/uni-calendar-china/main/media/2024-03-03_12-02-34.jpg,I'm so excited! :3  わくわく！  #ミヌエット #funnycat #猫好きさんとつながりたい #catstagram #にゃんすたぐらむ #猫写真 #tuxedocat #cutecat #bestmeow #instacat #9gag #9gagcute #一眼レフのある生活 #catmeme,https://www.instagram.com/p/C4DSdagPOmQ/
2024/3/4,https://raw.githubusercontent.com/wangqi0821/uni-calendar-china/main/media/2024-03-04_12-14-58.mp4,This treat is so yummy! :3  このおやつおいしい！  #ミヌエット #funnycat #猫好きさんとつながりたい #catstagram #にゃんすたぐらむ #猫写真 #tuxedocat #cutecat #bestmeow #instacat #9gag #9gagcute #一眼レフのある生活 #catmeme,https://www.instagram.com/p/C4F4jSuvHJv/
2024/3/5,https://raw.githubusercontent.com/wangqi0821/uni-calendar-china/main/media/2024-03-05_12-06-05.jpg,"NAH, I'D WIN :3  ぼくは勝つ  #ミヌエット #funnycat #猫好きさんとつながりたい #catstagram #にゃんすたぐらむ #猫写真 #tuxedocat #cutecat #bestmeow #instacat #9gag #9gagcute #一眼レフのある生活 #catmeme",https://www.instagram.com/p/C4Icc4aPQou/
2024/3/6,https://raw.githubusercontent.com/wangqi0821/uni-calendar-china/main/media/2024-03-06_10-36-27.jpg,#阪急メンズ大阪  #阪急メンズ東京  #PR,https://www.instagram.com/p/C4K2_Qxvusl/
2024/3/7,,Uni's meow is so cute! :3  鳴き声も可愛いうに  #ミヌエット #funnycat #猫好きさんとつながりたい #catstagram #にゃんすたぐらむ #猫写真 #tuxedocat #cutecat #bestmeow #instacat #9gag #9gagcute #一眼レフのある生活 #catmeme,https://www.instagram.com/p/C4NmQOtP895/
2024/3/8,,What if I become stronger?  これ以上強くなったらどうしよう？  #ミヌエット #funnycat #猫好きさんとつながりたい #catstagram #にゃんすたぐらむ #猫写真 #tuxedocat #cutecat #bestmeow #instacat #9gag #9gagcute #一眼レフのある生活 #catmeme  #ミヌエット #funnycat #猫好きさんとつながりたい #catstagram #にゃんすたぐらむ #猫写真 #tuxedocat #cutecat #bestmeow #instacat #9gag #9gagcute #一眼レフのある生活 #catmeme,https://www.instagram.com/p/C4QMY6wvLpl/
2024/3/9,,Uni sometimes becomes compact :3  時々コンパクトになるうに  #ミヌエット #funnycat #猫好きさんとつながりたい #catstagram #にゃんすたぐらむ #猫写真 #tuxedocat #cutecat #bestmeow #instacat #9gag #9gagcute #一眼レフのある生活 #catmeme,https://www.instagram.com/p/C4SwZTGvrSX/
2024/3/10,https://raw.githubusercontent.com/wangqi0821/uni-calendar-china/main/media/2024-03-10_12-09-16.mp4,Uni is cute waiting for treats :3  おやつを待つうに可愛い  #ミヌエット #funnycat #猫好きさんとつながりたい #catstagram #にゃんすたぐらむ #猫写真 #tuxedocat #cutecat #bestmeow #instacat #9gag #9gagcute #一眼レフのある生活 #catmeme,https://www.instagram.com/p/C4VUxUUPZ7l/
2024/3/11,https://raw.githubusercontent.com/wangqi0821/uni-calendar-china/main/media/2024-03-11_11-55-35.jpg,literally :3 cat!  文字通り「:3」の顔！  #ミヌエット #funnycat #猫好きさんとつながりたい #catstagram #にゃんすたぐらむ #猫写真 #tuxedocat #cutecat #bestmeow #instacat #9gag #9gagcute #一眼レフのある生活 #catmeme,https://www.instagram.com/p/C4X4BPLv91i/
2024/3/12,https://raw.githubusercontent.com/wangqi0821/uni-calendar-china/main/media/2024-03-12_12-19-44.jpg,Uni: “Can I shake your hand?”  握手してもらえますか？  #ミヌエット #funnycat #猫好きさんとつながりたい #catstagram #にゃんすたぐらむ #猫写真 #tuxedocat #cutecat #bestmeow #instacat #9gag #9gagcute #一眼レフのある生活 #catmeme,https://www.instagram.com/p/C4afk_lvgdP/
2024/3/13,"https://raw.githubusercontent.com/wangqi0821/uni-calendar-china/main/media/2024-03-13_11-54-52_1.jpg
https://raw.githubusercontent.com/wangqi0821/uni-calendar-china/main/media/2024-03-13_11-54-52_2.jpg",Uni's big yawn :3  うにのあくび！  #ミヌエット #funnycat #猫好きさんとつながりたい #catstagram #にゃんすたぐらむ #猫写真 #tuxedocat #cutecat #bestmeow #instacat #9gag #9gagcute #一眼レフのある生活 #catmeme,https://www.instagram.com/p/C4dBhwTv_Ik/
2024/3/14,https://raw.githubusercontent.com/wangqi0821/uni-calendar-china/main/media/2024-03-14_12-06-40.mp4,"Look right, look left…Uni! :3  右見て、左見て……うに！  #ミヌエット #funnycat #猫好きさんとつながりたい #catstagram #にゃんすたぐらむ #猫写真 #tuxedocat #cutecat #bestmeow #instacat #9gag #9gagcute #一眼レフのある生活 #catmeme",https://www.instagram.com/p/C4fnpvhv9qu/
2024/3/15,https://raw.githubusercontent.com/wangqi0821/uni-calendar-china/main/media/2024-03-15_12-02-09.jpg,my beloved cat  最愛の猫です  #ミヌエット #funnycat #猫好きさんとつながりたい #catstagram #にゃんすたぐらむ #猫写真 #tuxedocat #cutecat #bestmeow #instacat #9gag #9gagcute #一眼レフのある生活 #catmeme,https://www.instagram.com/p/C4iL862v3t1/
2024/3/16,https://raw.githubusercontent.com/wangqi0821/uni-calendar-china/main/media/2024-03-16_11-59-16.jpg,What does Uni see in front of him?   見つめる先には…？  #ミヌエット #funnycat #猫好きさんとつながりたい #catstagram #にゃんすたぐらむ #猫写真 #tuxedocat #cutecat #bestmeow #instacat #9gag #9gagcute #一眼レフのある生活 #catmeme,https://www.instagram.com/p/C4kwaklPOSE/
2024/3/17,"https://raw.githubusercontent.com/wangqi0821/uni-calendar-china/main/media/2024-03-17_12-09-43_1.jpg
https://raw.githubusercontent.com/wangqi0821/uni-calendar-china/main/media/2024-03-17_12-09-43_2.jpg
https://raw.githubusercontent.com/wangqi0821/uni-calendar-china/main/media/2024-03-17_12-09-43_3.jpg
https://raw.githubusercontent.com/wangqi0821/uni-calendar-china/main/media/2024-03-17_12-09-43_4.jpg
https://raw.githubusercontent.com/wangqi0821/uni-calendar-china/main/media/2024-03-17_12-09-43_5.jpg
https://raw.githubusercontent.com/wangqi0821/uni-calendar-china/main/media/2024-03-17_12-09-43_6.jpg
https://raw.githubusercontent.com/wangqi0821/uni-calendar-china/main/media/2024-03-17_12-09-43_6.mp4",【阪急メンズ SS2024 シーズンプロモーション】に、うにを使って頂きました！  とってもかっこいい！  柱巻やフラッグはもう掲出されてませんが、写真を送って下さった方ありがとうございました?  エントランスメディアでのムービーは3月26日まで放映されてますので、お近くを通られた方は見てみてくださいね。 #阪急メンズ東京  です??  #ミヌエット #funnycat #猫好きさんとつながりたい #catstagram #にゃんすたぐらむ #猫写真 #tuxedocat #阪急メンズ東京  #阪急メンズ大阪,https://www.instagram.com/p/C4nWZ_uvcsF/
2024/3/18,https://raw.githubusercontent.com/wangqi0821/uni-calendar-china/main/media/2024-03-18_12-08-47.jpg,Uni punch! I'm the strongest! :3  うにパンチ！ぼくは最強！  #ミヌエット #funnycat #猫好きさんとつながりたい #catstagram #にゃんすたぐらむ #猫写真 #tuxedocat #cutecat #bestmeow #instacat #9gag #9gagcute #一眼レフのある生活 #catmeme,https://www.instagram.com/p/C4p7GFnP0yJ/
2024/3/19,https://raw.githubusercontent.com/wangqi0821/uni-calendar-china/main/media/2024-03-19_12-06-39.jpg,Uni with a swim ring :3  うきわ猫ちゃん  #ミヌエット #funnycat #猫好きさんとつながりたい #catstagram #にゃんすたぐらむ #猫写真 #tuxedocat #cutecat #bestmeow #instacat #9gag #9gagcute #一眼レフのある生活 #catmeme,https://www.instagram.com/p/C4sfpRhPpT8/
2024/3/20,"https://raw.githubusercontent.com/wangqi0821/uni-calendar-china/main/media/2024-03-20_12-03-09_1.jpg
https://raw.githubusercontent.com/wangqi0821/uni-calendar-china/main/media/2024-03-20_12-03-09_2.jpg
https://raw.githubusercontent.com/wangqi0821/uni-calendar-china/main/media/2024-03-20_12-03-09_3.jpg
https://raw.githubusercontent.com/wangqi0821/uni-calendar-china/main/media/2024-03-20_12-03-09_4.jpg",Melting Uni…  溶けていく…  #ミヌエット #funnycat #猫好きさんとつながりたい #catstagram #にゃんすたぐらむ #猫写真 #tuxedocat #cutecat #bestmeow #instacat #9gag #9gagcute #一眼レフのある生活 #catmeme,https://www.instagram.com/p/C4vECiDPohP/
2024/3/21,https://raw.githubusercontent.com/wangqi0821/uni-calendar-china/main/media/2024-03-21_11-58-35.jpg,literally :3 cat!  文字通り「:3」の顔！  #ミヌエット #funnycat #猫好きさんとつながりたい #catstagram #にゃんすたぐらむ #猫写真 #tuxedocat #cutecat #bestmeow #instacat #9gag #9gagcute #一眼レフのある生活 #catmeme,https://www.instagram.com/p/C4xoUD1vEl5/
2024/3/22,https://raw.githubusercontent.com/wangqi0821/uni-calendar-china/main/media/2024-03-22_12-36-23.mp4,Uni punch! I'm the strongest!  うにパンチ！ぼくは最強！  #ミヌエット #funnycat #猫好きさんとつながりたい #catstagram #にゃんすたぐらむ #猫写真 #tuxedocat #cutecat #bestmeow #instacat #9gag #9gagcute #一眼レフのある生活 #catmeme,https://www.instagram.com/p/C40RaRGvI0A/
2024/3/23,https://raw.githubusercontent.com/wangqi0821/uni-calendar-china/main/media/2024-03-23_11-57-12.jpg,Uni wearing a cherry blossom collar  桜の首輪とうに  #ミヌエット #funnycat #猫好きさんとつながりたい #catstagram #にゃんすたぐらむ #猫写真 #tuxedocat #cutecat #bestmeow #instacat #9gag #9gagcute #一眼レフのある生活 #catmeme,https://www.instagram.com/p/C42xvp4P86Q/
2024/3/24,https://raw.githubusercontent.com/wangqi0821/uni-calendar-china/main/media/2024-03-24_12-05-34.jpg,Uni when I trimmed his nails :3  爪切りの時のうに  #ミヌエット #funnycat #猫好きさんとつながりたい #catstagram #にゃんすたぐらむ #猫写真 #tuxedocat #cutecat #bestmeow #instacat #9gag #9gagcute #一眼レフのある生活 #catmeme,https://www.instagram.com/p/C45XfzYvRIf/
2024/3/25,https://raw.githubusercontent.com/wangqi0821/uni-calendar-china/main/media/2024-03-25_12-03-55.jpg,I'm so cool! :3  ぼくはすごいぞ！  #ミヌエット #funnycat #猫好きさんとつながりたい #catstagram #にゃんすたぐらむ #猫写真 #tuxedocat #cutecat #bestmeow #instacat #9gag #9gagcute #一眼レフのある生活 #catmeme,https://www.instagram.com/p/C478GmmPKdG/
2024/3/26,https://raw.githubusercontent.com/wangqi0821/uni-calendar-china/main/media/2024-03-26_12-02-45.jpg,Hi! I'm the strongest! :3  ぼくは最強です！  #ミヌエット #funnycat #猫好きさんとつながりたい #catstagram #にゃんすたぐらむ #猫写真 #tuxedocat #cutecat #bestmeow #instacat #9gag #9gagcute #一眼レフのある生活 #catmeme,https://www.instagram.com/p/C4-gw5kP2Rb/
2024/3/27,"https://raw.githubusercontent.com/wangqi0821/uni-calendar-china/main/media/2024-03-27_02-56-57_1.jpg
https://raw.githubusercontent.com/wangqi0821/uni-calendar-china/main/media/2024-03-27_02-56-57_2.jpg","Today, March 27th, is Uni's 4th birthday! Please say ""Happy Birthday"" to Uni :3  今日3/27はうにの4歳の誕生日です！ 「誕生日おめでとう」と言ってやって下さい??  うに、誕生日おめでとう！！！  #ミヌエット #funnycat #猫好きさんとつながりたい #catstagram #にゃんすたぐらむ #猫写真 #tuxedocat #cutecat #bestmeow #instacat #9gag #9gagcute #一眼レフのある生活 #catmeme",https://www.instagram.com/p/C5AHGKSvmar/
2024/3/27,,Happy birthday Uni! He turned 4 today! Thank you for your birthday wishes  うに、誕生日おめでとう！ 今日で4歳になりました??? たくさんのお祝いの言葉をありがとうございます！  #ミヌエット #funnycat #猫好きさんとつながりたい #catstagram #にゃんすたぐらむ #猫写真 #tuxedocat #cutecat #bestmeow #instacat #9gag #9gagcute #一眼レフのある生活 #catmeme,https://www.instagram.com/p/C5BEejCP5YX/
2024/3/28,,I have become too strong…  ぼくは強くなりすぎてしまった…  #ミヌエット #funnycat #猫好きさんとつながりたい #catstagram #にゃんすたぐらむ #猫写真 #tuxedocat #cutecat #bestmeow #instacat #9gag #9gagcute #一眼レフのある生活 #catmeme,https://www.instagram.com/p/C5DqWuGvUTb/
2024/3/29,https://raw.githubusercontent.com/wangqi0821/uni-calendar-china/main/media/2024-03-29_11-59-43.jpg,"Now that I'm 4 years old, I'm even stronger! :3  4歳になってぼくは更に強くなった！  #ミヌエット #funnycat #猫好きさんとつながりたい #catstagram #にゃんすたぐらむ #猫写真 #tuxedocat #cutecat #bestmeow #instacat #9gag #9gagcute #一眼レフのある生活 #catmeme",https://www.instagram.com/p/C5GOzVSPfSz/
2024/3/30,https://raw.githubusercontent.com/wangqi0821/uni-calendar-china/main/media/2024-03-30_12-10-25.mp4,Dinner's ready!  ごはんできたよー！  #ミヌエット #funnycat #猫好きさんとつながりたい #catstagram #にゃんすたぐらむ #猫写真 #tuxedocat #cutecat #bestmeow #instacat #9gag #9gagcute #一眼レフのある生活 #catmeme,https://www.instagram.com/p/C5I0zLMvC-L/
2024/3/31,https://raw.githubusercontent.com/wangqi0821/uni-calendar-china/main/media/2024-03-31_11-57-41.jpg,I'm here :3  ここにいるよ  #ミヌエット #funnycat #猫好きさんとつながりたい #catstagram #にゃんすたぐらむ #猫写真 #tuxedocat #cutecat #bestmeow #instacat #9gag #9gagcute #一眼レフのある生活 #catmeme,https://www.instagram.com/p/C5LYKJyPC0A/
2024/4/1,https://raw.githubusercontent.com/wangqi0821/uni-calendar-china/main/media/2024-04-01_12-12-09.jpg,Uni is approaching! :3  うにが近寄ってきた！  #ミヌエット #funnycat #猫好きさんとつながりたい #catstagram #にゃんすたぐらむ #猫写真 #tuxedocat #cutecat #bestmeow #instacat #9gag #9gagcute #一眼レフのある生活 #catmeme,https://www.instagram.com/p/C5N-nAAvI4J/
2024/4/2,https://raw.githubusercontent.com/wangqi0821/uni-calendar-china/main/media/2024-04-02_11-53-09.jpg,I trimmed the fur between his paw pads!  Uni “I just have to endure it…”  足裏の毛を剃りました。 うに「今は耐えるのみ…」  #ミヌエット #funnycat #猫好きさんとつながりたい #catstagram #にゃんすたぐらむ #猫写真 #tuxedocat #cutecat #bestmeow #instacat #9gag #9gagcute #一眼レフのある生活 #catmeme,https://www.instagram.com/p/C5QhOsMPN9_/
2024/4/3,"https://raw.githubusercontent.com/wangqi0821/uni-calendar-china/main/media/2024-04-03_11-59-39_1.jpg
https://raw.githubusercontent.com/wangqi0821/uni-calendar-china/main/media/2024-04-03_11-59-39_2.jpg",A cute creature is looking at you! :3  可愛い生き物がこちらを見ている！  #ミヌエット #funnycat #猫好きさんとつながりたい #catstagram #にゃんすたぐらむ #猫写真 #tuxedocat #cutecat #bestmeow #instacat #9gag #9gagcute #一眼レフのある生活 #catmeme,https://www.instagram.com/p/C5TGxMzPxfS/
2024/4/4,https://raw.githubusercontent.com/wangqi0821/uni-calendar-china/main/media/2024-04-04_12-18-09.mp4,"For a second, Uni hissed! （very rare）  一瞬だけ「シャー！」  #ミヌエット #funnycat #猫好きさんとつながりたい #catstagram #にゃんすたぐらむ #猫写真 #tuxedocat #cutecat #bestmeow #instacat #9gag #9gagcute #一眼レフのある生活 #catmeme",https://www.instagram.com/p/C5VtqMLvaE5/
2024/4/5,https://raw.githubusercontent.com/wangqi0821/uni-calendar-china/main/media/2024-04-05_12-11-17.jpg,Uni was sleeping with Mini Uni :3  ミニうにと一緒にすやすや  #ミヌエット #funnycat #猫好きさんとつながりたい #catstagram #にゃんすたぐらむ #猫写真 #tuxedocat #cutecat #bestmeow #instacat #9gag #9gagcute #一眼レフのある生活 #catmeme,https://www.instagram.com/p/C5YRsL3vIVf/
2024/4/6,https://raw.githubusercontent.com/wangqi0821/uni-calendar-china/main/media/2024-04-06_12-03-46.mp4,Uni never shakes paws when I don't have treats :3  おやつを持ってない時は絶対にお手しない  #ミヌエット #funnycat #猫好きさんとつながりたい #catstagram #にゃんすたぐらむ #猫写真 #tuxedocat #cutecat #bestmeow #instacat #9gag #9gagcute #一眼レフのある生活 #catmeme,https://www.instagram.com/p/C5a1jPuvjkv/
2024/4/7,https://raw.githubusercontent.com/wangqi0821/uni-calendar-china/main/media/2024-04-07_12-09-39.jpg,I'm the strongest and the coolest! :3  ぼくは最強！そしてかっこいい！  #ミヌエット #funnycat #猫好きさんとつながりたい #catstagram #にゃんすたぐらむ #猫写真 #tuxedocat #cutecat #bestmeow #instacat #9gag #9gagcute #一眼レフのある生活 #catmeme,https://www.instagram.com/p/C5dbF_Gv3SX/
2024/4/8,https://raw.githubusercontent.com/wangqi0821/uni-calendar-china/main/media/2024-04-08_12-05-06.jpg,Sakura Uni??  #ミヌエット #funnycat #猫好きさんとつながりたい #catstagram #にゃんすたぐらむ #猫写真 #tuxedocat #cutecat #bestmeow #instacat #9gag #9gagcute #一眼レフのある生活 #catmeme,https://www.instagram.com/p/C5f_Xa_Plfa/
2024/4/9,https://raw.githubusercontent.com/wangqi0821/uni-calendar-china/main/media/2024-04-09_11-48-34.jpg,I'm here…  ここにいるよ  #ミヌエット #funnycat #猫好きさんとつながりたい #catstagram #にゃんすたぐらむ #猫写真 #tuxedocat #cutecat #bestmeow #instacat #9gag #9gagcute #一眼レフのある生活 #catmeme,https://www.instagram.com/p/C5iiRTNvTtU/
2024/4/10,https://raw.githubusercontent.com/wangqi0821/uni-calendar-china/main/media/2024-04-10_12-01-28.jpg,Uni and Yoru  うにとよる  #ミヌエット #funnycat #猫好きさんとつながりたい #catstagram #にゃんすたぐらむ #猫写真 #tuxedocat #cutecat #bestmeow #instacat #9gag #9gagcute #一眼レフのある生活 #catmeme,https://www.instagram.com/p/C5lIikmPeV6/
2024/4/11,https://raw.githubusercontent.com/wangqi0821/uni-calendar-china/main/media/2024-04-11_12-22-00.mp4,I used this song for the first time in a while!  久しぶりにこの曲！  #ミヌエット #funnycat #猫好きさんとつながりたい #catstagram #にゃんすたぐらむ #猫写真 #tuxedocat #cutecat #bestmeow #instacat #9gag #9gagcute #一眼レフのある生活 #catmeme,https://www.instagram.com/p/C5nvmhnvpec/
2024/4/12,"https://raw.githubusercontent.com/wangqi0821/uni-calendar-china/main/media/2024-04-12_12-06-22_1.jpg
https://raw.githubusercontent.com/wangqi0821/uni-calendar-china/main/media/2024-04-12_12-06-22_2.jpg
https://raw.githubusercontent.com/wangqi0821/uni-calendar-china/main/media/2024-04-12_12-06-22_3.jpg","""I'm the strongest!"" ""...I'm the sleepiest...""  #ミヌエット #funnycat #猫好きさんとつながりたい #catstagram #にゃんすたぐらむ #猫写真 #tuxedocat #cutecat #bestmeow #instacat #9gag #9gagcute #一眼レフのある生活 #catmeme",https://www.instagram.com/p/C5qSsUGvC_Q/
2024/4/13,https://raw.githubusercontent.com/wangqi0821/uni-calendar-china/main/media/2024-04-13_12-00-24.mp4,Uni's meow! sounds like Pokemon? :3  うにの鳴き声！ポケモンみたい？  #ミヌエット #funnycat #猫好きさんとつながりたい #catstagram #にゃんすたぐらむ #猫写真 #tuxedocat #cutecat #bestmeow #instacat #9gag #9gagcute #一眼レフのある生活 #catmeme,https://www.instagram.com/p/C5s2vkivOPk/
2024/4/14,https://raw.githubusercontent.com/wangqi0821/uni-calendar-china/main/media/2024-04-14_12-10-09.jpg,When Uni was 1 year old :3  うに、1歳の時  #ミヌエット #funnycat #猫好きさんとつながりたい #catstagram #にゃんすたぐらむ #猫写真 #tuxedocat #cutecat #bestmeow #instacat #9gag #9gagcute #一眼レフのある生活 #ビューティープロコンテスト,https://www.instagram.com/p/C5vctrwvTAl/
2024/4/15,"https://raw.githubusercontent.com/wangqi0821/uni-calendar-china/main/media/2024-04-15_12-08-32_1.jpg
https://raw.githubusercontent.com/wangqi0821/uni-calendar-china/main/media/2024-04-15_12-08-32_2.jpg",Uni is trying to catch a cat toy! :3  猫じゃらしを待ってます  #ミヌエット #funnycat #猫好きさんとつながりたい #catstagram #にゃんすたぐらむ #猫写真 #tuxedocat #cutecat #bestmeow #instacat #9gag #9gagcute #一眼レフのある生活 #ビューティープロコンテスト,https://www.instagram.com/p/C5yBUyZPh3l/
2024/4/16,https://raw.githubusercontent.com/wangqi0821/uni-calendar-china/main/media/2024-04-16_12-25-15.jpg,I have become too strong…  ぼくは強くなりすぎてしまった…  #ミヌエット #funnycat #猫好きさんとつながりたい #catstagram #にゃんすたぐらむ #猫写真 #tuxedocat #cutecat #bestmeow #instacat #9gag #9gagcute #一眼レフのある生活 #ビューティープロコンテスト,https://www.instagram.com/p/C50oCFNPC8B/
2024/4/17,https://raw.githubusercontent.com/wangqi0821/uni-calendar-china/main/media/2024-04-17_12-05-14.jpg,Fist bump! :3  うにとグータッチ！  #ミヌエット #funnycat #猫好きさんとつながりたい #catstagram #にゃんすたぐらむ #猫写真 #tuxedocat #cutecat #bestmeow #instacat #9gag #9gagcute #一眼レフのある生活 #ビューティープロコンテスト,https://www.instagram.com/p/C53KiVgviju/
2024/4/18,https://raw.githubusercontent.com/wangqi0821/uni-calendar-china/main/media/2024-04-18_12-20-49.mp4,A lot of people say I'm cute…  #ミヌエット #funnycat #猫好きさんとつながりたい #catstagram #にゃんすたぐらむ #猫写真 #tuxedocat #cutecat #bestmeow #instacat #9gag #9gagcute #一眼レフのある生活 #catmeme,https://www.instagram.com/p/C55xEwTv_CH/
2024/4/19,https://raw.githubusercontent.com/wangqi0821/uni-calendar-china/main/media/2024-04-19_12-14-08.jpg,What did Uni see?  うには何を見たのかな？  #ミヌエット #funnycat #猫好きさんとつながりたい #catstagram #にゃんすたぐらむ #猫写真 #tuxedocat #cutecat #bestmeow #instacat #9gag #9gagcute #一眼レフのある生活 #catmeme,https://www.instagram.com/p/C58VJUYv555/
2024/4/20,"https://raw.githubusercontent.com/wangqi0821/uni-calendar-china/main/media/2024-04-20_01-27-28_1.jpg
https://raw.githubusercontent.com/wangqi0821/uni-calendar-china/main/media/2024-04-20_01-27-28_2.jpg",HAPPY ZAZU FRIDAY!!!!!!! We got uni as our lovely guest :3 (I hope you guys have an amazing weekend!)  #cat #cats #zazufr #catmemes #silly #sillycats #catsofinstagram,https://www.instagram.com/p/C58x8Gax_xn/
2024/4/20,https://raw.githubusercontent.com/wangqi0821/uni-calendar-china/main/media/2024-04-20_12-29-51.jpg,Uni: “Can I shake your hand?”  握手してもらえますか？  #ミヌエット #funnycat #猫好きさんとつながりたい #catstagram #にゃんすたぐらむ #猫写真 #tuxedocat #cutecat #bestmeow #instacat #9gag #9gagcute #一眼レフのある生活 #ビューティープロコンテスト,https://www.instagram.com/p/C5-7vPTvXMf/
2024/4/20,,"When I held Uni, he seemed comfortable :3  抱っこしたら気持ち良さそう  #ミヌエット #funnycat #猫好きさんとつながりたい #catstagram #にゃんすたぐらむ #猫写真 #tuxedocat #cutecat #bestmeow #instacat #9gag #9gagcute #一眼レフのある生活 #ビューティープロコンテスト",https://www.instagram.com/p/C59v72YPXSb/
2024/4/21,"https://raw.githubusercontent.com/wangqi0821/uni-calendar-china/main/media/2024-04-21_12-00-58_1.jpg
https://raw.githubusercontent.com/wangqi0821/uni-calendar-china/main/media/2024-04-21_12-00-58_2.jpg
https://raw.githubusercontent.com/wangqi0821/uni-calendar-china/main/media/2024-04-21_12-00-58_3.jpg
https://raw.githubusercontent.com/wangqi0821/uni-calendar-china/main/media/2024-04-21_12-00-58_4.jpg","I made Mini Uni's friend, but…it's worse than Mini Uni… Why am I so clumsy?  ミニうにの友達を作りましたが、ミニうにより下手な作りに… 何でこんなに不器用なのか…  #羊毛フェルト #needlefelting",https://www.instagram.com/p/C6BdOi2vMxs/
2024/4/22,https://raw.githubusercontent.com/wangqi0821/uni-calendar-china/main/media/2024-04-22_12-00-21.jpg,I'm Uni :3  ぼくは、うに  #ミヌエット #funnycat #猫好きさんとつながりたい #catstagram #にゃんすたぐらむ #猫写真 #tuxedocat #cutecat #bestmeow #instacat #9gag #9gagcute #一眼レフのある生活 #ビューティープロコンテスト,https://www.instagram.com/p/C6EB86qPm6V/
2024/4/23,https://raw.githubusercontent.com/wangqi0821/uni-calendar-china/main/media/2024-04-23_12-26-33.jpg,What's for today's snack? :3  今日のおやつは何ですか？  #ミヌエット #funnycat #猫好きさんとつながりたい #catstagram #にゃんすたぐらむ #猫写真 #tuxedocat #cutecat #bestmeow #instacat #9gag #9gagcute #一眼レフのある生活 #ビューティープロコンテスト,https://www.instagram.com/p/C6GpvuuvV_B/
2024/4/24,https://raw.githubusercontent.com/wangqi0821/uni-calendar-china/main/media/2024-04-24_12-23-19.mp4,This treat is yummy! :3  このおやつ美味しい！  #ミヌエット #funnycat #猫好きさんとつながりたい #catstagram #にゃんすたぐらむ #猫写真 #tuxedocat #cutecat #bestmeow #instacat #9gag #9gagcute #一眼レフのある生活 #catmeme,https://www.instagram.com/p/C6JOIoWvc-v/
2024/4/25,https://raw.githubusercontent.com/wangqi0821/uni-calendar-china/main/media/2024-04-25_12-58-19.mp4,This song is stuck in my head!   この曲が頭から離れない！  #ミヌエット #funnycat #猫好きさんとつながりたい #catstagram #にゃんすたぐらむ #猫写真 #tuxedocat #cutecat #bestmeow #instacat #9gag #9gagcute #一眼レフのある生活 #catmeme,https://www.instagram.com/p/C6L2vnvPLrk/
2024/4/26,"https://raw.githubusercontent.com/wangqi0821/uni-calendar-china/main/media/2024-04-26_12-07-58_1.jpg
https://raw.githubusercontent.com/wangqi0821/uni-calendar-china/main/media/2024-04-26_12-07-58_2.jpg","""Mini Uni is my friend""  ミニうにはぼくの友達  #ミヌエット #funnycat #猫好きさんとつながりたい #catstagram #にゃんすたぐらむ #猫写真 #tuxedocat #cutecat #bestmeow #instacat #9gag #9gagcute #一眼レフのある生活 #catmeme",https://www.instagram.com/p/C6OWAMdPiU4/
2024/4/27,https://raw.githubusercontent.com/wangqi0821/uni-calendar-china/main/media/2024-04-27_12-29-26.jpg,"NAH, I'D WIN.  ぼくが勝つ  #ミヌエット #funnycat #猫好きさんとつながりたい #catstagram #にゃんすたぐらむ #猫写真 #tuxedocat #cutecat #bestmeow #instacat #9gag #9gagcute #一眼レフのある生活 #ビューティープロコンテスト",https://www.instagram.com/p/C6Q9QSIvNKC/
2024/4/28,"https://raw.githubusercontent.com/wangqi0821/uni-calendar-china/main/media/2024-04-28_12-34-07_1.jpg
https://raw.githubusercontent.com/wangqi0821/uni-calendar-china/main/media/2024-04-28_12-34-07_2.jpg
https://raw.githubusercontent.com/wangqi0821/uni-calendar-china/main/media/2024-04-28_12-34-07_3.jpg","""I'm the sleepiest...""  #ミヌエット #funnycat #猫好きさんとつながりたい #catstagram #にゃんすたぐらむ #猫写真 #tuxedocat #cutecat #bestmeow #instacat #9gag #9gagcute #一眼レフのある生活 #catmeme",https://www.instagram.com/p/C6Tiljcvw73/
2024/4/29,https://raw.githubusercontent.com/wangqi0821/uni-calendar-china/main/media/2024-04-29_12-04-30.jpg,Round Uni! :3  丸い！  #ミヌエット #funnycat #猫好きさんとつながりたい #catstagram #にゃんすたぐらむ #猫写真 #tuxedocat #cutecat #bestmeow #instacat #9gag #9gagcute #一眼レフのある生活 #ビューティープロコンテスト,https://www.instagram.com/p/C6WD_b7PKPr/
2024/4/29,"https://raw.githubusercontent.com/wangqi0821/uni-calendar-china/main/media/2024-04-29_14-08-21_1.jpg
https://raw.githubusercontent.com/wangqi0821/uni-calendar-china/main/media/2024-04-29_14-08-21_10.jpg
https://raw.githubusercontent.com/wangqi0821/uni-calendar-china/main/media/2024-04-29_14-08-21_2.jpg
https://raw.githubusercontent.com/wangqi0821/uni-calendar-china/main/media/2024-04-29_14-08-21_3.jpg
https://raw.githubusercontent.com/wangqi0821/uni-calendar-china/main/media/2024-04-29_14-08-21_4.jpg
https://raw.githubusercontent.com/wangqi0821/uni-calendar-china/main/media/2024-04-29_14-08-21_5.jpg
https://raw.githubusercontent.com/wangqi0821/uni-calendar-china/main/media/2024-04-29_14-08-21_6.jpg
https://raw.githubusercontent.com/wangqi0821/uni-calendar-china/main/media/2024-04-29_14-08-21_7.jpg
https://raw.githubusercontent.com/wangqi0821/uni-calendar-china/main/media/2024-04-29_14-08-21_8.jpg
https://raw.githubusercontent.com/wangqi0821/uni-calendar-china/main/media/2024-04-29_14-08-21_9.jpg","Thank you for your patience!  The ""Uni's pin badge"" that has been requested since last year will be available for purchase on Tuesday, April 30th, at 10:00 PM Japan time.  As each pin badge is handmade by us, quantities are limited. We have prepared three different designs, so please find your favorite.  Once again, we will be collaborating with ""Japanese Creative Bookstore"" to offer sticker sets. Each set includes one hologram sticker and four die-cut stickers, totaling five stickers.  【Uni’s pin badge (face ver.) & sticker set】  【Uni’s pin badge (cardboard-box ver.) & sticker set】  【Uni’s pin badge (egg uni ver.) & sticker set】  Furthermore, due to popular demand from last year, we will be selling a small quantity of postcard books as a set. Each postcard book contains 20 postcards.  【 Uni’s pin badge (face ver.) & Postcard Book & sticker set 】  【 Uni’s pin badge (cardboard-box ver.) & Postcard Book & sticker set 】  【 Uni’s pin badge (egg uni ver.) & Postcard Book & sticker set 】  Additionally, the 2024 Minuet Uni Wall Calendar, which sold out at the end of last year, will be available for purchase again. This will also be sold as a set with stickers.  【 2024 Minuet Uni Wall Calendar & sticker set 】  Please note: - These items are available for sale to international customers only. - The postcard books and stickers are a collaboration with ""Japanese Creative Bookstore（ @japanese.creative.bookstore ）"" and can only be purchased at their shop.  You can view all the products on the following page (sales start at 10:00 PM Japan time on Tuesday, April 30th):  https://japanese-creative-books.com/pickup/theme/uni-the-minuet-cat/  ??I will post each link to my story??",https://www.instagram.com/p/C6WSKlXPZOb/
2024/4/30,"https://raw.githubusercontent.com/wangqi0821/uni-calendar-china/main/media/2024-04-30_12-22-57_1.jpg
https://raw.githubusercontent.com/wangqi0821/uni-calendar-china/main/media/2024-04-30_12-22-57_2.jpg
https://raw.githubusercontent.com/wangqi0821/uni-calendar-china/main/media/2024-04-30_12-22-57_3.jpg
https://raw.githubusercontent.com/wangqi0821/uni-calendar-china/main/media/2024-04-30_12-22-57_4.jpg",Melting Uni…  溶けていく…  #ミヌエット #funnycat #猫好きさんとつながりたい #catstagram #にゃんすたぐらむ #猫写真 #tuxedocat #cutecat #bestmeow #instacat #9gag #9gagcute #一眼レフのある生活 #catmeme,https://www.instagram.com/p/C6Yq5hJvSqV/
2024/5/1,https://raw.githubusercontent.com/wangqi0821/uni-calendar-china/main/media/2024-05-01_12-37-52.jpg,what a distinguished gentleman  うには紳士です  #ミヌエット #funnycat #猫好きさんとつながりたい #catstagram #にゃんすたぐらむ #猫写真 #tuxedocat #cutecat #bestmeow #instacat #9gag #9gagcute #一眼レフのある生活 #ビューティープロコンテスト,https://www.instagram.com/p/C6bRZjmvdj_/
2024/5/2,https://raw.githubusercontent.com/wangqi0821/uni-calendar-china/main/media/2024-05-02_12-07-15.jpg,matching costumes?  お揃いの格好！  #FNAF  #ミヌエット #funnycat #猫好きさんとつながりたい #catstagram #にゃんすたぐらむ #猫写真 #tuxedocat #cutecat #bestmeow #instacat #9gag #9gagcute #一眼レフのある生活,https://www.instagram.com/p/C6dysQAvYes/
2024/5/3,https://raw.githubusercontent.com/wangqi0821/uni-calendar-china/main/media/2024-05-03_12-06-22.jpg,Uni's strongest punch! :3  最強パンチ！  #ミヌエット #funnycat #猫好きさんとつながりたい #catstagram #にゃんすたぐらむ #猫写真 #tuxedocat #cutecat #bestmeow #instacat #9gag #9gagcute #一眼レフのある生活 #ビューティープロコンテスト,https://www.instagram.com/p/C6gXYqKPSY4/
2024/5/4,https://raw.githubusercontent.com/wangqi0821/uni-calendar-china/main/media/2024-05-04_12-30-03.mp4,editing my car like a car! :3  #ミヌエット #funnycat #猫好きさんとつながりたい #catstagram #にゃんすたぐらむ #猫写真 #tuxedocat #cutecat #bestmeow #instacat #9gag #9gagcute #一眼レフのある生活 #catmeme,https://www.instagram.com/p/C6i-zHwvNim/
2024/5/5,https://raw.githubusercontent.com/wangqi0821/uni-calendar-china/main/media/2024-05-05_12-34-47.jpg,I'm the strongest! :3  ぼくは最強！  #ミヌエット #funnycat #猫好きさんとつながりたい #catstagram #にゃんすたぐらむ #猫写真 #tuxedocat #cutecat #bestmeow #instacat #9gag #9gagcute #一眼レフのある生活 #catmeme,https://www.instagram.com/p/C6lkOdQPvRF/
2024/5/6,https://raw.githubusercontent.com/wangqi0821/uni-calendar-china/main/media/2024-05-06_12-44-43.jpg,The top hat looks good on Uni! :3  帽子似合ってるね  #ミヌエット #funnycat #猫好きさんとつながりたい #catstagram #にゃんすたぐらむ #猫写真 #tuxedocat #cutecat #bestmeow #instacat #9gag #9gagcute #一眼レフのある生活 #ビューティープロコンテスト,https://www.instagram.com/p/C6oKKMWPUIc/
2024/5/7,"https://raw.githubusercontent.com/wangqi0821/uni-calendar-china/main/media/2024-05-07_12-38-49_1.jpg
https://raw.githubusercontent.com/wangqi0821/uni-calendar-china/main/media/2024-05-07_12-38-49_2.jpg
https://raw.githubusercontent.com/wangqi0821/uni-calendar-china/main/media/2024-05-07_12-38-49_3.jpg",Uni was sleeping while being watched over by Mini Unis.  ミニうにたちに見守られながら寝てました  #ミヌエット #funnycat #猫好きさんとつながりたい #catstagram #にゃんすたぐらむ #猫写真 #tuxedocat #cutecat #bestmeow #instacat #9gag #9gagcute #一眼レフのある生活 #catmeme,https://www.instagram.com/p/C6quR2PvZe_/
2024/5/8,https://raw.githubusercontent.com/wangqi0821/uni-calendar-china/main/media/2024-05-08_02-52-47.jpg,You can stroke my tummy :3  ぼくのお腹を撫でてもいいよ  #ミヌエット #funnycat #猫好きさんとつながりたい #catstagram #にゃんすたぐらむ #猫写真 #tuxedocat #cutecat #bestmeow #instacat #9gag #9gagcute #一眼レフのある生活 #ビューティープロコンテスト,https://www.instagram.com/p/C6sQAd6vyzt/
2024/5/8,"https://raw.githubusercontent.com/wangqi0821/uni-calendar-china/main/media/2024-05-08_12-35-57_1.jpg
https://raw.githubusercontent.com/wangqi0821/uni-calendar-china/main/media/2024-05-08_12-35-57_2.jpg",:3 → ??  #ミヌエット #funnycat #猫好きさんとつながりたい #catstagram #にゃんすたぐらむ #猫写真 #tuxedocat #cutecat #bestmeow #instacat #9gag #9gagcute #一眼レフのある生活 #catmeme,https://www.instagram.com/p/C6tSvsrPw8T/
2024/5/9,https://raw.githubusercontent.com/wangqi0821/uni-calendar-china/main/media/2024-05-09_12-15-52.mp4,When Uni was 1 year old :3  うに1歳の時  #ミヌエット #funnycat #猫好きさんとつながりたい #catstagram #にゃんすたぐらむ #猫写真 #tuxedocat #cutecat #bestmeow #instacat #一眼レフのある生活 #catmeme,https://www.instagram.com/p/C6uQxxpyoUu/
2024/5/9,,Uni is approaching! :3  うにが近寄ってきた！  #ミヌエット #funnycat #猫好きさんとつながりたい #catstagram #にゃんすたぐらむ #猫写真 #tuxedocat #cutecat #bestmeow #instacat #一眼レフのある生活 #catmeme,https://www.instagram.com/p/C6v1Kf-vAdJ/
2024/5/10,"https://raw.githubusercontent.com/wangqi0821/uni-calendar-china/main/media/2024-05-10_12-32-34_1.jpg
https://raw.githubusercontent.com/wangqi0821/uni-calendar-china/main/media/2024-05-10_12-32-34_2.jpg",Uni's strongest punch! :3  うにの最強パンチ！  #ミヌエット #funnycat #猫好きさんとつながりたい #catstagram #にゃんすたぐらむ #猫写真 #tuxedocat #cutecat #bestmeow #instacat #一眼レフのある生活 #catmeme,https://www.instagram.com/p/C6yb8nOPlvB/
2024/5/11,https://raw.githubusercontent.com/wangqi0821/uni-calendar-china/main/media/2024-05-11_12-11-02.mp4,After I adjusted Uni's bow tie…smug face! :3  蝶ネクタイを直した後に…ドヤッ！  #ミヌエット #funnycat #猫好きさんとつながりたい #catstagram #にゃんすたぐらむ #猫写真 #tuxedocat #cutecat #bestmeow #instacat #一眼レフのある生活 #catmeme,https://www.instagram.com/p/C60-QdfPsBj/
2024/5/12,"https://raw.githubusercontent.com/wangqi0821/uni-calendar-china/main/media/2024-05-12_12-24-58_1.jpg
https://raw.githubusercontent.com/wangqi0821/uni-calendar-china/main/media/2024-05-12_12-24-58_2.jpg
https://raw.githubusercontent.com/wangqi0821/uni-calendar-china/main/media/2024-05-12_12-24-58_3.jpg",Uni's funny face collection! :3  うにの変顔コレクション！  #ミヌエット #funnycat #猫好きさんとつながりたい #catstagram #にゃんすたぐらむ #猫写真 #tuxedocat #cutecat #bestmeow #instacat #一眼レフのある生活 #catmeme,https://www.instagram.com/p/C63kqwUPMZK/
2024/5/13,https://raw.githubusercontent.com/wangqi0821/uni-calendar-china/main/media/2024-05-13_12-21-28.jpg,"Can you pet me, please?  撫でてもらえますか？  #ミヌエット #funnycat #猫好きさんとつながりたい #catstagram #にゃんすたぐらむ #猫写真 #tuxedocat #cutecat #bestmeow #instacat #一眼レフのある生活 #ビューティープロコンテスト",https://www.instagram.com/p/C66JEASPdqp/
2024/5/13,,Uni…are you really a cat?  本当に猫…？  #ミヌエット #funnycat #猫好きさんとつながりたい #catstagram #にゃんすたぐらむ #猫写真 #tuxedocat #cutecat #bestmeow #instacat #一眼レフのある生活 #catmeme,https://www.instagram.com/p/C64jfu1SxLU/
2024/5/14,https://raw.githubusercontent.com/wangqi0821/uni-calendar-china/main/media/2024-05-14_03-04-11.jpg,Blep! :3  ぺろっ！  #ミヌエット #funnycat #猫好きさんとつながりたい #catstagram #にゃんすたぐらむ #猫写真 #tuxedocat #cutecat #bestmeow #instacat #一眼レフのある生活 #catmeme,https://www.instagram.com/p/C68s9MUvl1w/
2024/5/14,https://raw.githubusercontent.com/wangqi0821/uni-calendar-china/main/media/2024-05-14_12-13-36.jpg,very surprised! :3  びっくり！  #ミヌエット #funnycat #猫好きさんとつながりたい #catstagram #にゃんすたぐらむ #猫写真 #tuxedocat #cutecat #bestmeow #instacat #一眼レフのある生活 #catmeme,https://www.instagram.com/p/C67uFJxPD11/
2024/5/15,"https://raw.githubusercontent.com/wangqi0821/uni-calendar-china/main/media/2024-05-15_02-42-51_1.jpg
https://raw.githubusercontent.com/wangqi0821/uni-calendar-china/main/media/2024-05-15_02-42-51_2.jpg",I'm the strongest! :3  ぼくは最強！  #ミヌエット #funnycat #猫好きさんとつながりたい #catstagram #にゃんすたぐらむ #猫写真 #tuxedocat #cutecat #bestmeow #instacat #一眼レフのある生活 #catmeme,https://www.instagram.com/p/C6_UNCIv6Az/
2024/5/15,https://raw.githubusercontent.com/wangqi0821/uni-calendar-china/main/media/2024-05-15_12-35-01.jpg,This box is too small…  この箱は小さすぎます…  #ミヌエット #funnycat #猫好きさんとつながりたい #catstagram #にゃんすたぐらむ #猫写真 #tuxedocat #cutecat #bestmeow #instacat #一眼レフのある生活 #catmeme,https://www.instagram.com/p/C6-QbyPPRfs/
2024/5/16,,What's for today's snack? :3  今日のおやつは何かな？  #ミヌエット #funnycat #猫好きさんとつながりたい #catstagram #にゃんすたぐらむ #猫写真 #tuxedocat #cutecat #bestmeow #instacat #一眼レフのある生活 #catmeme,https://www.instagram.com/p/C7B3GKxvACJ/
2024/5/17,"https://raw.githubusercontent.com/wangqi0821/uni-calendar-china/main/media/2024-05-17_03-07-14_1.jpg
https://raw.githubusercontent.com/wangqi0821/uni-calendar-china/main/media/2024-05-17_03-07-14_2.jpg",I'm never going to lose! :3  ぼくは負けない！  #ミヌエット #funnycat #猫好きさんとつながりたい #catstagram #にゃんすたぐらむ #猫写真 #tuxedocat #cutecat #bestmeow #instacat #一眼レフのある生活 #catmeme,https://www.instagram.com/p/C7Eb_GFP5pn/
2024/5/17,"https://raw.githubusercontent.com/wangqi0821/uni-calendar-china/main/media/2024-05-17_12-19-14_1.jpg
https://raw.githubusercontent.com/wangqi0821/uni-calendar-china/main/media/2024-05-17_12-19-14_2.jpg",I'm a master of hide and seek :3  ぼくはかくれんぼの達人です  #ミヌエット #funnycat #猫好きさんとつながりたい #catstagram #にゃんすたぐらむ #猫写真 #tuxedocat #cutecat #bestmeow #instacat #一眼レフのある生活 #catmeme,https://www.instagram.com/p/C7Dc0IlPizx/
2024/5/18,,What is that cute creature!!??  何だあの可愛い生き物は！  #ミヌエット #funnycat #猫好きさんとつながりたい #catstagram #にゃんすたぐらむ #猫写真 #tuxedocat #cutecat #bestmeow #instacat #一眼レフのある生活 #catmeme,https://www.instagram.com/p/C7F94uLvq-a/
2024/5/18,,I have become too strong…  ぼくは強くなりすぎてしまった…  #ミヌエット #funnycat #猫好きさんとつながりたい #catstagram #にゃんすたぐらむ #猫写真 #tuxedocat #cutecat #bestmeow #instacat #一眼レフのある生活 #catmeme,https://www.instagram.com/p/C7HCjN8PCYC/
2024/5/19,,Uni was so excited at a bug on the ceiling! :3  天井にいた虫を見つけて大興奮！  #ミヌエット #funnycat #猫好きさんとつながりたい #catstagram #にゃんすたぐらむ #猫写真 #tuxedocat #cutecat #bestmeow #instacat #一眼レフのある生活 #catmeme,https://www.instagram.com/p/C7JntoOvCI_/
2024/5/19,,This box is pretty good…  この箱はなかなかいい…  #ミヌエット #funnycat #猫好きさんとつながりたい #catstagram #にゃんすたぐらむ #猫写真 #tuxedocat #cutecat #bestmeow #instacat #一眼レフのある生活 #catmeme,https://www.instagram.com/p/C7IY3gmvRic/
2024/5/20,,I'm the strongest! :3  ぼくは最強！  #ミヌエット #funnycat #猫好きさんとつながりたい #catstagram #にゃんすたぐらむ #猫写真 #tuxedocat #cutecat #bestmeow #instacat #一眼レフのある生活 #catmeme,https://www.instagram.com/p/C7LEmV2viSs/
2024/5/20,,【お知らせ】  NTTドコモ提供『スゴ得コンテンツ』の「和×ゴス×キセカエ」に ここでしか手に入らない『うに』限定スマホ壁紙が登場??  スゴ得会員なら取り放題です！  詳細? https://kisekae-tk.gsj.mobi/view.page/static/lp/uni/  ドコモ以外もOK?ｄポイントがもらえるキャンペーン中?? スゴ得コンテンツ詳細?? https://www.docomo.ne.jp/service/sugotoku/  リンクはストーリーにも置いときますね?  #pr #ミヌエット #funnycat #猫好きさんとつながりたい #catstagram #にゃんすたぐらむ #猫写真 #tuxedocat,https://www.instagram.com/p/C7L_aNwPtNv/
2024/5/20,,Uni's strongest punch! :3  最強パンチ！  #ミヌエット #funnycat #猫好きさんとつながりたい #catstagram #にゃんすたぐらむ #猫写真 #tuxedocat #cutecat #bestmeow #instacat #一眼レフのある生活 #catmeme,https://www.instagram.com/p/C7MOM-Mv_vW/
2024/5/21,https://raw.githubusercontent.com/wangqi0821/uni-calendar-china/main/media/2024-05-21_21-20-45.jpg,That was yummy! :3  おいしかった！  #ミヌエット #funnycat #猫好きさんとつながりたい #catstagram #にゃんすたぐらむ #猫写真 #tuxedocat #cutecat #bestmeow #instacat #一眼レフのある生活 #catmeme,https://www.instagram.com/p/C7OuwlVvKG8/
2024/5/21,,Blep!  ぺろっ！  #ミヌエット #funnycat #猫好きさんとつながりたい #catstagram #にゃんすたぐらむ #猫写真 #tuxedocat #cutecat #bestmeow #instacat #一眼レフのある生活 #catmeme,https://www.instagram.com/p/C7Njw1Sv5Gt/
2024/5/22,https://raw.githubusercontent.com/wangqi0821/uni-calendar-china/main/media/2024-05-22_12-43-26.jpg,Uni's big yawn :3  うにのあくび  #ミヌエット #funnycat #猫好きさんとつながりたい #catstagram #にゃんすたぐらむ #猫写真 #tuxedocat #cutecat #bestmeow #instacat #一眼レフのある生活 #catmeme,https://www.instagram.com/p/C7RWutUv-f1/
2024/5/22,"https://raw.githubusercontent.com/wangqi0821/uni-calendar-china/main/media/2024-05-22_20-56-39_1.jpg
https://raw.githubusercontent.com/wangqi0821/uni-calendar-china/main/media/2024-05-22_20-56-39_2.jpg",I'm the strongest lion! :3  ぼくは最強のライオンです  #ミヌエット #funnycat #猫好きさんとつながりたい #catstagram #にゃんすたぐらむ #猫写真 #tuxedocat #cutecat #bestmeow #instacat #一眼レフのある生活 #catmeme,https://www.instagram.com/p/C7PtIwtS05b/
2024/5/23,https://raw.githubusercontent.com/wangqi0821/uni-calendar-china/main/media/2024-05-23_03-01-34.jpg,"Uni, you're a good boy :3  うに、いい子  #ミヌエット #funnycat #猫好きさんとつながりたい #catstagram #にゃんすたぐらむ #猫写真 #tuxedocat #cutecat #bestmeow #instacat #一眼レフのある生活 #catmeme",https://www.instagram.com/p/C7T3mPgvUT_/
2024/5/23,https://raw.githubusercontent.com/wangqi0821/uni-calendar-china/main/media/2024-05-23_12-09-07.jpg,Bring it on! :3  かかってこい！  #ミヌエット #funnycat #猫好きさんとつながりたい #catstagram #にゃんすたぐらむ #猫写真 #tuxedocat #cutecat #bestmeow #instacat #一眼レフのある生活 #catmeme,https://www.instagram.com/p/C7SPLMyyNlB/
2024/5/23,"https://raw.githubusercontent.com/wangqi0821/uni-calendar-china/main/media/2024-05-23_20-44-46_1.jpg
https://raw.githubusercontent.com/wangqi0821/uni-calendar-china/main/media/2024-05-23_20-44-46_2.jpg
https://raw.githubusercontent.com/wangqi0821/uni-calendar-china/main/media/2024-05-23_20-44-46_3.jpg",【お知らせ??】  NTTドコモ提供『スゴ得コンテンツ』の「有名スタンプ取り放題」で『うに』のスタンプが配信されることになりました！  詳細?? https://stamp-ds.gsj.mobi/view.page/static/lp/uni/  ドコモ以外もOKで、現在ｄポイントがもらえるキャンペーン中です?  スゴ得コンテンツ詳細?? https://www.docomo.ne.jp/service/sugotoku/  ストーリー、ハイライトにもリンク置いときますね??  #PR #ミヌエット #funnycat #猫好きさんとつながりたい #catstagram #にゃんすたぐらむ #猫写真 #tuxedocat #cutecat,https://www.instagram.com/p/C7S472GPALw/
2024/5/24,"https://raw.githubusercontent.com/wangqi0821/uni-calendar-china/main/media/2024-05-24_09-42-16_1.jpg
https://raw.githubusercontent.com/wangqi0821/uni-calendar-china/main/media/2024-05-24_09-42-16_2.jpg
https://raw.githubusercontent.com/wangqi0821/uni-calendar-china/main/media/2024-05-24_09-42-16_3.jpg
https://raw.githubusercontent.com/wangqi0821/uni-calendar-china/main/media/2024-05-24_09-42-16_4.jpg
https://raw.githubusercontent.com/wangqi0821/uni-calendar-china/main/media/2024-05-24_09-42-16_5.jpg
https://raw.githubusercontent.com/wangqi0821/uni-calendar-china/main/media/2024-05-24_09-42-16_5.mp4",【ねこのうに おててクッション】がカプセルトイで5/25(土)頃から登場します?? （早いところはもう展開されてるっぽい！）  うにの可愛いショットは5種類！ おてて面はうにと握手してるみたいな気持ちになれるかも？  ふかふかクッションで癒される感触です?  とっても可愛いのでぜひゲットして下さいね??  #pr #ミヌエット #funnycat #猫好きさんとつながりたい #catstagram #にゃんすたぐらむ #猫写真 #tuxedocat #カプセルトイ,https://www.instagram.com/p/C7WLllCvCXo/
2024/5/24,https://raw.githubusercontent.com/wangqi0821/uni-calendar-china/main/media/2024-05-24_14-03-17.jpg,May I help you? :3  #ミヌエット #funnycat #猫好きさんとつながりたい #catstagram #にゃんすたぐらむ #猫写真 #tuxedocat #cutecat #bestmeow #instacat #一眼レフのある生活 #catmeme,https://www.instagram.com/p/C7WpdXLvbPZ/
2024/5/24,,I'm the strongest! :3  ぼくは最強！  #ミヌエット #funnycat #猫好きさんとつながりたい #catstagram #にゃんすたぐらむ #猫写真 #tuxedocat #cutecat #bestmeow #instacat #一眼レフのある生活 #catmeme,https://www.instagram.com/p/C7UynC9S8R6/
2024/5/25,https://raw.githubusercontent.com/wangqi0821/uni-calendar-china/main/media/2024-05-25_13-08-15.mp4,"“You don’t have treats, so I won’t shake paws!”  おやつを持ってないのでお手しません！  #ミヌエット #funnycat #猫好きさんとつながりたい #catstagram #にゃんすたぐらむ #猫写真 #tuxedocat #cutecat #bestmeow #instacat #一眼レフのある生活 #catmeme",https://www.instagram.com/p/C7ZH7p6vst6/
2024/5/26,https://raw.githubusercontent.com/wangqi0821/uni-calendar-china/main/media/2024-05-26_12-40-02.jpg,sparkling eyes! :3  おめめキラキラ  #ミヌエット #funnycat #猫好きさんとつながりたい #catstagram #にゃんすたぐらむ #猫写真 #tuxedocat #cutecat #bestmeow #instacat #一眼レフのある生活 #catmeme,https://www.instagram.com/p/C7bphUnP4Wg/
2024/5/27,https://raw.githubusercontent.com/wangqi0821/uni-calendar-china/main/media/2024-05-27_13-13-01.jpg,Hi! I'm Uni! :3  #ミヌエット #funnycat #猫好きさんとつながりたい #catstagram #にゃんすたぐらむ #猫写真 #tuxedocat #cutecat #bestmeow #instacat #一眼レフのある生活 #catmeme,https://www.instagram.com/p/C7clz5YSJ1P/
2024/5/27,,I'm here :3  ここにいるよ  #ミヌエット #funnycat #猫好きさんとつながりたい #catstagram #にゃんすたぐらむ #猫写真 #tuxedocat #cutecat #bestmeow #instacat #一眼レフのある生活 #catmeme,https://www.instagram.com/p/C7eSF1dvid_/
2024/5/28,https://raw.githubusercontent.com/wangqi0821/uni-calendar-china/main/media/2024-05-28_12-42-52.jpg,"""Mini Uni is my friend""  ミニうにはぼくの友達  #ミヌエット #funnycat #猫好きさんとつながりたい #catstagram #にゃんすたぐらむ #猫写真 #tuxedocat #cutecat #bestmeow #instacat #一眼レフのある生活 #catmeme",https://www.instagram.com/p/C7gzb3SPrWr/
2024/5/29,https://raw.githubusercontent.com/wangqi0821/uni-calendar-china/main/media/2024-05-29_12-20-03.jpg,Round Uni! :3  丸っこい！  #ミヌエット #funnycat #猫好きさんとつながりたい #catstagram #にゃんすたぐらむ #猫写真 #tuxedocat #cutecat #bestmeow #instacat #一眼レフのある生活 #catmeme,https://www.instagram.com/p/C7jVnl4PjKx/
2024/5/29,,Uni at the bar?  バーにいるみたい？  #ミヌエット #funnycat #猫好きさんとつながりたい #catstagram #にゃんすたぐらむ #猫写真 #tuxedocat #cutecat #bestmeow #instacat #一眼レフのある生活 #catmeme,https://www.instagram.com/p/C7hrSW4SPf7/
2024/5/30,https://raw.githubusercontent.com/wangqi0821/uni-calendar-china/main/media/2024-05-30_00-24-37.jpg,I'm Uni :3  #ミヌエット #funnycat #猫好きさんとつながりたい #catstagram #にゃんすたぐらむ #猫写真 #tuxedocat #cutecat #bestmeow #instacat #一眼レフのある生活 #catmeme,https://www.instagram.com/p/C7koihZyikW/
2024/5/30,https://raw.githubusercontent.com/wangqi0821/uni-calendar-china/main/media/2024-05-30_12-26-52.jpg,I'm here :3  ここにいるよ  #ミヌエット #funnycat #猫好きさんとつながりたい #catstagram #にゃんすたぐらむ #猫写真 #tuxedocat #cutecat #bestmeow #instacat #一眼レフのある生活 #catmeme,https://www.instagram.com/p/C7l7MY0vgff/
2024/5/31,https://raw.githubusercontent.com/wangqi0821/uni-calendar-china/main/media/2024-05-31_01-08-05.jpg,"""You have treats! Please shake my hand!""  「おやつ持ってる…！お手します！」  #ミヌエット #funnycat #猫好きさんとつながりたい #catstagram #にゃんすたぐらむ #猫写真 #tuxedocat #cutecat #bestmeow #instacat #一眼レフのある生活 #catmeme",https://www.instagram.com/p/C7ohKIjvzPr/
2024/5/31,https://raw.githubusercontent.com/wangqi0821/uni-calendar-china/main/media/2024-05-31_12-37-34.mp4,Uni…Are you really a cat?  本当に猫？  #ミヌエット #funnycat #猫好きさんとつながりたい #catstagram #にゃんすたぐらむ #猫写真 #tuxedocat #cutecat #bestmeow #instacat #一眼レフのある生活 #catmeme,https://www.instagram.com/p/C7nSTu3PJFj/
2024/6/1,"https://raw.githubusercontent.com/wangqi0821/uni-calendar-china/main/media/2024-06-01_04-24-57_1.jpg
https://raw.githubusercontent.com/wangqi0821/uni-calendar-china/main/media/2024-06-01_04-24-57_2.jpg",cute round eyes!  可愛いおめめ！  #ミヌエット #funnycat #猫好きさんとつながりたい #catstagram #にゃんすたぐらむ #猫写真 #tuxedocat #cutecat #bestmeow #instacat #一眼レフのある生活 #catmeme,https://www.instagram.com/p/C7rGXbKvCyd/
2024/6/1,"https://raw.githubusercontent.com/wangqi0821/uni-calendar-china/main/media/2024-06-01_12-40-42_1.jpg
https://raw.githubusercontent.com/wangqi0821/uni-calendar-china/main/media/2024-06-01_12-40-42_2.jpg",When Uni was a kitten  子猫時代のうに  #ミヌエット #funnycat #猫好きさんとつながりたい #catstagram #にゃんすたぐらむ #猫写真 #tuxedocat #cutecat #bestmeow #instacat #一眼レフのある生活 #catmeme,https://www.instagram.com/p/C7qNodKvlyE/
2024/6/2,https://raw.githubusercontent.com/wangqi0821/uni-calendar-china/main/media/2024-06-02_00-06-14.jpg,I'm the strongest! :3  ぼくは最強！  #ミヌエット #funnycat #猫好きさんとつながりたい #catstagram #にゃんすたぐらむ #猫写真 #tuxedocat #cutecat #bestmeow #instacat #一眼レフのある生活 #catmeme,https://www.instagram.com/p/C7tqW43vW8o/
2024/6/2,"https://raw.githubusercontent.com/wangqi0821/uni-calendar-china/main/media/2024-06-02_12-33-40_1.jpg
https://raw.githubusercontent.com/wangqi0821/uni-calendar-china/main/media/2024-06-02_12-33-40_2.jpg",Uni!!??  #ミヌエット #funnycat #猫好きさんとつながりたい #catstagram #にゃんすたぐらむ #猫写真 #tuxedocat #cutecat #bestmeow #instacat #一眼レフのある生活 #catmeme,https://www.instagram.com/p/C7sU0cfyXMj/
2024/6/3,"https://raw.githubusercontent.com/wangqi0821/uni-calendar-china/main/media/2024-06-03_00-57-15_1.jpg
https://raw.githubusercontent.com/wangqi0821/uni-calendar-china/main/media/2024-06-03_00-57-15_2.jpg","NAH, I'D WIN.  ぼくが勝つ  #ミヌエット #funnycat #猫好きさんとつながりたい #catstagram #にゃんすたぐらむ #猫写真 #tuxedocat #cutecat #bestmeow #instacat #一眼レフのある生活 #catmeme",https://www.instagram.com/p/C7wV0mSPQdq/
2024/6/3,https://raw.githubusercontent.com/wangqi0821/uni-calendar-china/main/media/2024-06-03_13-31-57.jpg,I made Uni feel good by brushing :3  ブラッシングでご機嫌なうに  #ミヌエット #funnycat #猫好きさんとつながりたい #catstagram #にゃんすたぐらむ #猫写真 #tuxedocat #cutecat #bestmeow #instacat #一眼レフのある生活 #catmeme,https://www.instagram.com/p/C7u_c_dS86u/
2024/6/4,"https://raw.githubusercontent.com/wangqi0821/uni-calendar-china/main/media/2024-06-04_00-42-55_1.jpg
https://raw.githubusercontent.com/wangqi0821/uni-calendar-china/main/media/2024-06-04_00-42-55_2.jpg",Uni's front legs look like they're crossed :3  うにの前足はクロスしてるように見えます  #ミヌエット #funnycat #猫好きさんとつながりたい #catstagram #にゃんすたぐらむ #猫写真 #tuxedocat #cutecat #bestmeow #instacat #一眼レフのある生活 #catmeme,https://www.instagram.com/p/C7y0gflyddr/
2024/6/4,https://raw.githubusercontent.com/wangqi0821/uni-calendar-china/main/media/2024-06-04_12-38-34.jpg,I'm a master of hide and seek :3  ぼくはかくれんぼの達人です  #ミヌエット #funnycat #猫好きさんとつながりたい #catstagram #にゃんすたぐらむ #猫写真 #tuxedocat #cutecat #bestmeow #instacat #一眼レフのある生活 #catmeme,https://www.instagram.com/p/C7xim38SJl5/
2024/6/5,https://raw.githubusercontent.com/wangqi0821/uni-calendar-china/main/media/2024-06-05_02-11-25.jpg,muscular Uni!  マッスルなうに？  #ミヌエット #funnycat #猫好きさんとつながりたい #catstagram #にゃんすたぐらむ #猫写真 #tuxedocat #cutecat #bestmeow #instacat #一眼レフのある生活 #catmeme,https://www.instagram.com/p/C70Rh-Vyp5j/
2024/6/5,https://raw.githubusercontent.com/wangqi0821/uni-calendar-china/main/media/2024-06-05_12-24-31.jpg,Uni's strongest punch! :3  最強パンチ！  #ミヌエット #funnycat #猫好きさんとつながりたい #catstagram #にゃんすたぐらむ #猫写真 #tuxedocat #cutecat #bestmeow #instacat #一眼レフのある生活 #catmeme,https://www.instagram.com/p/C71XsaPyjxC/
2024/6/6,https://raw.githubusercontent.com/wangqi0821/uni-calendar-china/main/media/2024-06-06_13-09-23.jpg,I've become too strong…  ぼくは強くなりすぎてしまった…  #ミヌエット #funnycat #猫好きさんとつながりたい #catstagram #にゃんすたぐらむ #猫写真 #tuxedocat #cutecat #bestmeow #instacat #一眼レフのある生活 #catmeme,https://www.instagram.com/p/C74Bn7Hy6F_/
2024/6/7,https://raw.githubusercontent.com/wangqi0821/uni-calendar-china/main/media/2024-06-07_01-05-18.jpg,I'm the strongest lion! :3  ぼくは最強のライオン！  #ミヌエット #funnycat #猫好きさんとつながりたい #catstagram #にゃんすたぐらむ #猫写真 #tuxedocat #cutecat #bestmeow #instacat #一眼レフのある生活 #catmeme,https://www.instagram.com/p/C76gu6HSkJi/
2024/6/7,https://raw.githubusercontent.com/wangqi0821/uni-calendar-china/main/media/2024-06-07_12-19-42.jpg,うにとあおば  Uni and Aoba  #ミヌエット #funnycat #猫好きさんとつながりたい #catstagram #にゃんすたぐらむ #猫写真 #tuxedocat #cutecat #bestmeow #instacat #一眼レフのある生活 #catmeme,https://www.instagram.com/p/C75TjbRyOlm/
2024/6/8,https://raw.githubusercontent.com/wangqi0821/uni-calendar-china/main/media/2024-06-08_12-50-41.jpg,what a distinguished gentleman :3  うには紳士？  #ミヌエット #funnycat #猫好きさんとつながりたい #catstagram #にゃんすたぐらむ #猫写真 #tuxedocat #cutecat #bestmeow #instacat #一眼レフのある生活 #catmeme,https://www.instagram.com/p/C79JEv2SUAa/
2024/6/9,https://raw.githubusercontent.com/wangqi0821/uni-calendar-china/main/media/2024-06-09_12-46-26.jpg,When  Uni was a kitten :3  うにの子猫時代  #ミヌエット #funnycat #猫好きさんとつながりたい #catstagram #にゃんすたぐらむ #猫写真 #tuxedocat #cutecat #bestmeow #instacat #一眼レフのある生活 #catmeme,https://www.instagram.com/p/C7_tYeRy5WH/
2024/6/10,https://raw.githubusercontent.com/wangqi0821/uni-calendar-china/main/media/2024-06-10_03-09-38.jpg,"Today, June 10th, is the anniversary of Uni becoming our family (not his birthday) Thank you for becoming a member of our family!  今日6月10日は、うにのお迎え記念日です。 家族になってくれてありがとう！  #ミヌエット #funnycat #猫好きさんとつながりたい #catstagram #にゃんすたぐらむ #猫写真 #tuxedocat #cutecat #bestmeow #instacat #一眼レフのある生活 #catmeme",https://www.instagram.com/p/C8CPdQiyeT8/
2024/6/10,"https://raw.githubusercontent.com/wangqi0821/uni-calendar-china/main/media/2024-06-10_12-22-40_1.jpg
https://raw.githubusercontent.com/wangqi0821/uni-calendar-china/main/media/2024-06-10_12-22-40_1.mp4
https://raw.githubusercontent.com/wangqi0821/uni-calendar-china/main/media/2024-06-10_12-22-40_2.jpg",Looks like a bear cub  小熊みたい  #ミヌエット #funnycat #猫好きさんとつながりたい #catstagram #にゃんすたぐらむ #猫写真 #tuxedocat #cutecat #bestmeow #instacat #一眼レフのある生活 #catmeme,https://www.instagram.com/p/C8BQKsvyRxp/
2024/6/11,https://raw.githubusercontent.com/wangqi0821/uni-calendar-china/main/media/2024-06-11_12-52-18.jpg,Uni's paw is perfect! :3  うにのお手は完璧です！  #ミヌエット #funnycat #猫好きさんとつながりたい #catstagram #にゃんすたぐらむ #猫写真 #tuxedocat #cutecat #bestmeow #instacat #一眼レフのある生活 #catmeme,https://www.instagram.com/p/C8E3pJGSe_8/
2024/6/12,"https://raw.githubusercontent.com/wangqi0821/uni-calendar-china/main/media/2024-06-12_13-13-09_1.jpg
https://raw.githubusercontent.com/wangqi0821/uni-calendar-china/main/media/2024-06-12_13-13-09_2.jpg
https://raw.githubusercontent.com/wangqi0821/uni-calendar-china/main/media/2024-06-12_13-13-09_3.jpg",Uni's big yawn! :3  うにのあくび  #ミヌエット #funnycat #猫好きさんとつながりたい #catstagram #にゃんすたぐらむ #猫写真 #tuxedocat #cutecat #bestmeow #instacat #一眼レフのある生活 #catmeme,https://www.instagram.com/p/C8He0w9SrIP/
2024/6/13,"https://raw.githubusercontent.com/wangqi0821/uni-calendar-china/main/media/2024-06-13_12-49-46_1.jpg
https://raw.githubusercontent.com/wangqi0821/uni-calendar-china/main/media/2024-06-13_12-49-46_2.jpg",Why is Uni in the tunnel so cute? :3  トンネルの中のうには何でこんなに可愛いのかな？  #ミヌエット #funnycat #猫好きさんとつながりたい #catstagram #にゃんすたぐらむ #猫写真 #tuxedocat #cutecat #bestmeow #instacat #一眼レフのある生活 #catmeme,https://www.instagram.com/p/C8KA8VCyZCu/
2024/6/14,https://raw.githubusercontent.com/wangqi0821/uni-calendar-china/main/media/2024-06-14_09-13-08.jpg,Uni…are you really a cat?  本当に猫？  #ミヌエット #funnycat #猫好きさんとつながりたい #catstagram #にゃんすたぐらむ #猫写真 #tuxedocat #cutecat #bestmeow #instacat #一眼レフのある生活 #catmeme,https://www.instagram.com/p/C8MoHoRybtz/
2024/6/14,https://raw.githubusercontent.com/wangqi0821/uni-calendar-china/main/media/2024-06-14_13-10-34.jpg,『うに』限定スマホ壁紙? 新作4点が配信開始しました??  スゴ得会員なら取り放題！ NTTドコモ提供『スゴ得コンテンツ』の「和×ゴス×キセカエ」をチェックして下さいね?  詳細? https://kisekae-tk.gsj.mobi/view.page/static/lp/uni/  ドコモ以外もOK? ｄポイントがもらえるキャンペーン中！ スゴ得コンテンツ詳細?? https://www.docomo.ne.jp/service/sugotoku/  リンクはストーリー、ハイライトに置いときますね??  #ミヌエット #funnycat #猫好きさんとつながりたい #catstagram #にゃんすたぐらむ #猫写真 #tuxedocat #cutecat #bestmeow #instacat #一眼レフのある生活 #catmeme #pr,https://www.instagram.com/p/C8MM8iOSPkf/
2024/6/15,https://raw.githubusercontent.com/wangqi0821/uni-calendar-china/main/media/2024-06-15_10-44-41.jpg,I want a lot! :3  いっぱいちょーだい！  #ミヌエット #funnycat #猫好きさんとつながりたい #catstagram #にゃんすたぐらむ #猫写真 #tuxedocat #cutecat #bestmeow #instacat #一眼レフのある生活 #catmeme,https://www.instagram.com/p/C8PJTZgSiYC/
2024/6/15,https://raw.githubusercontent.com/wangqi0821/uni-calendar-china/main/media/2024-06-15_12-39-01.jpg,撮影して頂きました！ 月刊わんこ（ @gekkan_wanko ）vol.7 特別号「にゃ！？にゃんだって！？にゃんこ特集」にうにを掲載して頂きました??  本日発売です！ ぜひ見てやってくださいね??  #ミヌエット #月刊わんこ,https://www.instagram.com/p/C8O8N-Sym-n/
2024/6/16,https://raw.githubusercontent.com/wangqi0821/uni-calendar-china/main/media/2024-06-16_12-51-39.mp4,This Uni's face makes me happy.  見てるこっちが幸せになる顔  #ミヌエット #funnycat #猫好きさんとつながりたい #catstagram #にゃんすたぐらむ #猫写真 #tuxedocat #cutecat #bestmeow #instacat #一眼レフのある生活 #catmeme,https://www.instagram.com/p/C8RvgPyS3R5/
2024/6/17,https://raw.githubusercontent.com/wangqi0821/uni-calendar-china/main/media/2024-06-17_12-20-13.jpg,Uni loaf :3  おててないない！  #ミヌエット #funnycat #猫好きさんとつながりたい #catstagram #にゃんすたぐらむ #猫写真 #tuxedocat #cutecat #bestmeow #instacat #一眼レフのある生活 #catmeme,https://www.instagram.com/p/C8UQvahy3ZP/
2024/6/18,"https://raw.githubusercontent.com/wangqi0821/uni-calendar-china/main/media/2024-06-18_12-45-04_1.jpg
https://raw.githubusercontent.com/wangqi0821/uni-calendar-china/main/media/2024-06-18_12-45-04_2.jpg",Uni's strongest punch! :3  最強パンチ！  #ミヌエット #funnycat #猫好きさんとつながりたい #catstagram #にゃんすたぐらむ #猫写真 #tuxedocat #cutecat #bestmeow #instacat #一眼レフのある生活 #catmeme,https://www.instagram.com/p/C8W4YVzyTBU/
2024/6/19,https://raw.githubusercontent.com/wangqi0821/uni-calendar-china/main/media/2024-06-19_12-50-04.jpg,Hi! :3  #ミヌエット #funnycat #猫好きさんとつながりたい #catstagram #にゃんすたぐらむ #猫写真 #tuxedocat #cutecat #bestmeow #instacat #一眼レフのある生活 #catmeme,https://www.instagram.com/p/C8Zdv0RSgar/
2024/6/20,https://raw.githubusercontent.com/wangqi0821/uni-calendar-china/main/media/2024-06-20_12-57-49.jpg,Uni is taking a nap with Mini Uni :3  お昼寝中です  #ミヌエット #funnycat #猫好きさんとつながりたい #catstagram #にゃんすたぐらむ #猫写真 #tuxedocat #cutecat #bestmeow #instacat #一眼レフのある生活 #catmeme,https://www.instagram.com/p/C8cDbgpSGis/
2024/6/21,https://raw.githubusercontent.com/wangqi0821/uni-calendar-china/main/media/2024-06-21_12-38-25.mp4,Uni is wagging his tail :3  しっぽぶんぶん！  #ミヌエット #funnycat #猫好きさんとつながりたい #catstagram #にゃんすたぐらむ #猫写真 #tuxedocat #cutecat #bestmeow #instacat #一眼レフのある生活 #catmeme,https://www.instagram.com/p/C8el_MmykLJ/
2024/6/22,"https://raw.githubusercontent.com/wangqi0821/uni-calendar-china/main/media/2024-06-22_12-22-20_1.jpg
https://raw.githubusercontent.com/wangqi0821/uni-calendar-china/main/media/2024-06-22_12-22-20_2.jpg",Uni at the bar? :3  バーにいるみたい？  #ミヌエット #funnycat #猫好きさんとつながりたい #catstagram #にゃんすたぐらむ #猫写真 #tuxedocat #cutecat #bestmeow #instacat #一眼レフのある生活 #catmeme,https://www.instagram.com/p/C8hI9USyAbm/
2024/6/23,https://raw.githubusercontent.com/wangqi0821/uni-calendar-china/main/media/2024-06-23_12-28-06.jpg,I'm the strongest! :3  ぼくは最強！  #ミヌエット #funnycat #猫好きさんとつながりたい #catstagram #にゃんすたぐらむ #猫写真 #tuxedocat #cutecat #bestmeow #instacat #一眼レフのある生活 #catmeme,https://www.instagram.com/p/C8juaeayK9M/
2024/6/24,https://raw.githubusercontent.com/wangqi0821/uni-calendar-china/main/media/2024-06-24_12-32-53.jpg,When Uni was 1 year old  うに、1歳の時  #ミヌエット #funnycat #猫好きさんとつながりたい #catstagram #にゃんすたぐらむ #猫写真 #tuxedocat #cutecat #bestmeow #instacat #一眼レフのある生活 #catmeme,https://www.instagram.com/p/C8mTwWvypSH/
2024/6/25,https://raw.githubusercontent.com/wangqi0821/uni-calendar-china/main/media/2024-06-25_02-58-38.jpg,I'm here :3  ここにいるよ  #ミヌエット #funnycat #猫好きさんとつながりたい #catstagram #にゃんすたぐらむ #猫写真 #tuxedocat #cutecat #bestmeow #instacat #一眼レフのある生活 #catmeme,https://www.instagram.com/p/C8n21QSyp06/
2024/6/25,https://raw.githubusercontent.com/wangqi0821/uni-calendar-china/main/media/2024-06-25_12-31-49.mp4,I'm the coolest! :3  ぼくはかっこいい！  #ミヌエット #funnycat #猫好きさんとつながりたい #catstagram #にゃんすたぐらむ #猫写真 #tuxedocat #cutecat #bestmeow #instacat #一眼レフのある生活 #catmeme,https://www.instagram.com/p/C8o4YyRyptv/
2024/6/26,https://raw.githubusercontent.com/wangqi0821/uni-calendar-china/main/media/2024-06-26_12-27-32.jpg,Uni…are you really a cat? :3  本当に猫？  #ミヌエット #funnycat #猫好きさんとつながりたい #catstagram #にゃんすたぐらむ #猫写真 #tuxedocat #cutecat #bestmeow #instacat #一眼レフのある生活 #catmeme,https://www.instagram.com/p/C8rcu9Dyxv1/
2024/6/27,https://raw.githubusercontent.com/wangqi0821/uni-calendar-china/main/media/2024-06-27_12-37-53.mp4,"I'm often asked ""Does Uni meow?"", so here's Uni's meow!  「うには鳴くの？」とよく聞かれるので…うにの鳴き声です  #ミヌエット #funnycat #猫好きさんとつながりたい #catstagram #にゃんすたぐらむ #猫写真 #tuxedocat #cutecat #bestmeow #instacat #一眼レフのある生活 #catmeme",https://www.instagram.com/p/C8uCsIcSVP4/
2024/6/28,https://raw.githubusercontent.com/wangqi0821/uni-calendar-china/main/media/2024-06-28_12-28-49.jpg,I'm Uni! :3  #ミヌエット #funnycat #猫好きさんとつながりたい #catstagram #にゃんすたぐらむ #猫写真 #tuxedocat #cutecat #bestmeow #instacat #一眼レフのある生活 #catmeme,https://www.instagram.com/p/C8wmeBGS8O3/
2024/6/29,"https://raw.githubusercontent.com/wangqi0821/uni-calendar-china/main/media/2024-06-29_03-30-10_1.jpg
https://raw.githubusercontent.com/wangqi0821/uni-calendar-china/main/media/2024-06-29_03-30-10_2.jpg",Look at how cute Uni eats :3  おやつ食べるとこ。可愛い！  #ミヌエット #funnycat #猫好きさんとつながりたい #catstagram #にゃんすたぐらむ #猫写真 #tuxedocat #cutecat #bestmeow #instacat #一眼レフのある生活 #catmeme,https://www.instagram.com/p/C8zNH5OyvkM/
2024/6/29,https://raw.githubusercontent.com/wangqi0821/uni-calendar-china/main/media/2024-06-29_12-45-16.mp4,Uni and Yoru  うにとよる  #ミヌエット #funnycat #猫好きさんとつながりたい #catstagram #にゃんすたぐらむ #猫写真 #tuxedocat #cutecat #bestmeow #instacat #一眼レフのある生活 #catmeme,https://www.instagram.com/p/C8yNnzgSyFE/
2024/6/30,"https://raw.githubusercontent.com/wangqi0821/uni-calendar-china/main/media/2024-06-30_12-43-53_1.jpg
https://raw.githubusercontent.com/wangqi0821/uni-calendar-china/main/media/2024-06-30_12-43-53_2.jpg",I have become too strong…  ぼくは強くなりすぎてしまった…  #ミヌエット #funnycat #猫好きさんとつながりたい #catstagram #にゃんすたぐらむ #猫写真 #tuxedocat #cutecat #bestmeow #instacat #一眼レフのある生活 #catmeme,https://www.instagram.com/p/C81xyNOybxx/
2024/7/1,https://raw.githubusercontent.com/wangqi0821/uni-calendar-china/main/media/2024-07-01_14-04-06.jpg,What do you think this is?  これは何だと思いますか？  @youtooz   #ミヌエット #funnycat #猫好きさんとつながりたい #catstagram #にゃんすたぐらむ #猫写真 #tuxedocat #youtooz,https://www.instagram.com/p/C84fwjTSa32/
2024/7/2,https://raw.githubusercontent.com/wangqi0821/uni-calendar-china/main/media/2024-07-02_12-33-45.jpg,Uni wearing an apron! :3  エプロンうに！  #ミヌエット #funnycat #猫好きさんとつながりたい #catstagram #にゃんすたぐらむ #猫写真 #tuxedocat #cutecat #bestmeow #instacat #一眼レフのある生活 #catmeme,https://www.instagram.com/p/C866NseyWhL/
2024/7/3,https://raw.githubusercontent.com/wangqi0821/uni-calendar-china/main/media/2024-07-03_12-41-26.jpg,When Uni was a kitten  子猫時代のうに  #ミヌエット #funnycat #猫好きさんとつながりたい #catstagram #にゃんすたぐらむ #猫写真 #tuxedocat #cutecat #bestmeow #instacat #一眼レフのある生活 #catmeme,https://www.instagram.com/p/C89f41Byi5W/
2024/7/4,"https://raw.githubusercontent.com/wangqi0821/uni-calendar-china/main/media/2024-07-04_12-39-21_1.jpg
https://raw.githubusercontent.com/wangqi0821/uni-calendar-china/main/media/2024-07-04_12-39-21_2.jpg
https://raw.githubusercontent.com/wangqi0821/uni-calendar-china/main/media/2024-07-04_12-39-21_3.jpg","Uni's angry face series!  ""I am the strongest!""  怒ったうにシリーズ。 「ぼくは強いぞ！」  #ミヌエット #funnycat #猫好きさんとつながりたい #catstagram #にゃんすたぐらむ #猫写真 #tuxedocat #cutecat #bestmeow #instacat #一眼レフのある生活 #catmeme",https://www.instagram.com/p/C9AEcgtyXT0/
2024/7/5,"https://raw.githubusercontent.com/wangqi0821/uni-calendar-china/main/media/2024-07-05_14-07-33_1.jpg
https://raw.githubusercontent.com/wangqi0821/uni-calendar-china/main/media/2024-07-05_14-07-33_2.jpg
https://raw.githubusercontent.com/wangqi0821/uni-calendar-china/main/media/2024-07-05_14-07-33_3.jpg",New Uni plush is here! Uni plush coming on July 12th @ 3pm est!  うにのぬいぐるみができました！ 7月12日午後3時（米国東部標準時）にご注文可能となります? 世界中でご購入頂けます！  #ミヌエット #funnycat #猫好きさんとつながりたい #catstagram #にゃんすたぐらむ #youtooz,https://www.instagram.com/p/C9CzVTLSqw_/
2024/7/6,https://raw.githubusercontent.com/wangqi0821/uni-calendar-china/main/media/2024-07-06_12-43-20.jpg,Uni was sleeping with Mini Unis :3  ミニうにたちとすやすや  #ミヌエット #funnycat #猫好きさんとつながりたい #catstagram #にゃんすたぐらむ #猫写真 #tuxedocat #cutecat #bestmeow #instacat #一眼レフのある生活 #catmeme,https://www.instagram.com/p/C9FOfZqyMHW/
2024/7/7,https://raw.githubusercontent.com/wangqi0821/uni-calendar-china/main/media/2024-07-07_02-44-05.jpg,"When I opened the door, Uni was there.  ドアを開けたらうに  #ミヌエット #funnycat #猫好きさんとつながりたい #catstagram #にゃんすたぐらむ #猫写真 #tuxedocat #cutecat #bestmeow #instacat #一眼レフのある生活 #catmeme",https://www.instagram.com/p/C9GutNpScV4/
2024/7/7,https://raw.githubusercontent.com/wangqi0821/uni-calendar-china/main/media/2024-07-07_12-51-04.mp4,Uni's meow like a cat! Cute! :3  うにの可愛い鳴き声！  #ミヌエット #funnycat #猫好きさんとつながりたい #catstagram #にゃんすたぐらむ #猫写真 #tuxedocat #cutecat #bestmeow #instacat #catmeme,https://www.instagram.com/p/C9H0EbOy15S/
2024/7/8,https://raw.githubusercontent.com/wangqi0821/uni-calendar-china/main/media/2024-07-08_13-37-03.jpg,??GIVEAWAY??  comment & follow @youtooz for a chance to win the new uni plush dropping on july 12th! :3  1?? この投稿にコメント 2?? @youtooz  をフォロー  で、7月12日にうにのぬいぐるみを抽選でプレゼント！  ぜひご参加下さいね?  #ミヌエット #funnycat #猫好きさんとつながりたい #catstagram #にゃんすたぐらむ #猫写真 #tuxedocat #youtooz,https://www.instagram.com/p/C9KeOgqykxB/
2024/7/9,https://raw.githubusercontent.com/wangqi0821/uni-calendar-china/main/media/2024-07-09_12-30-46.jpg,Hi :3  #ミヌエット #funnycat #猫好きさんとつながりたい #catstagram #にゃんすたぐらむ #猫写真 #tuxedocat #cutecat #bestmeow #instacat #一眼レフのある生活,https://www.instagram.com/p/C9M7b8MSLA3/
2024/7/10,https://raw.githubusercontent.com/wangqi0821/uni-calendar-china/main/media/2024-07-10_12-48-10.jpg,Cute Uni :3  #ミヌエット #funnycat #猫好きさんとつながりたい #catstagram #にゃんすたぐらむ #猫写真 #tuxedocat #cutecat #bestmeow #instacat #一眼レフのある生活 #catmeme,https://www.instagram.com/p/C9PiOOkyG_k/
2024/7/11,https://raw.githubusercontent.com/wangqi0821/uni-calendar-china/main/media/2024-07-11_03-26-22.jpg,What is that creature!?  何だあの生き物は！  #ミヌエット #funnycat #猫好きさんとつながりたい #catstagram #にゃんすたぐらむ #猫写真 #tuxedocat #cutecat #bestmeow #instacat #一眼レフのある生活 #catmeme,https://www.instagram.com/p/C9RGuaGyD0N/
2024/7/11,https://raw.githubusercontent.com/wangqi0821/uni-calendar-china/main/media/2024-07-11_12-39-50.jpg,Summer is here :3  夏が来た！  #ミヌエット #funnycat #猫好きさんとつながりたい #catstagram #にゃんすたぐらむ #猫写真 #tuxedocat #cutecat #bestmeow #instacat #一眼レフのある生活 #catmeme,https://www.instagram.com/p/C9SGEIEyGjQ/
2024/7/12,https://raw.githubusercontent.com/wangqi0821/uni-calendar-china/main/media/2024-07-12_12-43-58.jpg,"On the way home from the Vets. ""Mom, free me!"" （This day was the vaccination.）  動物病院からの帰り道。 「早く帰りたい！」っていう顔です。 （この日はワクチンでした）  #ミヌエット #funnycat #猫好きさんとつながりたい #catstagram #にゃんすたぐらむ #猫写真 #tuxedocat #cutecat #bestmeow #instacat #一眼レフのある生活 #catmeme",https://www.instagram.com/p/C9UrVVdSHp8/
2024/7/13,https://raw.githubusercontent.com/wangqi0821/uni-calendar-china/main/media/2024-07-13_12-39-42.jpg,"Youtooz is available now?? Once it sells out it is gone forever, so don't miss out! Plush is only available for 2 weeks! :3  https://youtooz.com/products/uni-v2-plush-9-inch （I'll post it to my story.）  うにのぬいぐるみ販売スタート！ 2週間限定で、売り切れ次第終了となります。  日本からもご購入頂けます?  リンクはストーリーにも載せますね。  #ミヌエット #funnycat #猫好きさんとつながりたい #catstagram #にゃんすたぐらむ #youtooz",https://www.instagram.com/p/C9VX1xmycgy/
2024/7/13,,Uni's new collar! How do I look? :3  新しい首輪です。どうですか？  #ミヌエット #funnycat #猫好きさんとつながりたい #catstagram #にゃんすたぐらむ #猫写真 #tuxedocat #cutecat #bestmeow #instacat #一眼レフのある生活 #catmeme,https://www.instagram.com/p/C9XPo76SVsi/
2024/7/14,https://raw.githubusercontent.com/wangqi0821/uni-calendar-china/main/media/2024-07-14_12-49-19.mp4,Uni! :3  #ミヌエット #funnycat #猫好きさんとつながりたい #catstagram #にゃんすたぐらむ #猫写真 #tuxedocat,https://www.instagram.com/p/C9Z1fqaSulL/
2024/7/15,https://raw.githubusercontent.com/wangqi0821/uni-calendar-china/main/media/2024-07-15_12-33-51.mp4,"Mom, get me out of here!  ここから出して！  #ミヌエット #funnycat #猫好きさんとつながりたい #catstagram #にゃんすたぐらむ #猫写真 #tuxedocat #cutecat #bestmeow #instacat #一眼レフのある生活 #catmeme",https://www.instagram.com/p/C9cYiglSdVe/
2024/7/16,https://raw.githubusercontent.com/wangqi0821/uni-calendar-china/main/media/2024-07-16_12-33-45.jpg,Uni was so surprised! :3  びっくりしすぎた猫  #ミヌエット #funnycat #猫好きさんとつながりたい #catstagram #にゃんすたぐらむ #猫写真 #tuxedocat #cutecat #bestmeow #instacat #一眼レフのある生活 #catmeme,https://www.instagram.com/p/C9e9V7eyT-q/
2024/7/17,,Give me a snack! :3  おやつちょーだい！  #ミヌエット #funnycat #猫好きさんとつながりたい #catstagram #にゃんすたぐらむ #猫写真 #tuxedocat #cutecat #bestmeow #instacat #一眼レフのある生活 #catmeme,https://www.instagram.com/p/C9hhABpSJwY/
2024/7/17,,Uni :3  #ミヌエット #funnycat #猫好きさんとつながりたい #catstagram #にゃんすたぐらむ #猫写真 #tuxedocat #cutecat #bestmeow #instacat #一眼レフのある生活 #catmeme,https://www.instagram.com/p/C9gi7wOywKr/
2024/7/18,,!!??  #ミヌエット #funnycat #猫好きさんとつながりたい #catstagram #にゃんすたぐらむ #猫写真 #tuxedocat #cutecat #bestmeow #instacat #一眼レフのある生活 #catmeme,https://www.instagram.com/p/C9kID43yzT0/
2024/7/19,,"Look left, look right…Uni! :3  左見て、右見て……うに！  #ミヌエット #funnycat #猫好きさんとつながりたい #catstagram #にゃんすたぐらむ #猫写真 #tuxedocat #cutecat #bestmeow #instacat #一眼レフのある生活 #catmeme",https://www.instagram.com/p/C9mrafZy47k/
2024/7/20,https://raw.githubusercontent.com/wangqi0821/uni-calendar-china/main/media/2024-07-20_12-44-56.jpg,Where will I be taken…?  どこに連れて行かれるのかな…  #ミヌエット #funnycat #猫好きさんとつながりたい #catstagram #にゃんすたぐらむ #猫写真 #tuxedocat #cutecat #bestmeow #instacat #一眼レフのある生活 #catmeme,https://www.instagram.com/p/C9pRzXWSJI-/
2024/7/21,https://raw.githubusercontent.com/wangqi0821/uni-calendar-china/main/media/2024-07-21_12-40-48.mp4,Uni is wagging his tail :3  しっぽぶんぶん！  #ミヌエット #funnycat #猫好きさんとつながりたい #catstagram #にゃんすたぐらむ #猫写真 #tuxedocat #cutecat #bestmeow #instacat #一眼レフのある生活 #catmeme,https://www.instagram.com/p/C9r2Gtwy3Kj/
2024/7/22,https://raw.githubusercontent.com/wangqi0821/uni-calendar-china/main/media/2024-07-22_12-41-02.jpg,Do you know what will happen if you make me angry?  ぼくを怒らせたらどうなるか…  #ミヌエット #funnycat #猫好きさんとつながりたい #catstagram #にゃんすたぐらむ #猫写真 #tuxedocat #cutecat #bestmeow #instacat #一眼レフのある生活 #catmeme,https://www.instagram.com/p/C9ua8gySY1A/
2024/7/22,https://raw.githubusercontent.com/wangqi0821/uni-calendar-china/main/media/2024-07-22_21-14-58.jpg,I wonder why Uni is always so proud :3  何でいつもこんなに得意げなんだろ？  #ミヌエット #funnycat #猫好きさんとつながりたい #catstagram #にゃんすたぐらむ #猫写真 #tuxedocat #cutecat #bestmeow #instacat #一眼レフのある生活 #catmeme,https://www.instagram.com/p/C9syC5FT99t/
2024/7/23,https://raw.githubusercontent.com/wangqi0821/uni-calendar-china/main/media/2024-07-23_09-06-16.jpg,very surprised! :3  びっくり！  #ミヌエット #funnycat #猫好きさんとつながりたい #catstagram #にゃんすたぐらむ #猫写真 #tuxedocat #cutecat #bestmeow #instacat #一眼レフのある生活 #catmeme,https://www.instagram.com/p/C9vVwsLTLC3/
2024/7/23,https://raw.githubusercontent.com/wangqi0821/uni-calendar-china/main/media/2024-07-23_12-25-22.jpg,Uni is waiting for dinner :3  ごはんを待ってます  #ミヌエット #funnycat #猫好きさんとつながりたい #catstagram #にゃんすたぐらむ #猫写真 #tuxedocat #cutecat #bestmeow #instacat #一眼レフのある生活 #catmeme,https://www.instagram.com/p/C9w98okyl4k/
2024/7/23,https://raw.githubusercontent.com/wangqi0821/uni-calendar-china/main/media/2024-07-23_20-55-06.jpg,『うに』限定スマホ壁紙? 新作3点が配信開始しました?? スゴ得会員なら取り放題です！  NTTドコモ提供『スゴ得コンテンツ』の「和×ゴス×キセカエ」をチェックして下さいね?  https://kisekae-tk.gsj.mobi/view.page/static/lp/uni/  ドコモ以外もOK? ｄポイントがもらえるキャンペーン中！  スゴ得コンテンツ詳細?? https://www.docomo.ne.jp/service/sugotoku/  ストーリー、ハイライトにもリンク置いときますね??  #ミヌエット #funnycat #猫好きさんとつながりたい #catstagram #にゃんすたぐらむ #pr,https://www.instagram.com/p/C9wnKXzycAW/
2024/7/24,https://raw.githubusercontent.com/wangqi0821/uni-calendar-china/main/media/2024-07-24_12-32-22.jpg,Uni is trying to catch a cat toy! :3  猫じゃらしを捕まえようとしてます  #ミヌエット #funnycat #猫好きさんとつながりたい #catstagram #にゃんすたぐらむ #猫写真 #tuxedocat #cutecat #bestmeow #instacat #一眼レフのある生活 #catmeme,https://www.instagram.com/p/C9x4SF7zAJj/
2024/7/24,,I'm the strongest! >:3  ぼくは最強！  #ミヌエット #funnycat #猫好きさんとつながりたい #catstagram #にゃんすたぐらむ #猫写真 #tuxedocat #cutecat #bestmeow #instacat #一眼レフのある生活 #catmeme,https://www.instagram.com/p/C9zji0YSM1Z/
2024/7/25,"https://raw.githubusercontent.com/wangqi0821/uni-calendar-china/main/media/2024-07-25_13-04-33_1.jpg
https://raw.githubusercontent.com/wangqi0821/uni-calendar-china/main/media/2024-07-25_13-04-33_2.jpg",“Let’s go surfing!”   サーフィンに行こう  #ミヌエット #funnycat #猫好きさんとつながりたい #catstagram #にゃんすたぐらむ #猫写真 #tuxedocat #cutecat #bestmeow #instacat #一眼レフのある生活 #catmeme,https://www.instagram.com/p/C92MBZ1SuoT/
2024/7/26,https://raw.githubusercontent.com/wangqi0821/uni-calendar-china/main/media/2024-07-26_13-20-53.mp4,This is Uni lately :3  最近のうにです  #ミヌエット #funnycat #猫好きさんとつながりたい #catstagram #にゃんすたぐらむ #猫写真 #tuxedocat #cutecat #bestmeow #instacat #一眼レフのある生活 #maxwellthecat,https://www.instagram.com/p/C94yp3Nyx6D/
2024/7/26,,"Finally, only 22 hours left!  Thanks to all of you, we were able to release the second Uni plush. Thank you very much!  Once it sells out it is gone forever, so don't miss out! （I'll post the link to my story.）  https://youtooz.com/products/uni-v2-plush-9-inch  #youtooz",https://www.instagram.com/p/C92-PGmzz9O/
2024/7/27,https://raw.githubusercontent.com/wangqi0821/uni-calendar-china/main/media/2024-07-27_13-29-47.jpg,I have become too strong…  ぼくは強くなりすぎてしまった…  #ミヌエット #funnycat #猫好きさんとつながりたい #catstagram #にゃんすたぐらむ #猫写真 #tuxedocat #cutecat #bestmeow #instacat #一眼レフのある生活 #catmeme,https://www.instagram.com/p/C97Yf-fSFXM/
2024/7/28,https://raw.githubusercontent.com/wangqi0821/uni-calendar-china/main/media/2024-07-28_13-25-26.jpg,Uni :3  #ミヌエット #funnycat #猫好きさんとつながりたい #catstagram #にゃんすたぐらむ #猫写真 #tuxedocat #cutecat #bestmeow #instacat #一眼レフのある生活 #catmeme,https://www.instagram.com/p/C998y8WyNbr/
2024/7/29,"https://raw.githubusercontent.com/wangqi0821/uni-calendar-china/main/media/2024-07-29_13-11-26_1.jpg
https://raw.githubusercontent.com/wangqi0821/uni-calendar-china/main/media/2024-07-29_13-11-26_2.jpg",Uni…are you really a cat?  本当に猫？  #ミヌエット #funnycat #猫好きさんとつながりたい #catstagram #にゃんすたぐらむ #猫写真 #tuxedocat #cutecat #bestmeow #instacat #一眼レフのある生活 #catmeme,https://www.instagram.com/p/C-Af_SKyoeh/
2024/7/30,https://raw.githubusercontent.com/wangqi0821/uni-calendar-china/main/media/2024-07-30_12-55-59.jpg,Why so round? :3  何でそんなに丸いの？  #ミヌエット #funnycat #猫好きさんとつながりたい #catstagram #にゃんすたぐらむ #猫写真 #tuxedocat #cutecat #bestmeow #instacat #一眼レフのある生活 #catmeme,https://www.instagram.com/p/C-DDBDFSKn4/
2024/7/31,https://raw.githubusercontent.com/wangqi0821/uni-calendar-china/main/media/2024-07-31_13-16-51.jpg,I had a hard day at work today…  今日は大変だった…  #ミヌエット #funnycat #猫好きさんとつながりたい #catstagram #にゃんすたぐらむ #猫写真 #tuxedocat #cutecat #bestmeow #instacat #一眼レフのある生活 #catmeme,https://www.instagram.com/p/C-FqMxGyUFX/
2024/8/1,https://raw.githubusercontent.com/wangqi0821/uni-calendar-china/main/media/2024-08-01_13-29-37.jpg,Uni :3  #ミヌエット #funnycat #猫好きさんとつながりたい #catstagram #にゃんすたぐらむ #猫写真 #tuxedocat #cutecat #bestmeow #instacat #一眼レフのある生活 #catmeme,https://www.instagram.com/p/C-IQdKlSjS6/
2024/8/2,"https://raw.githubusercontent.com/wangqi0821/uni-calendar-china/main/media/2024-08-02_03-03-10_1.jpg
https://raw.githubusercontent.com/wangqi0821/uni-calendar-china/main/media/2024-08-02_03-03-10_2.jpg
https://raw.githubusercontent.com/wangqi0821/uni-calendar-china/main/media/2024-08-02_03-03-10_3.jpg
https://raw.githubusercontent.com/wangqi0821/uni-calendar-china/main/media/2024-08-02_03-03-10_4.jpg
https://raw.githubusercontent.com/wangqi0821/uni-calendar-china/main/media/2024-08-02_03-03-10_5.jpg
https://raw.githubusercontent.com/wangqi0821/uni-calendar-china/main/media/2024-08-02_03-03-10_6.jpg",??お知らせ??  首都圏を中心にファッションビルなどの商業施設を展開する「マルイ」とのコラボオリジナルグッズが販売開始！ 「マルイ」にちなんで、丸くなったうにの写真などを使ってもらってます??  ミニマットを見た瞬間、うにがくつろぎだしました。 ちょうどうにサイズで心地良かったみたいです?  巾着もうにの顔がどーん！と写ってて可愛い??  猫キャラクター「でぶねこ」のイラストレーターさんによるうにグッズもあります??  また、オリジナルグッズのご購入金額1%は保護猫活動をはじめとするどうぶつの医療費?食費?生活費などのために寄付されます?  期間：2024年8月2日(金)お昼12:00～8月18日(日)23:59まで 購入場所：マルイウェブチャンネル(マルイのネット通販)  https://voi.0101.co.jp/voi/content/01/sp/event/nyankomatsuri/index.html?cid=uni_ot_sp_2406&utm_source=uni&utm_medium=ot&utm_content=sp&utm_term=2406  リンクはストーリー、ハイライトに置いときますね??  【For those residing outside of Japan】  You can place orders from overseas by using the service 'tenso.com'. https://www.tenso.com/en/static/guide_flow_index  Let's look at the product. ? https://voi.0101.co.jp/voi/content/01/sp/event/nyankomatsuri/index.html?cid=uni_ot_sp_2406&utm_source=uni&utm_medium=ot&utm_content=sp&utm_term=2406  I will post the link to my story and highlight!  #まるいねこフェス #PR #ミヌエット #funnycat #猫好きさんとつながりたい #catstagram #にゃんすたぐらむ,https://www.instagram.com/p/C-JtjvvyZVF/
2024/8/2,https://raw.githubusercontent.com/wangqi0821/uni-calendar-china/main/media/2024-08-02_13-46-24.mp4,This trend but Uni with his collars :3  #ミヌエット #funnycat #猫好きさんとつながりたい #catstagram #にゃんすたぐらむ #猫写真 #tuxedocat #cutecat #bestmeow #instacat #一眼レフのある生活 #catmeme,https://www.instagram.com/p/C-K3Da0SRmk/
2024/8/3,https://raw.githubusercontent.com/wangqi0821/uni-calendar-china/main/media/2024-08-03_13-08-44.mp4,"When Uni enters this box, he becomes more "":3""  箱に入るとωがくっきり！  #ミヌエット #funnycat #猫好きさんとつながりたい #catstagram #にゃんすたぐらむ #猫写真 #tuxedocat #cutecat #bestmeow #instacat #一眼レフのある生活 #catmeme",https://www.instagram.com/p/C-NXotSy2ol/
2024/8/4,https://raw.githubusercontent.com/wangqi0821/uni-calendar-china/main/media/2024-08-04_12-32-57.mp4,Uni: “Am I the coolest?”  ぼくはかっこいい？  #ミヌエット #funnycat #猫好きさんとつながりたい #catstagram #にゃんすたぐらむ #猫写真 #tuxedocat #cutecat #bestmeow #instacat #一眼レフのある生活 #catmeme,https://www.instagram.com/p/C-P4VwLSMpI/
2024/8/5,,Nobody can beat me! :3  このぼくに勝てるかな？  #ミヌエット #funnycat #猫好きさんとつながりたい #catstagram #にゃんすたぐらむ #猫写真 #tuxedocat #cutecat #bestmeow #instacat #一眼レフのある生活 #catmeme,https://www.instagram.com/p/C-SlkgPSjfs/
2024/8/6,,"""Mini Uni is my friend""  ミニうにはぼくの友達  #ミヌエット #funnycat #猫好きさんとつながりたい #catstagram #にゃんすたぐらむ #猫写真 #tuxedocat #cutecat #bestmeow #instacat #一眼レフのある生活 #catmeme",https://www.instagram.com/p/C-VAxC8yAHV/
2024/8/7,https://raw.githubusercontent.com/wangqi0821/uni-calendar-china/main/media/2024-08-07_21-27-31.jpg,Uni won the gold medal! :3  金メダリスト！  #ミヌエット #funnycat #猫好きさんとつながりたい #catstagram #にゃんすたぐらむ #猫写真 #tuxedocat #cutecat #bestmeow #instacat #一眼レフのある生活 #catmeme,https://www.instagram.com/p/C-V6u23Ti3n/
2024/8/7,,So long Uni! :3  長い！  #ミヌエット #funnycat #猫好きさんとつながりたい #catstagram #にゃんすたぐらむ #猫写真 #tuxedocat #cutecat #bestmeow #instacat #一眼レフのある生活 #catmeme,https://www.instagram.com/p/C-XjiQqSlk3/
2024/8/8,https://raw.githubusercontent.com/wangqi0821/uni-calendar-china/main/media/2024-08-08_11-56-46.jpg,Yay! Let's eat! :3  わーい！いただきます！  #ミヌエット #funnycat #猫好きさんとつながりたい #catstagram #にゃんすたぐらむ #猫写真 #tuxedocat #cutecat #bestmeow #instacat #一眼レフのある生活 #catmeme,https://www.instagram.com/p/C-Yj6rNzl3z/
2024/8/8,,Uni :3  #ミヌエット #funnycat #猫好きさんとつながりたい #catstagram #にゃんすたぐらむ #猫写真 #tuxedocat #cutecat #bestmeow #instacat #一眼レフのある生活 #catmeme,https://www.instagram.com/p/C-aHZNmS5Cs/
2024/8/9,https://raw.githubusercontent.com/wangqi0821/uni-calendar-china/main/media/2024-08-09_12-25-59.jpg,Uni packs a powerful punch! :3  うにのパンチは強いぞ！  #ミヌエット #funnycat #猫好きさんとつながりたい #catstagram #にゃんすたぐらむ #猫写真 #tuxedocat #cutecat #bestmeow #instacat #一眼レフのある生活 #catmeme,https://www.instagram.com/p/C-cviA6y_3C/
2024/8/10,"https://raw.githubusercontent.com/wangqi0821/uni-calendar-china/main/media/2024-08-10_09-52-23_1.jpg
https://raw.githubusercontent.com/wangqi0821/uni-calendar-china/main/media/2024-08-10_09-52-23_2.jpg
https://raw.githubusercontent.com/wangqi0821/uni-calendar-china/main/media/2024-08-10_09-52-23_3.jpg
https://raw.githubusercontent.com/wangqi0821/uni-calendar-china/main/media/2024-08-10_09-52-23_4.jpg
https://raw.githubusercontent.com/wangqi0821/uni-calendar-china/main/media/2024-08-10_09-52-23_5.jpg
https://raw.githubusercontent.com/wangqi0821/uni-calendar-china/main/media/2024-08-10_09-52-23_6.jpg",Uni is wagging his tail :3  しっぽぶんぶん！  #ミヌエット #funnycat #猫好きさんとつながりたい #catstagram #にゃんすたぐらむ #猫写真 #tuxedocat #cutecat #bestmeow #instacat #一眼レフのある生活 #catmeme,https://www.instagram.com/p/C-fYpiryy5B/
2024/8/10,https://raw.githubusercontent.com/wangqi0821/uni-calendar-china/main/media/2024-08-10_13-03-54.mp4,2025年うにカレンダーの予約がAmazonで始まってます??  Amazon以外にも楽天等、他の通販サイトや店頭でも販売されます（ネットの方が確実かも）  今回も可愛いシールが100枚ついてます?  どうぞよろしくお願いします??  https://amzn.asia/d/2mCWhES  リンクはストーリー、ハイライトに置いときますね?  The 2025 Uni calendar will be released soon! 100 stickers included! Mail order is available for those living overseas.  We will let you know more details later.,https://www.instagram.com/p/C-fCv6hSCvW/
2024/8/10,,Uni isn't good at being carried :3  抱っこされるのが少し苦手  #ミヌエット #funnycat #猫好きさんとつながりたい #catstagram #にゃんすたぐらむ #猫写真 #tuxedocat #cutecat #bestmeow #instacat #一眼レフのある生活 #catmeme,https://www.instagram.com/p/C-dtX5PzjG_/
2024/8/11,https://raw.githubusercontent.com/wangqi0821/uni-calendar-china/main/media/2024-08-11_12-28-29.jpg,?? :3  #ミヌエット #funnycat #猫好きさんとつながりたい #catstagram #にゃんすたぐらむ #猫写真 #tuxedocat #cutecat #bestmeow #instacat #一眼レフのある生活 #catmeme,https://www.instagram.com/p/C-h5aLgS2en/
2024/8/12,https://raw.githubusercontent.com/wangqi0821/uni-calendar-china/main/media/2024-08-12_12-30-10.jpg,Pet me?  なでなでして？  #ミヌエット #funnycat #猫好きさんとつながりたい #catstagram #にゃんすたぐらむ #猫写真 #tuxedocat #cutecat #bestmeow #instacat #一眼レフのある生活 #catmeme,https://www.instagram.com/p/C-keZULy9nc/
2024/8/13,"https://raw.githubusercontent.com/wangqi0821/uni-calendar-china/main/media/2024-08-13_12-29-50_1.jpg
https://raw.githubusercontent.com/wangqi0821/uni-calendar-china/main/media/2024-08-13_12-29-50_2.jpg
https://raw.githubusercontent.com/wangqi0821/uni-calendar-china/main/media/2024-08-13_12-29-50_3.jpg",Here comes Uni! :3  うにの登場です！  #ミヌエット #funnycat #猫好きさんとつながりたい #catstagram #にゃんすたぐらむ #猫写真 #tuxedocat #cutecat #bestmeow #instacat #一眼レフのある生活 #catmeme,https://www.instagram.com/p/C-nDJzfS_7k/
2024/8/14,https://raw.githubusercontent.com/wangqi0821/uni-calendar-china/main/media/2024-08-14_12-50-03.mp4,WATASHI WA STAR :3  #ミヌエット #funnycat #猫好きさんとつながりたい #catstagram #にゃんすたぐらむ #猫写真 #tuxedocat #cutecat #catmeme,https://www.instagram.com/p/C-pqMBjycEU/
2024/8/15,"https://raw.githubusercontent.com/wangqi0821/uni-calendar-china/main/media/2024-08-15_12-18-03_1.jpg
https://raw.githubusercontent.com/wangqi0821/uni-calendar-china/main/media/2024-08-15_12-18-03_2.jpg
https://raw.githubusercontent.com/wangqi0821/uni-calendar-china/main/media/2024-08-15_12-18-03_3.jpg",Uni at the bar???  #ミヌエット #funnycat #猫好きさんとつながりたい #catstagram #にゃんすたぐらむ #猫写真 #tuxedocat #cutecat #bestmeow #instacat #一眼レフのある生活 #catmeme,https://www.instagram.com/p/C-sLZNqy0uR/
2024/8/16,https://raw.githubusercontent.com/wangqi0821/uni-calendar-china/main/media/2024-08-16_12-14-17.jpg,luxurious Uni?  ゴージャスうに？  #ミヌエット #funnycat #猫好きさんとつながりたい #catstagram #にゃんすたぐらむ #猫写真 #tuxedocat #cutecat #bestmeow #instacat #一眼レフのある生活 #catmeme,https://www.instagram.com/p/C-uvwg6SGVB/
2024/8/17,"https://raw.githubusercontent.com/wangqi0821/uni-calendar-china/main/media/2024-08-17_12-13-37_1.jpg
https://raw.githubusercontent.com/wangqi0821/uni-calendar-china/main/media/2024-08-17_12-13-37_2.jpg",←生後4ヶ月（4 months old）　　　→今（now）  #ミヌエット #funnycat #猫好きさんとつながりたい #catstagram #にゃんすたぐらむ #猫写真 #tuxedocat #cutecat #bestmeow #instacat #一眼レフのある生活 #catmeme,https://www.instagram.com/p/C-xUeedy6UP/
2024/8/18,"https://raw.githubusercontent.com/wangqi0821/uni-calendar-china/main/media/2024-08-18_12-37-59_1.jpg
https://raw.githubusercontent.com/wangqi0821/uni-calendar-china/main/media/2024-08-18_12-37-59_2.jpg",Uni and Yoru  うにとよる  #ミヌエット #funnycat #猫好きさんとつながりたい #catstagram #にゃんすたぐらむ #猫写真 #tuxedocat #cutecat #bestmeow #instacat #一眼レフのある生活 #catmeme,https://www.instagram.com/p/C-z8Dz3yai6/
2024/8/19,https://raw.githubusercontent.com/wangqi0821/uni-calendar-china/main/media/2024-08-19_12-38-37.mp4,Uni never shakes paws when I don't have treats :3  おやつを持ってない時はお手しない  #ミヌエット #funnycat #猫好きさんとつながりたい #catstagram #にゃんすたぐらむ #猫写真 #tuxedocat #cutecat #bestmeow #instacat #一眼レフのある生活 #catmeme,https://www.instagram.com/p/C-2g5-FyPqU/
2024/8/20,"https://raw.githubusercontent.com/wangqi0821/uni-calendar-china/main/media/2024-08-20_01-22-37_1.jpg
https://raw.githubusercontent.com/wangqi0821/uni-calendar-china/main/media/2024-08-20_01-22-37_2.jpg",The cutest monster :3  可愛い怪獣  #ミヌエット #funnycat #猫好きさんとつながりたい #catstagram #にゃんすたぐらむ #猫写真 #tuxedocat #cutecat #bestmeow #instacat #一眼レフのある生活 #catmeme,https://www.instagram.com/p/C-34W_gywoy/
2024/8/20,https://raw.githubusercontent.com/wangqi0821/uni-calendar-china/main/media/2024-08-20_12-21-51.jpg,"Uni: “Happy birthday, mom!” (Today is my birthday, so Uni celebrated it for me)  「かーちゃん誕生日おめでとう！」 （今日は私の誕生日なので、うにがお祝いしてくれました）  #ミヌエット #funnycat #猫好きさんとつながりたい #catstagram #にゃんすたぐらむ #猫写真 #tuxedocat #cutecat #bestmeow #instacat #一眼レフのある生活 #catmeme",https://www.instagram.com/p/C-5DzZuSaiE/
2024/8/21,https://raw.githubusercontent.com/wangqi0821/uni-calendar-china/main/media/2024-08-21_12-23-15.jpg,Uni…are you a fairy or something? :3  妖精か何かかな？  #ミヌエット #funnycat #猫好きさんとつながりたい #catstagram #にゃんすたぐらむ #猫写真 #tuxedocat #cutecat #bestmeow #instacat #一眼レフのある生活 #catmeme,https://www.instagram.com/p/C-7owhjyiAT/
2024/8/22,"https://raw.githubusercontent.com/wangqi0821/uni-calendar-china/main/media/2024-08-22_12-31-48_1.jpg
https://raw.githubusercontent.com/wangqi0821/uni-calendar-china/main/media/2024-08-22_12-31-48_2.jpg","The moment Uni sat, ""I'm the strongest!''  おすわりした瞬間「ぼくは最強！」  #ミヌエット #funnycat #猫好きさんとつながりたい #catstagram #にゃんすたぐらむ #猫写真 #tuxedocat #cutecat #bestmeow #instacat #一眼レフのある生活 #catmeme",https://www.instagram.com/p/C--OiBNyevY/
2024/8/23,https://raw.githubusercontent.com/wangqi0821/uni-calendar-china/main/media/2024-08-23_02-34-06.jpg,This is Uni lately :3  最近のうにです  #ミヌエット #funnycat #猫好きさんとつながりたい #catstagram #にゃんすたぐらむ #猫写真 #tuxedocat #cutecat #bestmeow #instacat #catmeme,https://www.instagram.com/p/C_A2gNBSo5w/
2024/8/23,https://raw.githubusercontent.com/wangqi0821/uni-calendar-china/main/media/2024-08-23_13-00-00.mp4,evil Uni  #ミヌエット #funnycat #猫好きさんとつながりたい #catstagram #にゃんすたぐらむ #猫写真 #tuxedocat #cutecat #bestmeow #instacat #一眼レフのある生活 #catmeme,https://www.instagram.com/p/C-_u7Kzyvi7/
2024/8/24,https://raw.githubusercontent.com/wangqi0821/uni-calendar-china/main/media/2024-08-24_12-24-55.jpg,crossing his paws  おててクロス  #ミヌエット #funnycat #猫好きさんとつながりたい #catstagram #にゃんすたぐらむ #猫写真 #tuxedocat #cutecat #bestmeow #instacat #一眼レフのある生活 #catmeme,https://www.instagram.com/p/C_BqaipzUfJ/
2024/8/24,https://raw.githubusercontent.com/wangqi0821/uni-calendar-china/main/media/2024-08-24_20-56-45.jpg,Soggy Uni 2 years ago  2年前のお風呂写真  #ミヌエット #funnycat #猫好きさんとつながりたい #catstagram #にゃんすたぐらむ #猫写真 #tuxedocat #cutecat #bestmeow #instacat #一眼レフのある生活 #catmeme,https://www.instagram.com/p/C_DXVU6ysaN/
2024/8/25,https://raw.githubusercontent.com/wangqi0821/uni-calendar-china/main/media/2024-08-25_12-16-20.jpg,I'm the coolest! :3  ぼくはかっこいい！  #ミヌエット #funnycat #猫好きさんとつながりたい #catstagram #にゃんすたぐらむ #猫写真 #tuxedocat #cutecat #bestmeow #instacat #一眼レフのある生活 #catmeme,https://www.instagram.com/p/C_ER6L-zboC/
2024/8/25,https://raw.githubusercontent.com/wangqi0821/uni-calendar-china/main/media/2024-08-25_20-42-28.jpg,gang  #ミヌエット #funnycat #猫好きさんとつながりたい #catstagram #にゃんすたぐらむ #猫写真 #tuxedocat #cutecat #bestmeow #instacat #一眼レフのある生活 #catmeme,https://www.instagram.com/p/C_F7JaJyazh/
2024/8/26,https://raw.githubusercontent.com/wangqi0821/uni-calendar-china/main/media/2024-08-26_12-32-28.jpg,I'm here :3  ここにいるよ  #ミヌエット #funnycat #猫好きさんとつながりたい #catstagram #にゃんすたぐらむ #猫写真 #tuxedocat #cutecat #bestmeow #instacat #一眼レフのある生活 #catmeme,https://www.instagram.com/p/C_IhyZNyJuJ/
2024/8/26,https://raw.githubusercontent.com/wangqi0821/uni-calendar-china/main/media/2024-08-26_22-28-05.jpg,I have become too strong…  ぼくは強くなりすぎてしまった…  #ミヌエット #funnycat #猫好きさんとつながりたい #catstagram #にゃんすたぐらむ #猫写真 #tuxedocat #cutecat #bestmeow #instacat #一眼レフのある生活 #catmeme,https://www.instagram.com/p/C_G1EbFzsID/
2024/8/27,https://raw.githubusercontent.com/wangqi0821/uni-calendar-china/main/media/2024-08-27_12-31-46.jpg,Uni and Mini Unis  #ミヌエット #funnycat #猫好きさんとつながりたい #catstagram #にゃんすたぐらむ #猫写真 #tuxedocat #cutecat #bestmeow #instacat #一眼レフのある生活 #catmeme,https://www.instagram.com/p/C_LGgIfS7GO/
2024/8/27,https://raw.githubusercontent.com/wangqi0821/uni-calendar-china/main/media/2024-08-27_20-42-04.jpg,Soggy Uni “I’m……the strongest……”  お風呂でも「ぼくは最強…」  #ミヌエット #funnycat #猫好きさんとつながりたい #catstagram #にゃんすたぐらむ #猫写真 #tuxedocat #cutecat #bestmeow #instacat #一眼レフのある生活 #catmeme,https://www.instagram.com/p/C_Jl83uTpWk/
2024/8/28,https://raw.githubusercontent.com/wangqi0821/uni-calendar-china/main/media/2024-08-28_12-26-12.jpg,What is that creature…?  あの生き物は一体…？  #ミヌエット #funnycat #猫好きさんとつながりたい #catstagram #にゃんすたぐらむ #猫写真 #tuxedocat #cutecat #bestmeow #instacat #一眼レフのある生活 #catmeme,https://www.instagram.com/p/C_NqqTnyrao/
2024/8/28,https://raw.githubusercontent.com/wangqi0821/uni-calendar-china/main/media/2024-08-28_20-41-13.jpg,I have become too strong…  ぼくは強くなりすぎてしまった…  #ミヌエット #funnycat #猫好きさんとつながりたい #catstagram #にゃんすたぐらむ #猫写真 #tuxedocat #cutecat #bestmeow #instacat #一眼レフのある生活 #catmeme,https://www.instagram.com/p/C_L-nSzzGzY/
2024/8/29,https://raw.githubusercontent.com/wangqi0821/uni-calendar-china/main/media/2024-08-29_12-32-20.jpg,So excited! :3  ワクワク！  #ミヌエット #funnycat #猫好きさんとつながりたい #catstagram #にゃんすたぐらむ #猫写真 #tuxedocat #cutecat #bestmeow #instacat #一眼レフのある生活 #catmeme,https://www.instagram.com/p/C_QQKD3SU3Q/
2024/8/29,https://raw.githubusercontent.com/wangqi0821/uni-calendar-china/main/media/2024-08-29_20-59-27.jpg,Uni at the bar?  #ミヌエット #funnycat #猫好きさんとつながりたい #catstagram #にゃんすたぐらむ #猫写真 #tuxedocat #cutecat #bestmeow #instacat #一眼レフのある生活 #catmeme,https://www.instagram.com/p/C_OjT8WznQ0/
2024/8/30,https://raw.githubusercontent.com/wangqi0821/uni-calendar-china/main/media/2024-08-30_13-23-52.mp4,Are you a little shy? :3  ちょっともじもじ？  #ミヌエット #funnycat #猫好きさんとつながりたい #catstagram #にゃんすたぐらむ #猫写真 #tuxedocat #cutecat #bestmeow #instacat #一眼レフのある生活 #catmeme,https://www.instagram.com/p/C_RKMSoTZo1/
2024/8/30,,literally :3 cat!  文字通り「:3」  #ミヌエット #funnycat #猫好きさんとつながりたい #catstagram #にゃんすたぐらむ #猫写真 #tuxedocat #cutecat #bestmeow #instacat #maxwellthecat #catmeme,https://www.instagram.com/p/C_S60jjyhHO/
2024/8/31,https://raw.githubusercontent.com/wangqi0821/uni-calendar-china/main/media/2024-08-31_12-28-51.jpg,Uni looks proud with his watermelon collar :3  スイカの首輪をつけて得意げです  #ミヌエット #funnycat #猫好きさんとつながりたい #catstagram #にゃんすたぐらむ #猫写真 #tuxedocat #cutecat #bestmeow #instacat #一眼レフのある生活 #catmeme,https://www.instagram.com/p/C_VZWWVymEC/
2024/9/1,https://raw.githubusercontent.com/wangqi0821/uni-calendar-china/main/media/2024-09-01_12-44-37.mp4,I trimmed the fur between his paw pads. Good boy Uni!  足裏の毛を剃りました。頑張ったね！  #ミヌエット #funnycat #猫好きさんとつながりたい #catstagram #にゃんすたぐらむ #猫写真 #tuxedocat #cutecat #bestmeow #instacat #一眼レフのある生活 #catmeme,https://www.instagram.com/p/C_X_5U6SFvp/
2024/9/1,,Bring it on! :3  かかってこい！  #ミヌエット #funnycat #猫好きさんとつながりたい #catstagram #にゃんすたぐらむ #猫写真 #tuxedocat #cutecat #bestmeow #instacat #一眼レフのある生活 #catmeme,https://www.instagram.com/p/C_WSyNgTrcv/
2024/9/2,https://raw.githubusercontent.com/wangqi0821/uni-calendar-china/main/media/2024-09-02_12-20-25.jpg,I’m ready for a snack :3  おやつちょーだい！  #ミヌエット #funnycat #猫好きさんとつながりたい #catstagram #にゃんすたぐらむ #猫写真 #tuxedocat #cutecat #bestmeow #instacat #一眼レフのある生活 #catmeme,https://www.instagram.com/p/C_ah-OuSHuk/
2024/9/3,https://raw.githubusercontent.com/wangqi0821/uni-calendar-china/main/media/2024-09-03_12-50-22.jpg,I'm Uni :3  ぼくは、うに  #ミヌエット #funnycat #猫好きさんとつながりたい #catstagram #にゃんすたぐらむ #猫写真 #tuxedocat #cutecat #bestmeow #instacat #一眼レフのある生活 #catmeme,https://www.instagram.com/p/C_dKMfLSQis/
2024/9/3,"https://raw.githubusercontent.com/wangqi0821/uni-calendar-china/main/media/2024-09-03_20-51-42_1.jpg
https://raw.githubusercontent.com/wangqi0821/uni-calendar-china/main/media/2024-09-03_20-51-42_2.jpg",When Uni was 1 year old  うに1歳の時  #ミヌエット #funnycat #猫好きさんとつながりたい #catstagram #にゃんすたぐらむ #猫写真 #tuxedocat #cutecat #bestmeow #instacat #一眼レフのある生活 #catmeme,https://www.instagram.com/p/C_bcbbrzJHg/
2024/9/4,https://raw.githubusercontent.com/wangqi0821/uni-calendar-china/main/media/2024-09-04_13-02-34.mp4,It's so cute when Uni is following me with his eyes :3  私を目で追う姿が可愛い  #ミヌエット #funnycat #猫好きさんとつながりたい #catstagram #にゃんすたぐらむ #猫写真 #tuxedocat #cutecat #bestmeow #instacat #一眼レフのある生活 #catmeme,https://www.instagram.com/p/C_fwTn_SudE/
2024/9/4,,Uni and Furby（Uni also looks like a plush!）  うにとファービー（うにもぬいぐるみみたいに見える！）  #ミヌエット #funnycat #猫好きさんとつながりたい #catstagram #にゃんすたぐらむ #猫写真 #tuxedocat #cutecat #bestmeow #instacat #一眼レフのある生活 #catmeme,https://www.instagram.com/p/C_eBR59ztPz/
2024/9/5,https://raw.githubusercontent.com/wangqi0821/uni-calendar-china/main/media/2024-09-05_00-40-41.jpg,I'm the coolest! :3  ぼくはかっこいい！  #ミヌエット #funnycat #猫好きさんとつながりたい #catstagram#tuxedocat #一眼レフのある生活,https://www.instagram.com/p/C_iVcsVyE5L/
2024/9/5,https://raw.githubusercontent.com/wangqi0821/uni-calendar-china/main/media/2024-09-05_13-04-54.jpg,Uni :3  #ミヌエット #funnycat #猫好きさんとつながりたい #catstagram #にゃんすたぐらむ #tuxedocat #一眼レフのある生活 #catmeme,https://www.instagram.com/p/C_hAR8qSuuB/
2024/9/6,"https://raw.githubusercontent.com/wangqi0821/uni-calendar-china/main/media/2024-09-06_12-40-07_1.jpg
https://raw.githubusercontent.com/wangqi0821/uni-calendar-china/main/media/2024-09-06_12-40-07_2.jpg",Uni and Uni pillow （He has pink and black toe beans!）  うにとうにクッション （うにの肉球はピンクと黒です）  #ミヌエット #funnycat #猫好きさんとつながりたい #catstagram#tuxedocat,https://www.instagram.com/p/C_k3aCqyM4c/
2024/9/6,"https://raw.githubusercontent.com/wangqi0821/uni-calendar-china/main/media/2024-09-06_20-41-02_1.jpg
https://raw.githubusercontent.com/wangqi0821/uni-calendar-china/main/media/2024-09-06_20-41-02_2.jpg",Hi! :3  #ミヌエット #funnycat #猫好きさんとつながりたい #catstagram#tuxedocat #一眼レフのある生活,https://www.instagram.com/p/C_jLrN6TChU/
2024/9/7,https://raw.githubusercontent.com/wangqi0821/uni-calendar-china/main/media/2024-09-07_12-45-31.mp4,beans?  豆かな？  #ミヌエット #funnycat #猫好きさんとつながりたい #catstagram#tuxedocat #一眼レフのある生活,https://www.instagram.com/p/C_lucc8z3Hn/
2024/9/7,https://raw.githubusercontent.com/wangqi0821/uni-calendar-china/main/media/2024-09-07_20-50-17.jpg,Uni is wagging his tail :3  しっぽぶんぶん！  #ミヌエット #funnycat #猫好きさんとつながりたい #catstagram#tuxedocat,https://www.instagram.com/p/C_ncyjzyvLq/
2024/9/8,https://raw.githubusercontent.com/wangqi0821/uni-calendar-china/main/media/2024-09-08_13-22-41.mp4,This is Uni lately :3  最近のうにです  #ミヌエット #funnycat #猫好きさんとつながりたい #catstagram #tuxedocat #maxwellthecat,https://www.instagram.com/p/C_qF1qGyOoM/
2024/9/8,https://raw.githubusercontent.com/wangqi0821/uni-calendar-china/main/media/2024-09-08_21-32-16.jpg,Uni's ears…!  耳が…！  #ミヌエット #funnycat #猫好きさんとつながりたい #catstagram#tuxedocat #一眼レフのある生活,https://www.instagram.com/p/C_oUS_STTlF/
2024/9/9,https://raw.githubusercontent.com/wangqi0821/uni-calendar-china/main/media/2024-09-09_12-44-31.jpg,Featherless biped?  #ミヌエット #funnycat #猫好きさんとつながりたい #catstagram #tuxedocat #catmeme,https://www.instagram.com/p/C_smS9cSsQa/
2024/9/9,https://raw.githubusercontent.com/wangqi0821/uni-calendar-china/main/media/2024-09-09_20-57-32.mp4,Uni :3  #ミヌエット #funnycat #猫好きさんとつながりたい #catstagram #catmeme,https://www.instagram.com/p/C_q95WuTWP1/
2024/9/10,https://raw.githubusercontent.com/wangqi0821/uni-calendar-china/main/media/2024-09-10_12-33-13.jpg,The moment Uni had a stretch! :3  可愛くのびーっ！  #ミヌエット #funnycat #猫好きさんとつながりたい #catstagram #tuxedocat #catmeme,https://www.instagram.com/p/C_temCeKKEA/
2024/9/10,"https://raw.githubusercontent.com/wangqi0821/uni-calendar-china/main/media/2024-09-10_20-52-26_1.jpg
https://raw.githubusercontent.com/wangqi0821/uni-calendar-china/main/media/2024-09-10_20-52-26_2.jpg
https://raw.githubusercontent.com/wangqi0821/uni-calendar-china/main/media/2024-09-10_20-52-26_3.jpg
https://raw.githubusercontent.com/wangqi0821/uni-calendar-china/main/media/2024-09-10_20-52-26_4.jpg",This is the tuxedocat! :3  これぞまさにタキシード猫！  #ミヌエット #funnycat #猫好きさんとつながりたい #catstagram #tuxedocat #一眼レフのある生活,https://www.instagram.com/p/C_vJzE7SpEn/
2024/9/11,https://raw.githubusercontent.com/wangqi0821/uni-calendar-china/main/media/2024-09-11_12-36-14.mp4,Soggy Uni! :3  去年のお風呂動画です  #ミヌエット #funnycat #猫好きさんとつながりたい #catstagram #tuxedocat #soggycat,https://www.instagram.com/p/C_xu0uJqHJ5/
2024/9/11,"https://raw.githubusercontent.com/wangqi0821/uni-calendar-china/main/media/2024-09-11_20-45-27_1.jpg
https://raw.githubusercontent.com/wangqi0821/uni-calendar-china/main/media/2024-09-11_20-45-27_2.jpg",Uni's very expressive in this box! :3  箱の中で表情豊かなうに  #ミヌエット #funnycat #猫好きさんとつながりたい #catstagram #tuxedocat #一眼レフのある生活,https://www.instagram.com/p/C_wC7abzphC/
2024/9/12,https://raw.githubusercontent.com/wangqi0821/uni-calendar-china/main/media/2024-09-12_12-32-20.mp4,Soggy Uni's meow! :3  お風呂での「にゃー！」  #ミヌエット #funnycat #猫好きさんとつながりたい #catstagram #tuxedocat,https://www.instagram.com/p/C_0TQ23SiWX/
2024/9/12,"https://raw.githubusercontent.com/wangqi0821/uni-calendar-china/main/media/2024-09-12_20-50-03_1.jpg
https://raw.githubusercontent.com/wangqi0821/uni-calendar-china/main/media/2024-09-12_20-50-03_2.jpg",I'm the strongest! :3  ぼくは最強！  #ミヌエット #funnycat #猫好きさんとつながりたい #catstagram #tuxedocat #一眼レフのある生活,https://www.instagram.com/p/C_ym7HCTnn8/
2024/9/13,https://raw.githubusercontent.com/wangqi0821/uni-calendar-china/main/media/2024-09-13_12-40-48.jpg,When Uni was 1 year old  うに、1歳の時  #ミヌエット #funnycat #猫好きさんとつながりたい #catstagram #tuxedocat #一眼レフのある生活,https://www.instagram.com/p/C_25DLhzyYb/
2024/9/13,,"The vet said 〝He's not overweight at all, but he has a round and big head.‘’  病院の先生から「この子全然太ってないけど……顔が丸くて大きいね」と言われてしまったうに  #ミヌエット #funnycat #猫好きさんとつながりたい #catstagram #tuxedocat #一眼レフのある生活",https://www.instagram.com/p/C_1MPvOzd3k/
2024/9/14,https://raw.githubusercontent.com/wangqi0821/uni-calendar-china/main/media/2024-09-14_00-30-09.jpg,This treat is so yummy! :3  このおやつ美味しい！  #ミヌエット #funnycat #猫好きさんとつながりたい #catstagram #tuxedocat #一眼レフのある生活,https://www.instagram.com/p/C_5dKyhKGOc/
2024/9/14,https://raw.githubusercontent.com/wangqi0821/uni-calendar-china/main/media/2024-09-14_12-35-11.mp4,Give Uni high five?  うにとハイタッチ？  #ミヌエット #funnycat #猫好きさんとつながりたい #catstagram #tuxedocat #一眼レフのある生活,https://www.instagram.com/p/C_4KOskzcoQ/
2024/9/15,https://raw.githubusercontent.com/wangqi0821/uni-calendar-china/main/media/2024-09-15_12-50-52.mp4,What is that cute creature!?  何だあの可愛い生き物は！  #ミヌエット #funnycat #猫好きさんとつながりたい #catstagram #tuxedocat #一眼レフのある生活,https://www.instagram.com/p/C_6VpypzPsm/
2024/9/15,https://raw.githubusercontent.com/wangqi0821/uni-calendar-china/main/media/2024-09-15_20-59-20.jpg,"""Why do I have to shake paws? You don't have treats.""  「なぜお手しないといけないのですか？おやつもないのに？」  #ミヌエット #funnycat #猫好きさんとつながりたい #catstagram #tuxedocat #一眼レフのある生活",https://www.instagram.com/p/C_8Dwm-qF6C/
2024/9/16,https://raw.githubusercontent.com/wangqi0821/uni-calendar-china/main/media/2024-09-16_12-23-10.mp4,Uni's funny face :3  うにの面白い顔  #ミヌエット #funnycat #猫好きさんとつながりたい #catstagram #tuxedocat #一眼レフのある生活,https://www.instagram.com/p/C_87sYLzIFc/
2024/9/16,https://raw.githubusercontent.com/wangqi0821/uni-calendar-china/main/media/2024-09-16_21-14-04.jpg,Baby Uni “Free me! Let’s play! ”  赤ちゃんうに「ここから出て遊びたい！」  #ミヌエット #funnycat #猫好きさんとつながりたい #catstagram #tuxedocat,https://www.instagram.com/p/C_-lXGoqf30/
2024/9/17,https://raw.githubusercontent.com/wangqi0821/uni-calendar-china/main/media/2024-09-17_12-21-20.jpg,I'm the strongest! :3  ぼくは最強！  #ミヌエット #funnycat #猫好きさんとつながりたい #catstagram #tuxedocat #一眼レフのある生活,https://www.instagram.com/p/C__iLIXzn0a/
2024/9/17,"https://raw.githubusercontent.com/wangqi0821/uni-calendar-china/main/media/2024-09-17_23-53-11_1.jpg
https://raw.githubusercontent.com/wangqi0821/uni-calendar-china/main/media/2024-09-17_23-53-11_2.jpg",Uni is plotting something?  何かを企んでいる？  #ミヌエット #funnycat #猫好きさんとつながりたい #catstagram #tuxedocat #一眼レフのある生活,https://www.instagram.com/p/DABKAJAz28o/
2024/9/18,https://raw.githubusercontent.com/wangqi0821/uni-calendar-china/main/media/2024-09-18_12-44-01.mp4,Uni's voice like pokemon! :3  ポケモンみたいな声！  #ミヌエット #funnycat #猫好きさんとつながりたい #catstagram #tuxedocat #一眼レフのある生活,https://www.instagram.com/p/DADxWGIqq4C/
2024/9/18,https://raw.githubusercontent.com/wangqi0821/uni-calendar-china/main/media/2024-09-18_21-10-32.jpg,""" I will tell you a scary story that really happened” ""Please listen carefully …”  「今から怖い話をします」 「よく聞くのです…」  #ミヌエット #funnycat #猫好きさんとつながりたい #catstagram #tuxedocat #一眼レフのある生活",https://www.instagram.com/p/DACZLVZz6fy/
2024/9/19,"https://raw.githubusercontent.com/wangqi0821/uni-calendar-china/main/media/2024-09-19_12-26-51_1.jpg
https://raw.githubusercontent.com/wangqi0821/uni-calendar-china/main/media/2024-09-19_12-26-51_2.jpg
https://raw.githubusercontent.com/wangqi0821/uni-calendar-china/main/media/2024-09-19_12-26-51_3.jpg",Uni ate a whole chicken today?  #ミヌエット #funnycat #猫好きさんとつながりたい #catstagram #tuxedocat #一眼レフのある生活,https://www.instagram.com/p/DAErW86TI5w/
2024/9/19,https://raw.githubusercontent.com/wangqi0821/uni-calendar-china/main/media/2024-09-19_20-59-12.jpg,I'm the coolest…sleepiest…  #ミヌエット #funnycat #猫好きさんとつながりたい #catstagram #tuxedocat #一眼レフのある生活,https://www.instagram.com/p/DAGUOUBzf0X/
2024/9/20,https://raw.githubusercontent.com/wangqi0821/uni-calendar-china/main/media/2024-09-20_12-37-28.jpg,Uni surprised by the movements of the cat toy! :3  猫じゃらしの動きにびっくり！  #ミヌエット #funnycat #猫好きさんとつながりたい #catstagram #tuxedocat #一眼レフのある生活,https://www.instagram.com/p/DAHO248znMu/
2024/9/20,,What is that creature? （Some people commented that he was Jabba the Hutt.）  あの生き物は一体…？ （ジャバ?ザ?ハットとコメントする人もいました）  #ミヌエット #funnycat #猫好きさんとつながりたい #catstagram #tuxedocat #一眼レフのある生活,https://www.instagram.com/p/DAI6O3AzTIp/
2024/9/21,https://raw.githubusercontent.com/wangqi0821/uni-calendar-china/main/media/2024-09-21_00-25-38.jpg,Uni :3  #ミヌエット #funnycat #猫好きさんとつながりたい #catstagram #tuxedocat,https://www.instagram.com/p/DALdl2OKKNT/
2024/9/21,https://raw.githubusercontent.com/wangqi0821/uni-calendar-china/main/media/2024-09-21_12-26-52.mp4,He is taking a nap :3  お昼寝中です  #ミヌエット #funnycat #猫好きさんとつながりたい #catstagram #tuxedocat,https://www.instagram.com/p/DAKLRomzzrF/
2024/9/22,https://raw.githubusercontent.com/wangqi0821/uni-calendar-china/main/media/2024-09-22_12-38-04.jpg,When Uni was 1 year old  うに、1歳の時  #ミヌエット #funnycat #猫好きさんとつながりたい #catstagram #tuxedocat #一眼レフのある生活,https://www.instagram.com/p/DAMslg6TrtB/
2024/9/22,"https://raw.githubusercontent.com/wangqi0821/uni-calendar-china/main/media/2024-09-22_20-43-27_1.jpg
https://raw.githubusercontent.com/wangqi0821/uni-calendar-china/main/media/2024-09-22_20-43-27_2.jpg
https://raw.githubusercontent.com/wangqi0821/uni-calendar-china/main/media/2024-09-22_20-43-27_3.jpg",Uni's strongest punch! :3  最強パンチ！  #ミヌエット #funnycat #猫好きさんとつながりたい #catstagram #tuxedocat #一眼レフのある生活,https://www.instagram.com/p/DAOD5GNTrI3/
2024/9/23,https://raw.githubusercontent.com/wangqi0821/uni-calendar-china/main/media/2024-09-23_12-30-30.jpg,Uni :3  #ミヌエット #funnycat #猫好きさんとつながりたい #catstagram #tuxedocat #一眼レフのある生活,https://www.instagram.com/p/DAQn0dYz3vT/
2024/9/23,https://raw.githubusercontent.com/wangqi0821/uni-calendar-china/main/media/2024-09-23_21-22-13.mp4,desperately trying to catch it :3  捕まえようと必死です  #ミヌエット #funnycat #猫好きさんとつながりたい #catstagram #tuxedocat #一眼レフのある生活,https://www.instagram.com/p/DAO7cJ4TaI2/
2024/9/24,https://raw.githubusercontent.com/wangqi0821/uni-calendar-china/main/media/2024-09-24_13-41-04.jpg,So cute Uni!  可愛いうに！  #ミヌエット #funnycat #猫好きさんとつながりたい #catstagram #tuxedocat #一眼レフのある生活,https://www.instagram.com/p/DATUsPWT6E2/
2024/9/24,,strongest jump?  #ミヌエット #funnycat #猫好きさんとつながりたい #catstagram  #tuxedocat,https://www.instagram.com/p/DARkbHgqK-Q/
2024/9/25,"https://raw.githubusercontent.com/wangqi0821/uni-calendar-china/main/media/2024-09-25_01-08-28_1.jpg
https://raw.githubusercontent.com/wangqi0821/uni-calendar-china/main/media/2024-09-25_01-08-28_2.jpg",Uni ate a whole chicken today?  #ミヌエット #funnycat #猫好きさんとつながりたい #catstagram #tuxedocat #一眼レフのある生活,https://www.instagram.com/p/DAUjW3EzkZU/
2024/9/25,https://raw.githubusercontent.com/wangqi0821/uni-calendar-china/main/media/2024-09-25_12-42-09.jpg,literally :3 cat!  文字通り「:3」  #ミヌエット #funnycat #猫好きさんとつながりたい #catstagram #tuxedocat #一眼レフのある生活,https://www.instagram.com/p/DAVyvl_zk6u/
2024/9/26,https://raw.githubusercontent.com/wangqi0821/uni-calendar-china/main/media/2024-09-26_12-43-45.jpg,Comfy Uni  気持ち良さそう  #ミヌエット #funnycat #猫好きさんとつながりたい #catstagram #tuxedocat,https://www.instagram.com/p/DAWvk2MK_92/
2024/9/26,https://raw.githubusercontent.com/wangqi0821/uni-calendar-china/main/media/2024-09-26_20-53-53.jpg,The strongest? or the cutest?  最強？それとも可愛い？  #ミヌエット #funnycat #猫好きさんとつながりたい #catstagram #tuxedocat #一眼レフのある生活,https://www.instagram.com/p/DAYXuMXzjPo/
2024/9/27,https://raw.githubusercontent.com/wangqi0821/uni-calendar-china/main/media/2024-09-27_13-39-36.mp4,?????  #ミヌエット #funnycat #猫好きさんとつながりたい #catstagram #tuxedocat #一眼レフのある生活,https://www.instagram.com/p/DAbCtssq0PB/
2024/9/27,https://raw.githubusercontent.com/wangqi0821/uni-calendar-china/main/media/2024-09-27_23-52-33.jpg,I'm always here to listen :3  いつでもお話聞きますから  #ミヌエット #funnycat #猫好きさんとつながりたい #catstagram #tuxedocat #一眼レフのある生活,https://www.instagram.com/p/DAZP0DLzJrt/
2024/9/28,,It must be time for my dinner soon…  そろそろごはんに違いない…  #ミヌエット #funnycat #猫好きさんとつながりたい #catstagram #tuxedocat #一眼レフのある生活,https://www.instagram.com/p/DAcJDhqzOWP/
2024/9/29,https://raw.githubusercontent.com/wangqi0821/uni-calendar-china/main/media/2024-09-29_00-42-53.mp4,The moment Uni becomes the strongest!  最強になる瞬間！  #ミヌエット #funnycat #猫好きさんとつながりたい #catstagram #tuxedocat,https://www.instagram.com/p/DAezgWrq558/
2024/9/29,https://raw.githubusercontent.com/wangqi0821/uni-calendar-china/main/media/2024-09-29_13-04-31.mp4,I heard the sound of snacks.  おやつの音がしました  #ミヌエット #funnycat #猫好きさんとつながりたい #catstagram #tuxedocat,https://www.instagram.com/p/DAgIVzqq3Gl/
2024/9/30,https://raw.githubusercontent.com/wangqi0821/uni-calendar-china/main/media/2024-09-30_12-30-38.jpg,I wish I could put tires on this box :3  この箱にタイヤをつけれたらいいのに  #ミヌエット #funnycat #猫好きさんとつながりたい #catstagram #tuxedocat #一眼レフのある生活,https://www.instagram.com/p/DAipZmxzTQz/
2024/9/30,https://raw.githubusercontent.com/wangqi0821/uni-calendar-china/main/media/2024-09-30_23-58-07.jpg,Uni is cute even when he's intimidating! :3  威嚇してても可愛い  #ミヌエット #funnycat #猫好きさんとつながりたい #catstagram #tuxedocat #一眼レフのある生活,https://www.instagram.com/p/DAhCdp6zzUP/
2024/10/1,"https://raw.githubusercontent.com/wangqi0821/uni-calendar-china/main/media/2024-10-01_12-41-57_1.jpg
https://raw.githubusercontent.com/wangqi0821/uni-calendar-china/main/media/2024-10-01_12-41-57_2.jpg",Uni looks comfy.  気持ち良さそう  #ミヌエット #funnycat #猫好きさんとつながりたい #catstagram #tuxedocat,https://www.instagram.com/p/DAj4E55zYzf/
2024/10/1,https://raw.githubusercontent.com/wangqi0821/uni-calendar-china/main/media/2024-10-01_20-52-28.jpg,"〝You have treats! I'll shake paws!""  「おやつ持ってる…！お手します！」  #ミヌエット #funnycat #猫好きさんとつながりたい #catstagram #tuxedocat #一眼レフのある生活",https://www.instagram.com/p/DAlPfVNynBj/
2024/10/2,https://raw.githubusercontent.com/wangqi0821/uni-calendar-china/main/media/2024-10-02_12-56-04.jpg,Uni seems to be in a good mood! :3  うにはご機嫌みたいです  #ミヌエット #funnycat #猫好きさんとつながりたい #catstagram #tuxedocat #一眼レフのある生活,https://www.instagram.com/p/DAn15nmTmn6/
2024/10/2,,How do I look?  エプロンうに。似合ってる？  #ミヌエット #funnycat #猫好きさんとつながりたい #catstagram #tuxedocat #一眼レフのある生活 #catlover #ねこすたぐらむ,https://www.instagram.com/p/DAmHoBTzqwe/
2024/10/3,,I'm a vampire :3  ぼく、ドラキュラ  #ミヌエット #funnycat #猫好きさんとつながりたい #catstagram #tuxedocat #一眼レフのある生活 #catlover #にゃんすたぐらむ,https://www.instagram.com/p/DAorwYiTV0t/
2024/10/3,"https://raw.githubusercontent.com/wangqi0821/uni-calendar-china/main/media/2024-10-03_21-00-54_1.jpg
https://raw.githubusercontent.com/wangqi0821/uni-calendar-china/main/media/2024-10-03_21-00-54_2.jpg",Uni's meow! sounds like Pokemon? :3  うにの鳴き声！ポケモンみたい？  #ミヌエット #funnycat #猫好きさんとつながりたい #catstagram #tuxedocat #にゃんすたぐらむ,https://www.instagram.com/p/DAqa8K5KB1O/
2024/10/4,https://raw.githubusercontent.com/wangqi0821/uni-calendar-china/main/media/2024-10-04_12-53-53.mp4,Can I get a lot of treats on Halloween!!??  ハロウィンにはおやつがいっぱいもらえるの！？  #ミヌエット #funnycat #猫好きさんとつながりたい #catstagram #tuxedocat #にゃんすたぐらむ #catsofinstagram,https://www.instagram.com/p/DAs_NsIqH7J/
2024/10/4,https://raw.githubusercontent.com/wangqi0821/uni-calendar-china/main/media/2024-10-04_20-50-32.jpg,Uni is flabbergasted! :3  びっくり！  #ミヌエット #funnycat #猫好きさんとつながりたい #catstagram #tuxedocat #一眼レフのある生活 #にゃんすたぐらむ #catsofinstagram,https://www.instagram.com/p/DArSLlRT_2n/
2024/10/5,https://raw.githubusercontent.com/wangqi0821/uni-calendar-china/main/media/2024-10-05_12-56-51.jpg,What is that cute creature!?  何だあの可愛い生き物は！  #ミヌエット #funnycat #猫好きさんとつながりたい #catstagram #tuxedocat #一眼レフのある生活 #にゃんすたぐらむ  #catsofinstagram,https://www.instagram.com/p/DAt1yg6TAw_/
2024/10/5,https://raw.githubusercontent.com/wangqi0821/uni-calendar-china/main/media/2024-10-05_23-50-32.jpg,Can you beat me?（final boss?）  ぼくを倒せるかな？（ラスボス？）  #ミヌエット #funnycat #猫好きさんとつながりたい #catstagram #tuxedocat #一眼レフのある生活 #にゃんすたぐらむ #catsofinstagram,https://www.instagram.com/p/DAvkYDpTPx2/
2024/10/6,https://raw.githubusercontent.com/wangqi0821/uni-calendar-china/main/media/2024-10-06_12-49-34.mp4,I want more! :3  もっとちょーだい！  #ミヌエット #funnycat #猫好きさんとつながりたい #catstagram #tuxedocat #にゃんすたぐらむ #catstagram #catsofinstagram,https://www.instagram.com/p/DAyIT7HqWS4/
2024/10/6,"https://raw.githubusercontent.com/wangqi0821/uni-calendar-china/main/media/2024-10-06_23-53-51_1.jpg
https://raw.githubusercontent.com/wangqi0821/uni-calendar-china/main/media/2024-10-06_23-53-51_2.jpg",Uni has a bigger head than Sora.  うにはそらよりも顔が大きい  #ミヌエット #funnycat #猫好きさんとつながりたい #catstagram #tuxedocat #一眼レフのある生活 #にゃんすたぐらむ  #catsofinstagram,https://www.instagram.com/p/DAwvLtNT6cl/
2024/10/7,https://raw.githubusercontent.com/wangqi0821/uni-calendar-china/main/media/2024-10-07_13-12-55.mp4,Uni's throne?  #ミヌエット #funnycat #猫好きさんとつながりたい #catstagram #tuxedocat #一眼レフのある生活 #にゃんすたぐらむ  #catsofinstagram,https://www.instagram.com/p/DAzUW5DzWrN/
2024/10/7,,I'm Uni! :3  #ミヌエット #funnycat #猫好きさんとつながりたい #catstagram #tuxedocat #catsofinstagram  #にゃんすたぐらむ,https://www.instagram.com/p/DA0vu8lK5DL/
2024/10/8,https://raw.githubusercontent.com/wangqi0821/uni-calendar-china/main/media/2024-10-08_01-01-18.jpg,Bring it on! :3  かかってこい！  #ミヌエット #funnycat #猫好きさんとつながりたい #catstagram #tuxedocat #一眼レフのある生活 #にゃんすたぐらむ #catsofinstagram,https://www.instagram.com/p/DA2A3xRz_jC/
2024/10/8,https://raw.githubusercontent.com/wangqi0821/uni-calendar-china/main/media/2024-10-08_12-35-21.jpg,Uni at the bar?  #ミヌエット #funnycat #猫好きさんとつながりたい #catstagram #tuxedocat #一眼レフのある生活 #にゃんすたぐらむ #catsofinstagram,https://www.instagram.com/p/DA3QTHqTyVj/
2024/10/9,https://raw.githubusercontent.com/wangqi0821/uni-calendar-china/main/media/2024-10-09_12-49-39.jpg,I gave churu to our little devil :3  うちの小悪魔に貢ぎ物  #ミヌエット #funnycat #猫好きさんとつながりたい #catstagram #tuxedocat #一眼レフのある生活 #にゃんすたぐらむ #catsofinstagram,https://www.instagram.com/p/DA4IokQz-5-/
2024/10/9,"https://raw.githubusercontent.com/wangqi0821/uni-calendar-china/main/media/2024-10-09_20-46-25_1.jpg
https://raw.githubusercontent.com/wangqi0821/uni-calendar-china/main/media/2024-10-09_20-46-25_2.jpg","Uni, are you an owl?  フクロウかな？  #ミヌエット #funnycat #猫好きさんとつながりたい #catstagram #tuxedocat #一眼レフのある生活 #にゃんすたぐらむ #catsofinstagram",https://www.instagram.com/p/DA52utyzzH3/
2024/10/10,"https://raw.githubusercontent.com/wangqi0821/uni-calendar-china/main/media/2024-10-10_12-29-05_1.jpg
https://raw.githubusercontent.com/wangqi0821/uni-calendar-china/main/media/2024-10-10_12-29-05_2.jpg",Uni loaf! :3  おててないない！  #ミヌエット #funnycat #猫好きさんとつながりたい #catstagram #tuxedocat #一眼レフのある生活 #にゃんすたぐらむ  #catsofinstagram,https://www.instagram.com/p/DA6tSvXTlpR/
2024/10/10,https://raw.githubusercontent.com/wangqi0821/uni-calendar-china/main/media/2024-10-10_23-58-18.jpg,Soggy void Uni  お風呂で虚無  #ミヌエット #funnycat #猫好きさんとつながりたい #catstagram #tuxedocat #一眼レフのある生活 #にゃんすたぐらむ #soggycat,https://www.instagram.com/p/DA8ZLCdTdbV/
2024/10/11,https://raw.githubusercontent.com/wangqi0821/uni-calendar-china/main/media/2024-10-11_13-14-05.mp4,I'm a lion :3  ぼくはライオン  #ミヌエット #funnycat #猫好きさんとつながりたい #catstagram #tuxedocat #一眼レフのある生活 #にゃんすたぐらむ #catsofinstagram,https://www.instagram.com/p/DA9oC_UTFVF/
2024/10/11,"https://raw.githubusercontent.com/wangqi0821/uni-calendar-china/main/media/2024-10-11_20-50-32_1.jpg
https://raw.githubusercontent.com/wangqi0821/uni-calendar-china/main/media/2024-10-11_20-50-32_2.jpg
https://raw.githubusercontent.com/wangqi0821/uni-calendar-china/main/media/2024-10-11_20-50-32_3.jpg",Do you like it?  #ミヌエット #funnycat #猫好きさんとつながりたい #catstagram #tuxedocat  #にゃんすたぐらむ #catsofinstagram,https://www.instagram.com/p/DA_DDi6qPHN/
2024/10/12,https://raw.githubusercontent.com/wangqi0821/uni-calendar-china/main/media/2024-10-12_12-42-53.jpg,"Uni, why are you so round? :3  何でそんなに丸っこいの？  #ミヌエット #funnycat #猫好きさんとつながりたい #catstagram #tuxedocat #一眼レフのある生活 #にゃんすたぐらむ #catsofinstagram",https://www.instagram.com/p/DBBkVz0TUj9/
2024/10/12,https://raw.githubusercontent.com/wangqi0821/uni-calendar-china/main/media/2024-10-12_20-52-13.mp4,Uni sometimes looks blatantly disgusted.  うには時々露骨に嫌そうな顔をする  #ミヌエット #funnycat #猫好きさんとつながりたい #catstagram #tuxedocat #一眼レフのある生活 #にゃんすたぐらむ #catstagram,https://www.instagram.com/p/DA_3WpTTjej/
2024/10/13,https://raw.githubusercontent.com/wangqi0821/uni-calendar-china/main/media/2024-10-13_13-00-39.mp4,Uni is a little sleepy…  うにはちょっと眠い  #ミヌエット #funnycat #猫好きさんとつながりたい #catstagram #tuxedocat #一眼レフのある生活 #にゃんすたぐらむ #catsofinstagram,https://www.instagram.com/p/DBCcKD8Kgip/
2024/10/13,,I'm a vampire...I'm so scary...  ぼくはドラキュラ…怖いぞー  #ミヌエット #funnycat #猫好きさんとつながりたい #catstagram #tuxedocat #catsofinstagram  #にゃんすたぐらむ,https://www.instagram.com/p/DBEKwD-K6IC/
2024/10/14,https://raw.githubusercontent.com/wangqi0821/uni-calendar-china/main/media/2024-10-14_01-39-14.jpg,Uni was very surprised! :3  うに、びっくり！  #ミヌエット #funnycat #猫好きさんとつながりたい #catstagram #tuxedocat #一眼レフのある生活 #にゃんすたぐらむ #catsofinstagram,https://www.instagram.com/p/DBFh-6nzj-r/
2024/10/14,https://raw.githubusercontent.com/wangqi0821/uni-calendar-china/main/media/2024-10-14_12-40-20.mp4,"Even though Uni is a cat, he wags his tail too much.  猫なのにしっぽを振りすぎる  #ミヌエット #funnycat #猫好きさんとつながりたい #catstagram #tuxedocat #catsofinstagram  #にゃんすたぐらむ",https://www.instagram.com/p/DBGtkt9qJBL/
2024/10/15,https://raw.githubusercontent.com/wangqi0821/uni-calendar-china/main/media/2024-10-15_12-52-39.jpg,I'm a vampire...I'm so scary...  ぼくはドラキュラ…怖いぞー  #ミヌエット #funnycat #猫好きさんとつながりたい #catstagram #tuxedocat #一眼レフのある生活 #にゃんすたぐらむ #catsofinstagram,https://www.instagram.com/p/DBHpPXVTaut/
2024/10/15,https://raw.githubusercontent.com/wangqi0821/uni-calendar-china/main/media/2024-10-15_20-59-24.jpg,Sea cucumber?  なまこ？  #ミヌエット #funnycat #猫好きさんとつながりたい #catstagram #tuxedocat #一眼レフのある生活 #にゃんすたぐらむ #catsofinstagram,https://www.instagram.com/p/DBJT2BoT_Ck/
2024/10/16,"https://raw.githubusercontent.com/wangqi0821/uni-calendar-china/main/media/2024-10-16_12-37-56_1.jpg
https://raw.githubusercontent.com/wangqi0821/uni-calendar-china/main/media/2024-10-16_12-37-56_2.jpg",Uni's ears…!?  耳が…！？  #ミヌエット #funnycat #猫好きさんとつながりたい #catstagram #tuxedocat #一眼レフのある生活 #にゃんすたぐらむ #catsofinstagram,https://www.instagram.com/p/DBL29FGTX2e/
2024/10/16,https://raw.githubusercontent.com/wangqi0821/uni-calendar-china/main/media/2024-10-16_21-41-02.jpg,Uni ate a whole chicken today?  #ミヌエット #funnycat #猫好きさんとつながりたい #catstagram #tuxedocat #一眼レフのある生活 #にゃんすたぐらむ #catsofinstagram,https://www.instagram.com/p/DBKLjHKzJwj/
2024/10/17,https://raw.githubusercontent.com/wangqi0821/uni-calendar-china/main/media/2024-10-17_12-30-45.jpg,Uni with a yellow ribbon :3  黄色のリボンをつけました  #ミヌエット #funnycat #猫好きさんとつながりたい #catstagram #tuxedocat #一眼レフのある生活 #にゃんすたぐらむ #catsofinstagram,https://www.instagram.com/p/DBOa7WTz8mS/
2024/10/17,,Uni and Yoru sometimes fight but the two are really close with each other.  たまにケンカもするけど仲良し  #ミヌエット #funnycat #猫好きさんとつながりたい #catstagram #tuxedocat #一眼レフのある生活 #にゃんすたぐらむ #catsofinstagram,https://www.instagram.com/p/DBM1G6YTLco/
2024/10/18,https://raw.githubusercontent.com/wangqi0821/uni-calendar-china/main/media/2024-10-18_00-17-00.jpg,chubby Uni's cheeks :3  ぷにぷにのほっぺた  #ミヌエット #funnycat #猫好きさんとつながりたい #catstagram #tuxedocat #一眼レフのある生活 #にゃんすたぐらむ #catsofinstagram,https://www.instagram.com/p/DBPrwD-z28Y/
2024/10/18,https://raw.githubusercontent.com/wangqi0821/uni-calendar-china/main/media/2024-10-18_12-23-52.jpg,This doesn't suit him???  似合ってない??  #ミヌエット #funnycat #猫好きさんとつながりたい #catstagram #tuxedocat #一眼レフのある生活 #にゃんすたぐらむ #catsofinstagram,https://www.instagram.com/p/DBQ-7xaTUHa/
2024/10/19,https://raw.githubusercontent.com/wangqi0821/uni-calendar-china/main/media/2024-10-19_00-19-30.jpg,When Uni was 1 year old  うに、1歳の時  #ミヌエット #funnycat #猫好きさんとつながりたい #catstagram #tuxedocat #一眼レフのある生活 #にゃんすたぐらむ #catsofinstagram,https://www.instagram.com/p/DBSQ1Noz45p/
2024/10/19,https://raw.githubusercontent.com/wangqi0821/uni-calendar-china/main/media/2024-10-19_13-25-53.mp4,I'm Uni! Wanna be my friends?  #ミヌエット #funnycat #猫好きさんとつながりたい #catstagram #tuxedocat #一眼レフのある生活 #にゃんすたぐらむ #catsofinstagram,https://www.instagram.com/p/DBTqsptq-Kt/
2024/10/20,https://raw.githubusercontent.com/wangqi0821/uni-calendar-china/main/media/2024-10-20_12-40-40.mp4,I'm the strongest! :3  ぼくは最強！  #ミヌエット #funnycat #猫好きさんとつながりたい #catstagram #tuxedocat #一眼レフのある生活 #にゃんすたぐらむ #catsofinstagram,https://www.instagram.com/p/DBUdyA2zUYj/
2024/10/20,"https://raw.githubusercontent.com/wangqi0821/uni-calendar-china/main/media/2024-10-20_21-22-48_1.jpg
https://raw.githubusercontent.com/wangqi0821/uni-calendar-china/main/media/2024-10-20_21-22-48_2.jpg",Uni can do not only “paw” but also “other paw”!  お手だけじゃなくおかわりもできる！  #ミヌエット #funnycat #猫好きさんとつながりたい #catstagram #tuxedocat #一眼レフのある生活 #にゃんすたぐらむ #catsofinstagram,https://www.instagram.com/p/DBWKZycq5QH/
2024/10/21,https://raw.githubusercontent.com/wangqi0821/uni-calendar-china/main/media/2024-10-21_13-02-50.jpg,Does anyone want to play with me?  遊んでほしいな  #ミヌエット #funnycat #猫好きさんとつながりたい #catstagram #tuxedocat #一眼レフのある生活 #にゃんすたぐらむ #catsofinstagram,https://www.instagram.com/p/DBYxxy4zx-B/
2024/10/21,"https://raw.githubusercontent.com/wangqi0821/uni-calendar-china/main/media/2024-10-21_20-48-03_1.jpg
https://raw.githubusercontent.com/wangqi0821/uni-calendar-china/main/media/2024-10-21_20-48-03_2.jpg",Uni is performing a ritual???  うにの儀式？  #ミヌエット #funnycat #猫好きさんとつながりたい #catstagram #tuxedocat #一眼レフのある生活 #にゃんすたぐらむ #catsofinstagram,https://www.instagram.com/p/DBXGMxWT0wO/
2024/10/22,https://raw.githubusercontent.com/wangqi0821/uni-calendar-china/main/media/2024-10-22_12-39-57.jpg,Uni's strongest punch!  最強パンチ！  #ミヌエット #funnycat #猫好きさんとつながりたい #catstagram #tuxedocat #一眼レフのある生活 #にゃんすたぐらむ #catsofinstagram,https://www.instagram.com/p/DBbT9Gbz1OW/
2024/10/22,,Uni's big yawn :3  うにのあくび  #ミヌエット #funnycat #猫好きさんとつながりたい #catstagram #tuxedocat #一眼レフのある生活 #にゃんすたぐらむ #catsofinstagram,https://www.instagram.com/p/DBZnBJXTpvb/
2024/10/23,https://raw.githubusercontent.com/wangqi0821/uni-calendar-china/main/media/2024-10-23_12-51-52.mp4,Uni ASMR?  #ミヌエット #funnycat #猫好きさんとつながりたい #catstagram #tuxedocat #一眼レフのある生活 #にゃんすたぐらむ #catsofinstagram,https://www.instagram.com/p/DBd6E83Kqdi/
2024/10/24,"https://raw.githubusercontent.com/wangqi0821/uni-calendar-china/main/media/2024-10-24_12-32-27_1.jpg
https://raw.githubusercontent.com/wangqi0821/uni-calendar-china/main/media/2024-10-24_12-32-27_2.jpg",The chillest Uni  リラックスうに  #ミヌエット #funnycat #猫好きさんとつながりたい #catstagram #tuxedocat #一眼レフのある生活 #にゃんすたぐらむ #catsofinstagram,https://www.instagram.com/p/DBgcr-0zP-V/
2024/10/24,,Can I get a lot of treats on Halloween…?  ハロウィンにはおやつがいっぱいもらえる？  #ミヌエット #funnycat #猫好きさんとつながりたい #catstagram #tuxedocat #一眼レフのある生活 #にゃんすたぐらむ #catsofinstagram,https://www.instagram.com/p/DBfBxUQzXwT/
2024/10/25,https://raw.githubusercontent.com/wangqi0821/uni-calendar-china/main/media/2024-10-25_13-53-34.mp4,Wait???  #ミヌエット #funnycat #猫好きさんとつながりたい #catstagram #tuxedocat #catsofinstagram #maps  #にゃんすたぐらむ,https://www.instagram.com/p/DBjKigiqNgl/
2024/10/26,https://raw.githubusercontent.com/wangqi0821/uni-calendar-china/main/media/2024-10-26_13-15-38.mp4,BAT UNI :3  #ミヌエット #funnycat #猫好きさんとつながりたい #catstagram #tuxedocat #catsofinstagram  #にゃんすたぐらむ,https://www.instagram.com/p/DBlrKciqEA3/
2024/10/27,https://raw.githubusercontent.com/wangqi0821/uni-calendar-china/main/media/2024-10-27_13-32-41.mp4,Do you like it???  #ミヌエット #funnycat #猫好きさんとつながりたい #catstagram #tuxedocat #catsofinstagram  #にゃんすたぐらむ #halloween2024,https://www.instagram.com/p/DBoR6L-quY4/
2024/10/28,https://raw.githubusercontent.com/wangqi0821/uni-calendar-china/main/media/2024-10-28_01-13-38.jpg,When Uni was a kitten  子猫時代のうに  #ミヌエット #funnycat #猫好きさんとつながりたい #catstagram #tuxedocat #一眼レフのある生活 #にゃんすたぐらむ #catsofinstagram,https://www.instagram.com/p/DBpiLluT07k/
2024/10/28,https://raw.githubusercontent.com/wangqi0821/uni-calendar-china/main/media/2024-10-28_12-57-00.jpg,Uni…are you really a cat?  本当に猫？  #ミヌエット #funnycat #猫好きさんとつながりたい #catstagram #tuxedocat #一眼レフのある生活 #にゃんすたぐらむ #catsofinstagram,https://www.instagram.com/p/DBqyrNFTbYW/
2024/10/29,"https://raw.githubusercontent.com/wangqi0821/uni-calendar-china/main/media/2024-10-29_12-29-09_1.jpg
https://raw.githubusercontent.com/wangqi0821/uni-calendar-china/main/media/2024-10-29_12-29-09_2.jpg",perfect loaf! :3  おててないない！  #ミヌエット #funnycat #猫好きさんとつながりたい #catstagram #tuxedocat #一眼レフのある生活 #にゃんすたぐらむ #catsofinstagram,https://www.instagram.com/p/DBtUSHUThTM/
2024/10/30,"https://raw.githubusercontent.com/wangqi0821/uni-calendar-china/main/media/2024-10-30_09-41-35_1.jpg
https://raw.githubusercontent.com/wangqi0821/uni-calendar-china/main/media/2024-10-30_09-41-35_10.jpg
https://raw.githubusercontent.com/wangqi0821/uni-calendar-china/main/media/2024-10-30_09-41-35_11.jpg
https://raw.githubusercontent.com/wangqi0821/uni-calendar-china/main/media/2024-10-30_09-41-35_12.jpg
https://raw.githubusercontent.com/wangqi0821/uni-calendar-china/main/media/2024-10-30_09-41-35_2.jpg
https://raw.githubusercontent.com/wangqi0821/uni-calendar-china/main/media/2024-10-30_09-41-35_3.jpg
https://raw.githubusercontent.com/wangqi0821/uni-calendar-china/main/media/2024-10-30_09-41-35_4.jpg
https://raw.githubusercontent.com/wangqi0821/uni-calendar-china/main/media/2024-10-30_09-41-35_5.jpg
https://raw.githubusercontent.com/wangqi0821/uni-calendar-china/main/media/2024-10-30_09-41-35_6.jpg
https://raw.githubusercontent.com/wangqi0821/uni-calendar-china/main/media/2024-10-30_09-41-35_7.jpg
https://raw.githubusercontent.com/wangqi0821/uni-calendar-china/main/media/2024-10-30_09-41-35_8.jpg
https://raw.githubusercontent.com/wangqi0821/uni-calendar-china/main/media/2024-10-30_09-41-35_9.jpg","??お知らせ?? うにの靴下がしまむら様ECレッグフェアにて発売されます??  発売日：11/2(土)17:00～ 発売先：しまむら様オンライン 予約販売(店舗での販売はありません) ※予約上限数量に達し次第販売終了  アウターアイテムの展開もあります?? とても可愛い靴下なのでよろしくお願いします！  画像の中にある7桁の品番をオンラインサイトの検索欄に入力して頂くと一発で商品ページに飛べます??  For orders from overseas, you can use the overseas website ""World Shopping"". The merch go on sale Saturday, November 2nd at 17:00（Japan time）  once it is sold out, it will end.  #ミヌエット #funnycat #猫好きさんとつながりたい #catstagram #tuxedocat #catsofinstagram  #にゃんすたぐらむ #PR",https://www.instagram.com/p/DBvl5sATeUt/
2024/10/31,https://raw.githubusercontent.com/wangqi0821/uni-calendar-china/main/media/2024-10-31_09-56-07.jpg,This is Halloween!??  #ミヌエット #funnycat #猫好きさんとつながりたい #catstagram #tuxedocat #一眼レフのある生活 #にゃんすたぐらむ #halloween2024,https://www.instagram.com/p/DByjwIvqcSQ/
2024/10/31,https://raw.githubusercontent.com/wangqi0821/uni-calendar-china/main/media/2024-10-31_13-20-55.mp4,trick or treat!  #ミヌエット #funnycat #猫好きさんとつながりたい #catstagram #tuxedocat #一眼レフのある生活 #にゃんすたぐらむ #catsofinstagram,https://www.instagram.com/p/DByMW_jT_ce/
2024/11/1,https://raw.githubusercontent.com/wangqi0821/uni-calendar-china/main/media/2024-11-01_12-50-14.mp4,Uni looks comfy.  気持ち良さそう  #ミヌエット #funnycat #猫好きさんとつながりたい #catstagram #tuxedocat #catsofinstagram  #にゃんすたぐらむ,https://www.instagram.com/p/DB1E_0tq_5l/
2024/11/2,https://raw.githubusercontent.com/wangqi0821/uni-calendar-china/main/media/2024-11-02_02-16-50.jpg,"Happy Zazu Friday!!!!! We got unico, panko, milly, Mr munchkins man, and lunaisatabby!  #cat #cats #zazufr #catmemes #silly #sillycats #catsofinstagram",https://www.instagram.com/p/DB1cblsvJH6/
2024/11/2,"https://raw.githubusercontent.com/wangqi0821/uni-calendar-china/main/media/2024-11-02_08-01-08_1.jpg
https://raw.githubusercontent.com/wangqi0821/uni-calendar-china/main/media/2024-11-02_08-01-08_10.jpg
https://raw.githubusercontent.com/wangqi0821/uni-calendar-china/main/media/2024-11-02_08-01-08_11.jpg
https://raw.githubusercontent.com/wangqi0821/uni-calendar-china/main/media/2024-11-02_08-01-08_12.jpg
https://raw.githubusercontent.com/wangqi0821/uni-calendar-china/main/media/2024-11-02_08-01-08_13.jpg
https://raw.githubusercontent.com/wangqi0821/uni-calendar-china/main/media/2024-11-02_08-01-08_2.jpg
https://raw.githubusercontent.com/wangqi0821/uni-calendar-china/main/media/2024-11-02_08-01-08_3.jpg
https://raw.githubusercontent.com/wangqi0821/uni-calendar-china/main/media/2024-11-02_08-01-08_4.jpg
https://raw.githubusercontent.com/wangqi0821/uni-calendar-china/main/media/2024-11-02_08-01-08_5.jpg
https://raw.githubusercontent.com/wangqi0821/uni-calendar-china/main/media/2024-11-02_08-01-08_6.jpg
https://raw.githubusercontent.com/wangqi0821/uni-calendar-china/main/media/2024-11-02_08-01-08_7.jpg
https://raw.githubusercontent.com/wangqi0821/uni-calendar-china/main/media/2024-11-02_08-01-08_8.jpg
https://raw.githubusercontent.com/wangqi0821/uni-calendar-china/main/media/2024-11-02_08-01-08_9.jpg",Uni and Mini Uni  うにとミニうに  #ミヌエット #funnycat #猫好きさんとつながりたい #catstagram #tuxedocat #catsofinstagram  #にゃんすたぐらむ,https://www.instagram.com/p/DB2hY4RT73e/
2024/11/2,,"\ Uni merch now on sale! /  うに靴下がしまむら様オンラインストアで販売開始されました！ アウター?パンツもあります。 11/10(日)までか売り切れ次第終了なのでお早めにどうぞ??  リンクはストーリー、ハイライトに置いときますね??  しまむら様オンラインストアの検索欄に「うにちゃん」と入れれば全部見ることができます！  For orders from overseas, you can use the overseas website ""World Shopping"".  When you open this site, you will see a guide to ""WorldShopping"" at the bottom of the page. And click that button. You can buy if you follow it!  I post the link to my story and highlight!  Please purchase as soon as possible until November 10th (Sun) or once sold out.  #PR  #ミヌエット #funnycat #猫好きさんとつながりたい #catstagram #tuxedocat  #にゃんすたぐらむ",https://www.instagram.com/p/DB3IyqiToZN/
2024/11/3,"https://raw.githubusercontent.com/wangqi0821/uni-calendar-china/main/media/2024-11-03_12-15-18_1.jpg
https://raw.githubusercontent.com/wangqi0821/uni-calendar-china/main/media/2024-11-03_12-15-18_2.jpg",Uni and Yoru  うにとよる  #ミヌエット #funnycat #猫好きさんとつながりたい #catstagram #tuxedocat #一眼レフのある生活 #にゃんすたぐらむ #catsofinstagram,https://www.instagram.com/p/DB6KrDoz8E8/
2024/11/4,"https://raw.githubusercontent.com/wangqi0821/uni-calendar-china/main/media/2024-11-04_12-39-53_1.jpg
https://raw.githubusercontent.com/wangqi0821/uni-calendar-china/main/media/2024-11-04_12-39-53_2.jpg",I'm the sleepiest…  #ミヌエット #funnycat #猫好きさんとつながりたい #catstagram #tuxedocat #一眼レフのある生活 #にゃんすたぐらむ #catsofinstagram,https://www.instagram.com/p/DB8ySCsTus2/
2024/11/5,https://raw.githubusercontent.com/wangqi0821/uni-calendar-china/main/media/2024-11-05_13-19-54.mp4,perfect loaf! :3  おててないない！  #ミヌエット #funnycat #猫好きさんとつながりたい #catstagram #tuxedocat #catsofinstagram  #にゃんすたぐらむ,https://www.instagram.com/p/DB_bmeCKVk5/
2024/11/6,https://raw.githubusercontent.com/wangqi0821/uni-calendar-china/main/media/2024-11-06_12-54-33.jpg,"Uni is a cat, but he doesn't look like a real cat :3  猫だけど本物の猫じゃないように見える  #ミヌエット #funnycat #猫好きさんとつながりたい #catstagram #tuxedocat #一眼レフのある生活 #にゃんすたぐらむ #catsofinstagram",https://www.instagram.com/p/DCB9jM8Tu4u/
2024/11/7,"https://raw.githubusercontent.com/wangqi0821/uni-calendar-china/main/media/2024-11-07_12-53-23_1.jpg
https://raw.githubusercontent.com/wangqi0821/uni-calendar-china/main/media/2024-11-07_12-53-23_2.jpg",Uni was watching me cooking in this pose.  料理してるのをこの体勢で見守ってました  #ミヌエット #funnycat #猫好きさんとつながりたい #catstagram #tuxedocat #catsofinstagram  #にゃんすたぐらむ,https://www.instagram.com/p/DCEiNiBTyI4/
2024/11/7,,Did you vote me?  #ミヌエット #funnycat #猫好きさんとつながりたい #catstagram #tuxedocat #一眼レフのある生活 #にゃんすたぐらむ #catsofinstagram,https://www.instagram.com/p/DCC64AXTUdY/
2024/11/8,"https://raw.githubusercontent.com/wangqi0821/uni-calendar-china/main/media/2024-11-08_12-41-36_1.jpg
https://raw.githubusercontent.com/wangqi0821/uni-calendar-china/main/media/2024-11-08_12-41-36_2.jpg","I took Uni for a check-up. ""Free me...…?""  The test results were all good!  うにの健康診断に行ってきました。 「ここから出して…」  検査結果は何も問題なかったです！  #ミヌエット #funnycat #猫好きさんとつながりたい #catstagram #tuxedocat #catsofinstagram  #にゃんすたぐらむ",https://www.instagram.com/p/DCHFqE2zqAy/
2024/11/9,https://raw.githubusercontent.com/wangqi0821/uni-calendar-china/main/media/2024-11-09_12-48-39.mp4,meow sadly  悲しそうに鳴いてました  #ミヌエット #funnycat #猫好きさんとつながりたい #catstagram #tuxedocat #catsofinstagram  #にゃんすたぐらむ,https://www.instagram.com/p/DCJrOxpq_-t/
2024/11/10,https://raw.githubusercontent.com/wangqi0821/uni-calendar-china/main/media/2024-11-10_12-42-02.mp4,"When I have treats, he does paws even if I don't hold out my hand :3  私がおやつを持ってる時、手を差し出さなくてもお手をします  #ミヌエット #funnycat #猫好きさんとつながりたい #catstagram #tuxedocat #catsofinstagram  #にゃんすたぐらむ",https://www.instagram.com/p/DCMPQjSK-D4/
2024/11/11,https://raw.githubusercontent.com/wangqi0821/uni-calendar-china/main/media/2024-11-11_12-27-06.jpg,A red ribbon really suits Uni :3  赤いリボンがよく似合います  #ミヌエット #funnycat #猫好きさんとつながりたい #catstagram #tuxedocat #一眼レフのある生活 #にゃんすたぐらむ,https://www.instagram.com/p/DCOyYgnz5Ky/
2024/11/12,https://raw.githubusercontent.com/wangqi0821/uni-calendar-china/main/media/2024-11-12_12-44-31.jpg,Uni is taking a nap :3  お昼寝中です  #ミヌエット #funnycat #猫好きさんとつながりたい #catstagram #tuxedocat #一眼レフのある生活 #にゃんすたぐらむ,https://www.instagram.com/p/DCRZK8-zEnP/
2024/11/13,https://raw.githubusercontent.com/wangqi0821/uni-calendar-china/main/media/2024-11-13_12-41-57.mp4,waiting for treats with sparkling eyes :3  キラキラおめめでおやつ待ち  #ミヌエット #funnycat #猫好きさんとつながりたい #catstagram #tuxedocat #catsofinstagram  #にゃんすたぐらむ,https://www.instagram.com/p/DCT9pKzqjhG/
2024/11/14,"https://raw.githubusercontent.com/wangqi0821/uni-calendar-china/main/media/2024-11-14_10-02-42_1.jpg
https://raw.githubusercontent.com/wangqi0821/uni-calendar-china/main/media/2024-11-14_10-02-42_2.jpg
https://raw.githubusercontent.com/wangqi0821/uni-calendar-china/main/media/2024-11-14_10-02-42_3.jpg
https://raw.githubusercontent.com/wangqi0821/uni-calendar-china/main/media/2024-11-14_10-02-42_4.jpg
https://raw.githubusercontent.com/wangqi0821/uni-calendar-china/main/media/2024-11-14_10-02-42_5.jpg
https://raw.githubusercontent.com/wangqi0821/uni-calendar-china/main/media/2024-11-14_10-02-42_6.jpg",ITSLAB（ @clapha_by_itslab ）さんの爪とぎ【clapha】のご紹介です??  形と色が選べるカスタムオーダー爪とぎで、我が家はうにの頭文字の「U」を選びました。 「U」は間に入ったり、あおばみたいにくつろいだりして本当に可愛い??  名入れも無料なので愛猫オリジナルの爪とぎが作れちゃいます！  「爪とぎとしてはちょっとお高め…？」と思うかもしれませんが、日本製の強度の高い段ボールを使用とのこと。 （1枚ずつ手貼りで作られているらしいです！）  なので研ぎカスが少なく、我が家みたいに4匹いても買い替え頻度が抜群に少ないのが本当にすごいです??  爪とぎの掃除に悩まされている方、買い替え頻度が高くて困っている方、そしてオシャレで可愛い爪とぎをお探しの方におすすめです?? リンクはストーリーに置いときますね??  #pr #ミヌエット #funnycat #猫好きさんとつながりたい #catstagram #tuxedocat #一眼レフのある生活 #にゃんすたぐらむ,https://www.instagram.com/p/DCWQPhqT9OD/
2024/11/14,,Uni was surprised by the movements of the cat toy! :3  猫じゃらしの動きにびっくり！  #ミヌエット #funnycat #猫好きさんとつながりたい #catstagram #tuxedocat #一眼レフのある生活 #にゃんすたぐらむ #catsofinstagram,https://www.instagram.com/p/DCU3ZSjTWxw/
2024/11/15,https://raw.githubusercontent.com/wangqi0821/uni-calendar-china/main/media/2024-11-15_13-18-29.mp4,Wait!?  #ミヌエット #funnycat #猫好きさんとつながりたい #catstagram #tuxedocat  #にゃんすたぐらむ #catsofinstagram,https://www.instagram.com/p/DCZLa2FySm5/
2024/11/16,"https://raw.githubusercontent.com/wangqi0821/uni-calendar-china/main/media/2024-11-16_15-12-13_1.jpg
https://raw.githubusercontent.com/wangqi0821/uni-calendar-china/main/media/2024-11-16_15-12-13_2.jpg
https://raw.githubusercontent.com/wangqi0821/uni-calendar-china/main/media/2024-11-16_15-12-13_3.jpg
https://raw.githubusercontent.com/wangqi0821/uni-calendar-china/main/media/2024-11-16_15-12-13_4.jpg
https://raw.githubusercontent.com/wangqi0821/uni-calendar-china/main/media/2024-11-16_15-12-13_5.jpg
https://raw.githubusercontent.com/wangqi0821/uni-calendar-china/main/media/2024-11-16_15-12-13_6.jpg
https://raw.githubusercontent.com/wangqi0821/uni-calendar-china/main/media/2024-11-16_15-12-13_7.jpg
https://raw.githubusercontent.com/wangqi0821/uni-calendar-china/main/media/2024-11-16_15-12-13_8.jpg
https://raw.githubusercontent.com/wangqi0821/uni-calendar-china/main/media/2024-11-16_15-12-13_9.jpg","We apologize for the long wait! Since its release in April, we have received numerous requests for the ""Uni's Pin Badges,"" which will be available for sale on Sunday, November 17th at 10 PM Japan time.  As each pin badge is handmade by us, there is a limited quantity available. We have prepared three different shapes, so be sure to find your favorite.  This time, we are also collaborating with the Japanese Creative Bookstore （ @japanese.creative.bookstore ）to include stickers in the set. The set consists of one holographic sparkling sticker and four die-cut stickers, a total of five stickers.  These are also recommended as gifts for the holiday season. Please take a look.  【Uni’s pin badge (face ver) & sticker set】  【Uni’s pin badge (cardboard-box ver) & sticker set】  【Uni’s pin badge (egg uni type) & sticker set】  Additionally, the currently sold-out 2025 calendar will be restocked at the same time.  【 2025 Minuet Uni-kun Wall Calendar 】  — *This sale is only for customers outside Japan. *The stickers are a collaboration with ""Japanese Creative Bookstore,"" and can only be purchased at their shop.  You can view a list of all the products on the following page. (Sales start on Sunday, November 17th at 10 PM Japan time.)  https://japanese-creative-books.com/pickup/theme/uni-the-minuet-cat/  ??i'll post them to my story??  #pr",https://www.instagram.com/p/DCb9QRMTFRi/
2024/11/16,,Uni :3  #ミヌエット #funnycat #猫好きさんとつながりたい #catstagram #tuxedocat #一眼レフのある生活 #にゃんすたぐらむ,https://www.instagram.com/p/DCaSZYlzJ1T/
2024/11/17,,I'm a lonely king…  ぼくは孤独の王でしゅ…  #ミヌエット #funnycat #猫好きさんとつながりたい #catstagram #tuxedocat #一眼レフのある生活 #にゃんすたぐらむ,https://www.instagram.com/p/DCeK8RwTE61/
2024/11/18,,Looking at Uni from below...  うにを下から見ると…  #ミヌエット #funnycat #猫好きさんとつながりたい #catstagram #tuxedocat #一眼レフのある生活 #にゃんすたぐらむ,https://www.instagram.com/p/DCg3-bSzFWR/
2024/11/19,https://raw.githubusercontent.com/wangqi0821/uni-calendar-china/main/media/2024-11-19_12-52-50.jpg,"No matter how you look at it, he's an owl :3  どう見てもフクロウ  #ミヌエット #funnycat #猫好きさんとつながりたい #catstagram #tuxedocat #一眼レフのある生活 #にゃんすたぐらむ",https://www.instagram.com/p/DCjbr8sTV-D/
2024/11/20,https://raw.githubusercontent.com/wangqi0821/uni-calendar-china/main/media/2024-11-20_13-34-45.mp4,The cutest creature! :3  可愛い！  #ミヌエット #funnycat #猫好きさんとつながりたい #catstagram #tuxedocat  #にゃんすたぐらむ,https://www.instagram.com/p/DCmFP5bK7G_/
2024/11/21,"https://raw.githubusercontent.com/wangqi0821/uni-calendar-china/main/media/2024-11-21_20-51-36_1.jpg
https://raw.githubusercontent.com/wangqi0821/uni-calendar-china/main/media/2024-11-21_20-51-36_2.jpg",I'm here :3  ここにいるよ  #ミヌエット #funnycat #猫好きさんとつながりたい #catstagram #tuxedocat #一眼レフのある生活 #にゃんすたぐらむ,https://www.instagram.com/p/DConGmlzLqg/
2024/11/22,https://raw.githubusercontent.com/wangqi0821/uni-calendar-china/main/media/2024-11-22_10-33-33.mp4,"ITSLAB（ @clapha_by_itslab ）さんの爪とぎ 【NUBE】のご紹介です??  サイドフレームは国産の天然木！ インテリアにもおしゃれに馴染みますし、またプレミアム強化段ボールを採用しているため、  ★研ぎカスが少ない ★掃除が楽 ★長持ちする  といいことづくめ? 爪とぎを頻繁に買い替えるより経済的です。  サイズはLarge, Medium, Smallの3種類！ 特に我が家みたいに多頭飼いの場合、並べて置くとみんなでくつろぐところが見れてほっこりします??  ぜひチェックしてみて下さいね? リンクはストーリーに置いときますね??  #pr #ミヌエット #funnycat #猫好きさんとつながりたい #catstagram #tuxedocat #にゃんすたぐらむ #NUBE #itslab",https://www.instagram.com/p/DCq59yczJOc/
2024/11/22,,Uni and Yoru  うにとよる  #ミヌエット #funnycat #猫好きさんとつながりたい #catstagram #tuxedocat #一眼レフのある生活 #にゃんすたぐらむ,https://www.instagram.com/p/DCpcESOzoFE/
2024/11/23,"https://raw.githubusercontent.com/wangqi0821/uni-calendar-china/main/media/2024-11-23_12-45-12_1.jpg
https://raw.githubusercontent.com/wangqi0821/uni-calendar-china/main/media/2024-11-23_12-45-12_2.jpg
https://raw.githubusercontent.com/wangqi0821/uni-calendar-china/main/media/2024-11-23_12-45-12_3.jpg
https://raw.githubusercontent.com/wangqi0821/uni-calendar-china/main/media/2024-11-23_12-45-12_4.jpg
https://raw.githubusercontent.com/wangqi0821/uni-calendar-china/main/media/2024-11-23_12-45-12_5.jpg","Mini Uni “Am I cool like Uni?”  “oh…My ribbon dropped…”  Mini Uni was so sad, so he couldn't stop crying…  Cheer him on…  ミニうに「ぼくもうにみたいにかっこいいかな？」  「あ…リボン落ちちゃった…」  ミニうにはとても悲しくて泣いてしまいました。 （リボンが落ちただけなのに！）  #ミヌエット #funnycat #猫好きさんとつながりたい #catstagram #tuxedocat #一眼レフのある生活 #にゃんすたぐらむ",https://www.instagram.com/p/DCtt_kwz7ry/
2024/11/24,https://raw.githubusercontent.com/wangqi0821/uni-calendar-china/main/media/2024-11-24_12-58-30.mp4,Uni is wagging his tail :3  しっぽぶんぶん！  #ミヌエット #funnycat #猫好きさんとつながりたい #catstagram #tuxedocat #catsofinstagram  #にゃんすたぐらむ,https://www.instagram.com/p/DCwURq6TDQk/
2024/11/25,https://raw.githubusercontent.com/wangqi0821/uni-calendar-china/main/media/2024-11-25_12-35-14.jpg,sparkling eyes :3  キラキラおめめ  #ミヌエット #funnycat #猫好きさんとつながりたい #catstagram #tuxedocat #一眼レフのある生活 #にゃんすたぐらむ,https://www.instagram.com/p/DCy2cUAT_rg/
2024/11/26,https://raw.githubusercontent.com/wangqi0821/uni-calendar-china/main/media/2024-11-26_13-04-38.jpg,Uni's strongest punch! :3  最強パンチ！  #ミヌエット #funnycat #猫好きさんとつながりたい #catstagram #tuxedocat #一眼レフのある生活 #にゃんすたぐらむ,https://www.instagram.com/p/DC1emgGzZ3V/
2024/11/26,,I have become too strong…  ぼくは強くなりすぎてしまった…  #ミヌエット #funnycat #猫好きさんとつながりたい #catstagram #tuxedocat #一眼レフのある生活 #にゃんすたぐらむ,https://www.instagram.com/p/DCzyjrrz5me/
2024/11/27,"https://raw.githubusercontent.com/wangqi0821/uni-calendar-china/main/media/2024-11-27_13-09-48_1.jpg
https://raw.githubusercontent.com/wangqi0821/uni-calendar-china/main/media/2024-11-27_13-09-48_2.jpg",Uni ate a whole chicken today?  #ミヌエット #funnycat #猫好きさんとつながりたい #catstagram #tuxedocat #一眼レフのある生活 #にゃんすたぐらむ,https://www.instagram.com/p/DC4D_LfzVR_/
2024/11/28,"https://raw.githubusercontent.com/wangqi0821/uni-calendar-china/main/media/2024-11-28_12-54-46_1.jpg
https://raw.githubusercontent.com/wangqi0821/uni-calendar-china/main/media/2024-11-28_12-54-46_2.jpg",Uni at the bar?  バーでのうに？  #ミヌエット #funnycat #猫好きさんとつながりたい #catstagram #tuxedocat #一眼レフのある生活 #にゃんすたぐらむ,https://www.instagram.com/p/DC6nEBrzupY/
2024/11/29,https://raw.githubusercontent.com/wangqi0821/uni-calendar-china/main/media/2024-11-29_13-12-15.mp4,My love  #ミヌエット #funnycat #猫好きさんとつながりたい #catstagram #tuxedocat #catsofinstagram  #にゃんすたぐらむ,https://www.instagram.com/p/DC9NzBFTad9/
2024/11/30,https://raw.githubusercontent.com/wangqi0821/uni-calendar-china/main/media/2024-11-30_13-04-01.mp4,The official Uni merch store is now open :3   I will post the link to the story and highlight.  https://youni.store  うにグッズのお店がオープンしました！ リンクはストーリー、ハイライトにも置いてます  #cats #Uni #fashion #Japan #pr,https://www.instagram.com/p/DC_xoesz8xa/
2024/12/1,"https://raw.githubusercontent.com/wangqi0821/uni-calendar-china/main/media/2024-12-01_12-13-49_1.jpg
https://raw.githubusercontent.com/wangqi0821/uni-calendar-china/main/media/2024-12-01_12-13-49_2.jpg
https://raw.githubusercontent.com/wangqi0821/uni-calendar-china/main/media/2024-12-01_12-13-49_3.jpg
https://raw.githubusercontent.com/wangqi0821/uni-calendar-china/main/media/2024-12-01_12-13-49_4.jpg
https://raw.githubusercontent.com/wangqi0821/uni-calendar-china/main/media/2024-12-01_12-13-49_5.jpg",The official Uni merch store is now open :3   There were so many cute merch that I bought too much!  ?? https://youni.store  （Link in bio & highlight）  うにグッズのお店がオープンしました。 可愛いグッズがいっぱいでつい買いすぎてしまいました！  リンクはプロフィール、ハイライトにあります?  #cats #Uni #fashion #Japan #pr,https://www.instagram.com/p/DDCQwqMz70h/
2024/12/2,https://raw.githubusercontent.com/wangqi0821/uni-calendar-china/main/media/2024-12-02_13-37-58.mp4,Do you like it?  #ミヌエット #funnycat #猫好きさんとつながりたい #catstagram #tuxedocat #christmas2024  #にゃんすたぐらむ,https://www.instagram.com/p/DDE_Hi9zMqj/
2024/12/3,https://raw.githubusercontent.com/wangqi0821/uni-calendar-china/main/media/2024-12-03_13-01-12.jpg,"Thank you so much for buying so much merchandise?? We are shipping them out as fast as we can!  Use code ""THANKYOUNI"" for a 10% discount on your order!  https://youni.store  （I'll post the link to the story and highlight?）  うにのお店、たくさんのご購入ありがとうございます！ 10%オフのクーポンを発行できるようになりました。  「THANKYOUNI」と入力して下さいね?  （リンクはストーリーとハイライトにあります）  #ミヌエット #funnycat #猫好きさんとつながりたい #catstagram #tuxedocat #pr #younistore",https://www.instagram.com/p/DDHfxcxziWP/
2024/12/4,https://raw.githubusercontent.com/wangqi0821/uni-calendar-china/main/media/2024-12-04_13-18-58.jpg,I have become too strong…  ぼくは強くなりすぎてしまった…  #ミヌエット #funnycat #猫好きさんとつながりたい #catstagram #tuxedocat #一眼レフのある生活 #にゃんすたぐらむ,https://www.instagram.com/p/DDKGmi-TKCV/
2024/12/5,https://raw.githubusercontent.com/wangqi0821/uni-calendar-china/main/media/2024-12-05_13-25-58.jpg,Mini Uni's Christmas outfit. How do I look?  クリスマスの格好のミニうに 似合ってる？   #catstagram #tuxedocat #一眼レフのある生活 #羊毛フェルト,https://www.instagram.com/p/DDMsMm2T8cz/
2024/12/6,https://raw.githubusercontent.com/wangqi0821/uni-calendar-china/main/media/2024-12-06_13-05-00.mp4,I'm Uni Claus! :3  ぼくはうにクロース！  #ミヌエット #funnycat #猫好きさんとつながりたい #catstagram #tuxedocat #一眼レフのある生活 #にゃんすたぐらむ #christmascat,https://www.instagram.com/p/DDNdRlTTqB_/
2024/12/6,,Uni is very generous!  If you buy 2 shirts you get 1 free with free shipping??  48 hours only!  https://youni.store （I will post the link to my story）  Tシャツ2枚購入で1枚プレゼントを実施中です?? 48時間限定です。  リンクはストーリーに置いてます。  #pr #catstagram #younistore,https://www.instagram.com/p/DDPOjMfTfGm/
2024/12/7,"https://raw.githubusercontent.com/wangqi0821/uni-calendar-china/main/media/2024-12-07_13-23-26_1.jpg
https://raw.githubusercontent.com/wangqi0821/uni-calendar-china/main/media/2024-12-07_13-23-26_2.jpg","Even when Uni is eating treats, ""I'm the strongest!""  おやつを食べてる時でも「ぼくは最強！」  #ミヌエット #funnycat #猫好きさんとつながりたい #catstagram #tuxedocat #一眼レフのある生活 #にゃんすたぐらむ",https://www.instagram.com/p/DDR1f3LzELP/
2024/12/8,https://raw.githubusercontent.com/wangqi0821/uni-calendar-china/main/media/2024-12-08_13-19-40.jpg,I'm the warmest! :3  #ミヌエット #funnycat #猫好きさんとつながりたい #catstagram #tuxedocat #一眼レフのある生活,https://www.instagram.com/p/DDUZ3ECz6Kg/
2024/12/9,https://raw.githubusercontent.com/wangqi0821/uni-calendar-china/main/media/2024-12-09_13-08-15.mp4,what did he see?  何を見たのか  #ミヌエット #funnycat #猫好きさんとつながりたい #catstagram #tuxedocat,https://www.instagram.com/p/DDW9RlnTafK/
2024/12/10,https://raw.githubusercontent.com/wangqi0821/uni-calendar-china/main/media/2024-12-10_13-39-36.jpg,Am I Santa?  ぼく、サンタさん？  #ミヌエット #funnycat #猫好きさんとつながりたい #catstagram #tuxedocat #一眼レフのある生活,https://www.instagram.com/p/DDZluzrzwzQ/
2024/12/11,https://raw.githubusercontent.com/wangqi0821/uni-calendar-china/main/media/2024-12-11_13-09-26.jpg,Uni ate a whole chicken again today!  Chicken Boy! :3  #ミヌエット #funnycat #tuxedocat  #catstagram,https://www.instagram.com/p/DDcHExrThKC/
2024/12/12,https://raw.githubusercontent.com/wangqi0821/uni-calendar-china/main/media/2024-12-12_13-14-59.jpg,Wait! :3  #ミヌエット #funnycat #tuxedocat  #catstagram,https://www.instagram.com/p/DDesgSOyy4S/
2024/12/13,https://raw.githubusercontent.com/wangqi0821/uni-calendar-china/main/media/2024-12-13_13-04-29.mp4,When will Santa come to my home? :3  サンタさん、いつ来るの？  #ミヌエット #funnycat #tuxedocat  #catstagram,https://www.instagram.com/p/DDfkPH1TdI0/
2024/12/13,,Uni's daily life :3  うにの日常  #ミヌエット #funnycat #maxwellthecat  #catstagram,https://www.instagram.com/p/DDhP4lpzVdf/
2024/12/14,https://raw.githubusercontent.com/wangqi0821/uni-calendar-china/main/media/2024-12-14_13-19-48.mp4,I'm the strongest! :3  ぼくは最強！  #ミヌエット #funnycat #tuxedocat  #catstagram,https://www.instagram.com/p/DDj2gZ7zQTS/
2024/12/15,https://raw.githubusercontent.com/wangqi0821/uni-calendar-china/main/media/2024-12-15_02-05-31.jpg,sea urchin（kitten Uni）  雲丹みたい（子猫うに）  #ミヌエット #funnycat #tuxedocat  #catstagram,https://www.instagram.com/p/DDlORqtTeol/
2024/12/15,https://raw.githubusercontent.com/wangqi0821/uni-calendar-china/main/media/2024-12-15_13-29-04.mp4,The cutest meow! :3  うにの可愛い鳴き声！  #ミヌエット #funnycat #tuxedocat  #catstagram,https://www.instagram.com/p/DDmcbApzWA1/
2024/12/16,https://raw.githubusercontent.com/wangqi0821/uni-calendar-china/main/media/2024-12-16_13-33-33.jpg,Am I a Christmas tree? Aren't I Santa?  ぼくはツリー？ サンタさんではなくて？  #ミヌエット #funnycat #tuxedocat  #catstagram,https://www.instagram.com/p/DDpBz0szGR_/
2024/12/17,https://raw.githubusercontent.com/wangqi0821/uni-calendar-china/main/media/2024-12-17_01-09-30.jpg,Uni  #ミヌエット #funnycat #tuxedocat  #catstagram,https://www.instagram.com/p/DDrjz1kTHFv/
2024/12/17,https://raw.githubusercontent.com/wangqi0821/uni-calendar-china/main/media/2024-12-17_13-09-08.jpg,Uni with a yellow scarf :3  黄色いマフラーとうに  #ミヌエット #funnycat #tuxedocat  #catstagram,https://www.instagram.com/p/DDqRdEVTCt0/
2024/12/18,"https://raw.githubusercontent.com/wangqi0821/uni-calendar-china/main/media/2024-12-18_13-07-53_1.jpg
https://raw.githubusercontent.com/wangqi0821/uni-calendar-china/main/media/2024-12-18_13-07-53_2.jpg",Uni probably thinks he is cool! :3  多分自分のことカッコいいと思ってる  #ミヌエット #funnycat #tuxedocat  #catstagram,https://www.instagram.com/p/DDuIdmGzE62/
2024/12/19,https://raw.githubusercontent.com/wangqi0821/uni-calendar-china/main/media/2024-12-19_13-11-14.jpg,Am I a snowman?  ぼく、雪だるま？  #ミヌエット #funnycat #tuxedocat  #catstagram,https://www.instagram.com/p/DDwto7uzzKx/
2024/12/20,https://raw.githubusercontent.com/wangqi0821/uni-calendar-china/main/media/2024-12-20_13-54-19.mp4,New Uni Shirts! :3  Inspired by the memes from my community??  Buy 3 get 1 free :3  I will post the link to my story and highlight!  新しいうにTシャツを作りました！ 3枚買えば1枚無料になります。  リンクはストーリー、ハイライトに置いときますね。  #pr #younistore #cat,https://www.instagram.com/p/DDzWbmDTeyJ/
2024/12/21,https://raw.githubusercontent.com/wangqi0821/uni-calendar-china/main/media/2024-12-21_13-30-39.jpg,Bring it on! I'm the strongest! :3  かかってこい！ぼくは最強！  #ミヌエット #funnycat #tuxedocat  #catstagram,https://www.instagram.com/p/DD15c6WzTIk/
2024/12/22,https://raw.githubusercontent.com/wangqi0821/uni-calendar-china/main/media/2024-12-22_13-14-35.mp4,MERRY……UNISTMAS……!!??  #ミヌエット #funnycat #tuxedocat  #catstagram,https://www.instagram.com/p/DD2v8L0zyoc/
2024/12/22,,My Christmas wish :3  #ミヌエット #funnycat #tuxedocat  #catstagram,https://www.instagram.com/p/DD4cWiFzSmy/
2024/12/23,https://raw.githubusercontent.com/wangqi0821/uni-calendar-china/main/media/2024-12-23_13-15-26.mp4,Where does Santa come from?  サンタさんはどこから来るの？  #ミヌエット #funnycat #tuxedocat  #catstagram,https://www.instagram.com/p/DD7BQ5cTA0y/
2024/12/24,https://raw.githubusercontent.com/wangqi0821/uni-calendar-china/main/media/2024-12-24_13-05-22.jpg,"“At last, it's my…Uni Claus's turn :3” 　 Merry Christmas!  いよいようにクロースの出番か…   メリークリスマス！  #ミヌエット #funnycat #tuxedocat  #catstagram",https://www.instagram.com/p/DD9k8a4zAtQ/
2024/12/24,,Uni Claus is coming! :3  うにクロースだ！  #ミヌエット #funnycat #tuxedocat  #catstagram,https://www.instagram.com/p/DD71dJ6TBBL/
2024/12/25,https://raw.githubusercontent.com/wangqi0821/uni-calendar-china/main/media/2024-12-25_12-41-36.mp4,MERRY UNISTMAS! :3  #ミヌエット #funnycat #tuxedocat  #catstagram,https://www.instagram.com/p/DEAG_E6TBt1/
2024/12/26,https://raw.githubusercontent.com/wangqi0821/uni-calendar-china/main/media/2024-12-26_13-02-32.jpg,"Uni, you ate a whole chicken again!? Chicken Boy!!!  #ミヌエット #funnycat #tuxedocat  #catstagram",https://www.instagram.com/p/DECuNb3z-3O/
2024/12/27,https://raw.githubusercontent.com/wangqi0821/uni-calendar-china/main/media/2024-12-27_13-14-17.mp4,Chill Uni  リラックスなうに  #ミヌエット #funnycat #tuxedocat  #catstagram,https://www.instagram.com/p/DEFUQqkT9Sr/
2024/12/28,https://raw.githubusercontent.com/wangqi0821/uni-calendar-china/main/media/2024-12-28_13-04-32.jpg,I have become too strong…  ぼくは強くなりすぎてしまった…  #ミヌエット #funnycat #tuxedocat  #catstagram,https://www.instagram.com/p/DEH4B0FzGQq/
2024/12/29,https://raw.githubusercontent.com/wangqi0821/uni-calendar-china/main/media/2024-12-29_13-13-50.jpg,Who is my next opponent?  次の相手は誰かな？  #ミヌエット #funnycat #tuxedocat  #catstagram,https://www.instagram.com/p/DEKd4udT8Uq/
2024/12/29,"https://raw.githubusercontent.com/wangqi0821/uni-calendar-china/main/media/2024-12-29_21-29-17_1.jpg
https://raw.githubusercontent.com/wangqi0821/uni-calendar-china/main/media/2024-12-29_21-29-17_2.jpg
https://raw.githubusercontent.com/wangqi0821/uni-calendar-china/main/media/2024-12-29_21-29-17_3.jpg",Uni is cute even when he's intimidating :3  威嚇してる時でも可愛い  #ミヌエット #funnycat #tuxedocat  #catstagram,https://www.instagram.com/p/DEIrIq0zYZw/
2024/12/30,"https://raw.githubusercontent.com/wangqi0821/uni-calendar-china/main/media/2024-12-30_13-11-03_1.jpg
https://raw.githubusercontent.com/wangqi0821/uni-calendar-china/main/media/2024-12-30_13-11-03_2.jpg
https://raw.githubusercontent.com/wangqi0821/uni-calendar-china/main/media/2024-12-30_13-11-03_3.jpg
https://raw.githubusercontent.com/wangqi0821/uni-calendar-china/main/media/2024-12-30_13-11-03_4.jpg",The chillest :3  #ミヌエット #funnycat #tuxedocat  #catstagram,https://www.instagram.com/p/DENCXTRzgaG/
2024/12/30,https://raw.githubusercontent.com/wangqi0821/uni-calendar-china/main/media/2024-12-30_20-43-47.jpg,Uni keeps glancing :3  ???…???…  #ミヌエット #funnycat #tuxedocat  #catstagram,https://www.instagram.com/p/DELWliNzhJc/
2024/12/31,https://raw.githubusercontent.com/wangqi0821/uni-calendar-china/main/media/2024-12-31_12-54-34.jpg,Thank you everyone for this year! :3  今年も一年ありがとうございました！ 来年もどうぞよろしくお願いします  #ミヌエット #funnycat #tuxedocat  #catstagram,https://www.instagram.com/p/DEPlRWPT2Li/
2024/12/31,,Hi Uni! :3  #ミヌエット #funnycat #tuxedocat  #catstagram,https://www.instagram.com/p/DEN2LNFzayT/
2025/1/1,https://raw.githubusercontent.com/wangqi0821/uni-calendar-china/main/media/2025-01-01_12-01-03.jpg,Happy new year :3 May 2025 be a happy and great year for you!  あけましておめでとうございます！ 2025年が素晴らしい一年となりますように?  #ミヌエット #funnycat #tuxedocat  #catstagram,https://www.instagram.com/p/DESD8RizRN0/
2025/1/2,"https://raw.githubusercontent.com/wangqi0821/uni-calendar-china/main/media/2025-01-02_13-05-39_1.jpg
https://raw.githubusercontent.com/wangqi0821/uni-calendar-china/main/media/2025-01-02_13-05-39_2.jpg",Uni looks very good in a kimono :3  うには着物がよく似合います  #ミヌエット #funnycat #tuxedocat  #catstagram,https://www.instagram.com/p/DEUwIVzzgnc/
2025/1/2,,Happy new year! :3  #ミヌエット #funnycat #tuxedocat  #catstagram,https://www.instagram.com/p/DETBQn2T8wv/
2025/1/3,https://raw.githubusercontent.com/wangqi0821/uni-calendar-china/main/media/2025-01-03_13-06-26.jpg,I'm the strongest! :3  ぼくは最強！  #ミヌエット #funnycat #tuxedocat  #catstagram,https://www.instagram.com/p/DEXVA7Dzeot/
2025/1/4,https://raw.githubusercontent.com/wangqi0821/uni-calendar-china/main/media/2025-01-04_13-03-36.jpg,Uni :3  #ミヌエット #funnycat #tuxedocat  #catstagram,https://www.instagram.com/p/DEZ5fBxzhiT/
2025/1/5,https://raw.githubusercontent.com/wangqi0821/uni-calendar-china/main/media/2025-01-05_13-13-38.mp4,Uni never shakes paws when I don't have treats :3  おやつを持ってない時はお手しない  #ミヌエット #funnycat #tuxedocat  #catstagram,https://www.instagram.com/p/DEcfXJUzZKF/
2025/1/6,https://raw.githubusercontent.com/wangqi0821/uni-calendar-china/main/media/2025-01-06_13-12-22.mp4,kitten Uni meow :3  子猫時代の鳴き声  #ミヌエット #funnycat #tuxedocat  #catstagram,https://www.instagram.com/p/DEdXkc4zLCi/
2025/1/6,,Wait???  #ミヌエット #funnycat #tuxedocat  #catstagram,https://www.instagram.com/p/DEfDmq9TzMn/
2025/1/7,https://raw.githubusercontent.com/wangqi0821/uni-calendar-china/main/media/2025-01-07_12-44-17.jpg,"Uni, are you an owl?  フクロウ？  #ミヌエット #funnycat #tuxedocat  #catstagram",https://www.instagram.com/p/DEhlqNjTWQW/
2025/1/8,https://raw.githubusercontent.com/wangqi0821/uni-calendar-china/main/media/2025-01-08_13-17-47.jpg,THIS IS Silly Guy  #ミヌエット #funnycat #tuxedocat  #catstagram,https://www.instagram.com/p/DEkOSe4zNYh/
2025/1/9,"https://raw.githubusercontent.com/wangqi0821/uni-calendar-china/main/media/2025-01-09_12-51-28_1.jpg
https://raw.githubusercontent.com/wangqi0821/uni-calendar-china/main/media/2025-01-09_12-51-28_2.jpg",dapper Uni :3  #ミヌエット #funnycat #tuxedocat  #catstagram,https://www.instagram.com/p/DEmwEm9zdA3/
2025/1/10,https://raw.githubusercontent.com/wangqi0821/uni-calendar-china/main/media/2025-01-10_13-12-51.jpg,Uni ate a whole chicken for dinner… Chicken boy!  #ミヌエット #funnycat #tuxedocat  #catstagram,https://www.instagram.com/p/DEpXUDnzaMT/
2025/1/11,https://raw.githubusercontent.com/wangqi0821/uni-calendar-china/main/media/2025-01-11_13-15-53.jpg,When Uni was a kitten  子猫時代のうに  #ミヌエット #funnycat #tuxedocat  #catstagram,https://www.instagram.com/p/DEr8dH7zI5f/
2025/1/12,https://raw.githubusercontent.com/wangqi0821/uni-calendar-china/main/media/2025-01-12_13-12-37.jpg,"Uni looks like an angel, but he is actually chicken boy :3  天使みたいに可愛い  #ミヌエット #funnycat #tuxedocat  #catstagram",https://www.instagram.com/p/DEug4FBz97n/
2025/1/13,https://raw.githubusercontent.com/wangqi0821/uni-calendar-china/main/media/2025-01-13_13-13-16.jpg,I want more! :3  もっとちょーだい！  #ミヌエット #funnycat #tuxedocat  #catstagram,https://www.instagram.com/p/DExFvxQzj43/
2025/1/14,https://raw.githubusercontent.com/wangqi0821/uni-calendar-china/main/media/2025-01-14_13-25-16.jpg,Uni When my husband was making sashimi  刺身を作ってる時のうに  #ミヌエット #funnycat #tuxedocat  #catstagram,https://www.instagram.com/p/DEx_lZlTXGB/
2025/1/14,,I’m 100% certain Uni ate a whole chicken! Chicken boy!  #ミヌエット #funnycat #tuxedocat  #catstagram,https://www.instagram.com/p/DEzr6iHTfvt/
2025/1/15,https://raw.githubusercontent.com/wangqi0821/uni-calendar-china/main/media/2025-01-15_13-32-13.mp4,i love  #ミヌエット #funnycat #tuxedocat  #catstagram,https://www.instagram.com/p/DE2RbxzyPY2/
2025/1/16,https://raw.githubusercontent.com/wangqi0821/uni-calendar-china/main/media/2025-01-16_13-29-18.mp4,"Uni: ""Don't treat me like a child…""  うに「子ども扱いしないでほしい…」  #ミヌエット #funnycat #tuxedocat  #catstagram",https://www.instagram.com/p/DE414joTdBM/
2025/1/17,https://raw.githubusercontent.com/wangqi0821/uni-calendar-china/main/media/2025-01-17_13-12-53.jpg,The strongest creature Uni :3  最強の生き物うに  #ミヌエット #funnycat #tuxedocat  #catstagram,https://www.instagram.com/p/DE7Y4b2T5Wc/
2025/1/18,https://raw.githubusercontent.com/wangqi0821/uni-calendar-china/main/media/2025-01-18_13-27-25.mp4,Uni at the bar?  #ミヌエット #funnycat #tuxedocat  #catstagram,https://www.instagram.com/p/DE8LRYgTlhu/
2025/1/18,,Uni always eats a whole chicken. Chicken boy!  #ミヌエット #funnycat #tuxedocat  #catstagram,https://www.instagram.com/p/DE9-6SXznBo/
2025/1/19,https://raw.githubusercontent.com/wangqi0821/uni-calendar-china/main/media/2025-01-19_12-56-27.mp4,"When I was taking a nap, Uni began making biscuits beside me! Uni had already stopped doing it, so it was very rare and I was so happy.  昼寝してたらうにが側に来てふみふみしだした！ もううにはふみふみしなくなっていたので、珍しくてとても嬉しかったです。  #ミヌエット #funnycat #tuxedocat  #catstagram",https://www.instagram.com/p/DFAgaKMzvnB/
2025/1/20,https://raw.githubusercontent.com/wangqi0821/uni-calendar-china/main/media/2025-01-20_13-23-02.jpg,I'm the warmest! :3  #ミヌエット #funnycat #tuxedocat  #catstagram,https://www.instagram.com/p/DFDIbX8zdKS/
2025/1/21,"https://raw.githubusercontent.com/wangqi0821/uni-calendar-china/main/media/2025-01-21_13-25-47_1.jpg
https://raw.githubusercontent.com/wangqi0821/uni-calendar-china/main/media/2025-01-21_13-25-47_2.jpg",Are you really Uni…?  本当にうに…？  #ミヌエット #funnycat #tuxedocat  #catstagram,https://www.instagram.com/p/DFFtiZ8T4yF/
2025/1/21,,What is that cute creature?  あの可愛い生き物は何？  #ミヌエット #funnycat #tuxedocat  #catstagram,https://www.instagram.com/p/DFD-_9RTXXa/
2025/1/22,https://raw.githubusercontent.com/wangqi0821/uni-calendar-china/main/media/2025-01-22_13-13-47.jpg,I'm Uni! :3  #ミヌエット #funnycat #tuxedocat  #catstagram,https://www.instagram.com/p/DFIQ9aVzCbF/
2025/1/23,https://raw.githubusercontent.com/wangqi0821/uni-calendar-china/main/media/2025-01-23_13-34-32.mp4,literally :3 cat  文字通り :3  #ミヌエット #funnycat #tuxedocat  #catstagram,https://www.instagram.com/p/DFK39xTToAj/
2025/1/24,"https://raw.githubusercontent.com/wangqi0821/uni-calendar-china/main/media/2025-01-24_13-16-17_1.jpg
https://raw.githubusercontent.com/wangqi0821/uni-calendar-china/main/media/2025-01-24_13-16-17_2.jpg
https://raw.githubusercontent.com/wangqi0821/uni-calendar-china/main/media/2025-01-24_13-16-17_3.jpg",I trimmed the fur between his paw pads. Good boy Uni!  足裏の毛を剃りました。 うに頑張ったね！  #ミヌエット #funnycat #tuxedocat  #catstagram,https://www.instagram.com/p/DFNa1cXTOap/
2025/1/25,"https://raw.githubusercontent.com/wangqi0821/uni-calendar-china/main/media/2025-01-25_13-07-48_1.jpg
https://raw.githubusercontent.com/wangqi0821/uni-calendar-china/main/media/2025-01-25_13-07-48_2.jpg
https://raw.githubusercontent.com/wangqi0821/uni-calendar-china/main/media/2025-01-25_13-07-48_3.jpg",Where is my chicken…?  #ミヌエット #funnycat #tuxedocat  #catstagram,https://www.instagram.com/p/DFP-qLazjud/
2025/1/26,https://raw.githubusercontent.com/wangqi0821/uni-calendar-china/main/media/2025-01-26_13-02-40.mp4,Uni ate a whole chicken again!? Chicken boy!!  #ミヌエット #funnycat #tuxedocat  #catstagram,https://www.instagram.com/p/DFQ08xXT1od/
2025/1/26,,I'm Uni! :3  #ミヌエット #funnycat #tuxedocat  #catstagram,https://www.instagram.com/p/DFSi0E2TjQS/
2025/1/27,https://raw.githubusercontent.com/wangqi0821/uni-calendar-china/main/media/2025-01-27_13-26-57.jpg,What do you think this is?   これは何でしょう？  @youtooz   #ミヌエット #funnycat #tuxedocat  #catstagram #youtooz,https://www.instagram.com/p/DFVKcJwzgWu/
2025/1/28,https://raw.githubusercontent.com/wangqi0821/uni-calendar-china/main/media/2025-01-28_13-21-28.mp4,Uni's voice like Pokemon?  ポケモンみたいな鳴き声？  #ミヌエット #funnycat #tuxedocat  #catstagram,https://www.instagram.com/p/DFXuUiUz2jl/
2025/1/29,https://raw.githubusercontent.com/wangqi0821/uni-calendar-china/main/media/2025-01-29_13-13-26.jpg,Uni :3  #ミヌエット #funnycat #tuxedocat  #catstagram,https://www.instagram.com/p/DFaSfBrTMfT/
2025/1/30,"https://raw.githubusercontent.com/wangqi0821/uni-calendar-china/main/media/2025-01-30_13-22-14_1.jpg
https://raw.githubusercontent.com/wangqi0821/uni-calendar-china/main/media/2025-01-30_13-22-14_2.jpg",What did Uni glance at?  何を見たのかな？  #ミヌエット #funnycat #tuxedocat  #catstagram,https://www.instagram.com/p/DFc4SWjTZN3/
2025/1/31,https://raw.githubusercontent.com/wangqi0821/uni-calendar-china/main/media/2025-01-31_13-21-30.jpg,New Uni plush is here! Valentines Uni plush?? Uni plush coming on Feb 7th @ 3pm est!  うにのぬいぐるみができました? 2月7日午後3時（アメリカ東部標準時）にご注文可能となります。 世界中でご購入頂けます！  @youtooz   #ミヌエット #funnycat #tuxedocat  #catstagram #youtooz #pr,https://www.instagram.com/p/DFfc_w7Tnvx/
2025/2/1,"https://raw.githubusercontent.com/wangqi0821/uni-calendar-china/main/media/2025-02-01_13-17-20_1.jpg
https://raw.githubusercontent.com/wangqi0821/uni-calendar-china/main/media/2025-02-01_13-17-20_2.jpg",Uni is such a good listener :3  うにはとても聞き上手です  #ミヌエット #funnycat #tuxedocat  #catstagram,https://www.instagram.com/p/DFiBUImzIPa/
2025/2/2,https://raw.githubusercontent.com/wangqi0821/uni-calendar-china/main/media/2025-02-02_13-29-37.jpg,Give me a whole chicken! :3  #ミヌエット #funnycat #tuxedocat  #catstagram,https://www.instagram.com/p/DFi6cqOTnLD/
2025/2/2,,Uni ate a whole chicken again today…!? Chicken Boy!   #ミヌエット #funnycat #tuxedocat  #catstagram,https://www.instagram.com/p/DFkng-hTqC7/
2025/2/3,https://raw.githubusercontent.com/wangqi0821/uni-calendar-china/main/media/2025-02-03_13-29-42.jpg,??GIVEAWAY??  bookmark & like this post then comment for a chance to win the new uni plush dropping on Feb 7th :3  3 winners will win a new uni plush! winners will be announced on Feb 7th?  この投稿をブックマーク、いいね、コメントをして下さった方の中から、うにのぬいぐるみを抽選で3名様にプレゼント！ 2月7日に発表されます?  @youtooz   #ミヌエット #funnycat #tuxedocat  #catstagram #youtooz,https://www.instagram.com/p/DFnMUeFzIS_/
2025/2/4,"https://raw.githubusercontent.com/wangqi0821/uni-calendar-china/main/media/2025-02-04_13-16-25_1.jpg
https://raw.githubusercontent.com/wangqi0821/uni-calendar-china/main/media/2025-02-04_13-16-25_2.jpg
https://raw.githubusercontent.com/wangqi0821/uni-calendar-china/main/media/2025-02-04_13-16-25_3.jpg
https://raw.githubusercontent.com/wangqi0821/uni-calendar-china/main/media/2025-02-04_13-16-25_4.jpg",Uni is very expressive in the box! :3  箱の中で表情豊かなうに  #ミヌエット #funnycat #tuxedocat  #catstagram,https://www.instagram.com/p/DFpvmEkThjn/
2025/2/5,https://raw.githubusercontent.com/wangqi0821/uni-calendar-china/main/media/2025-02-05_13-19-46.jpg,"Mom, can I hold your hand…?  手繋いでくれる…？  #ミヌエット #funnycat #tuxedocat  #catstagram",https://www.instagram.com/p/DFsUxc_zYwu/
2025/2/6,https://raw.githubusercontent.com/wangqi0821/uni-calendar-china/main/media/2025-02-06_13-23-24.mp4,The cutest reply :3  可愛いお返事  #ミヌエット #funnycat #tuxedocat  #catstagram,https://www.instagram.com/p/DFu56jcTzgw/
2025/2/7,https://raw.githubusercontent.com/wangqi0821/uni-calendar-china/main/media/2025-02-07_03-10-58.jpg,"When I opened the door, there was a cute creature :3  ドアを開けたら可愛い生き物  #ミヌエット #funnycat #tuxedocat  #catstagram",https://www.instagram.com/p/DFwYsSpTtMj/
2025/2/7,https://raw.githubusercontent.com/wangqi0821/uni-calendar-china/main/media/2025-02-07_13-21-21.jpg,Uni is such a gentleman :3  紳士なうに  #ミヌエット #funnycat #tuxedocat  #catstagram,https://www.instagram.com/p/DFxei3nTGOZ/
2025/2/8,https://raw.githubusercontent.com/wangqi0821/uni-calendar-china/main/media/2025-02-08_13-08-36.jpg,"Uni, are you really a cat?  本当に猫？  #ミヌエット #funnycat #tuxedocat  #catstagram",https://www.instagram.com/p/DF0B4SOTmaW/
2025/2/8,https://raw.githubusercontent.com/wangqi0821/uni-calendar-china/main/media/2025-02-08_21-33-46.jpg,"Youtooz is available now?? Once it sells out it is gone forever, so don't miss out! Plush is only available for 3 weeks!   https://youtooz.com/products/valentines-uni-plush-9-inch  （I will post the link to my story & highlight!）  うにのぬいぐるみ販売スタート！ 3週間限定で、売り切れ次第終了となります。  日本からもご購入頂けます?  （リンクはストーリーとハイライトにあります）  @youtooz   #ミヌエット #funnycat #tuxedocat #youtooz #pr",https://www.instagram.com/p/DFyPYCcT7Uh/
2025/2/9,https://raw.githubusercontent.com/wangqi0821/uni-calendar-china/main/media/2025-02-09_13-26-06.jpg,He is just a silly guy :3  #ミヌエット #funnycat #tuxedocat  #catstagram,https://www.instagram.com/p/DF2orVoznOj/
2025/2/9,,How do I look? :3  似合う？  #ミヌエット #funnycat #tuxedocat  #catstagram,https://www.instagram.com/p/DF07sNzzb9R/
2025/2/10,"https://raw.githubusercontent.com/wangqi0821/uni-calendar-china/main/media/2025-02-10_13-17-25_1.jpg
https://raw.githubusercontent.com/wangqi0821/uni-calendar-china/main/media/2025-02-10_13-17-25_2.jpg
https://raw.githubusercontent.com/wangqi0821/uni-calendar-china/main/media/2025-02-10_13-17-25_3.jpg",Uni says…  #ミヌエット #funnycat #tuxedocat  #catstagram,https://www.instagram.com/p/DF5MeoUSuz2/
2025/2/11,https://raw.githubusercontent.com/wangqi0821/uni-calendar-china/main/media/2025-02-11_12-59-01.jpg,Stand User: Uni Stand Name: Chicken boy  #jojo ???  #ミヌエット #funnycat #tuxedocat  #catstagram,https://www.instagram.com/p/DF7vKzqT7Ck/
2025/2/12,https://raw.githubusercontent.com/wangqi0821/uni-calendar-china/main/media/2025-02-12_13-20-09.jpg,I'm the strongest! :3  ぼくは最強！  #ミヌエット #funnycat #tuxedocat  #catstagram,https://www.instagram.com/p/DF8qwLxTa-a/
2025/2/12,https://raw.githubusercontent.com/wangqi0821/uni-calendar-china/main/media/2025-02-12_21-47-39.jpg,"Yoru…Cheer up, don’t cry! :3  「よる…元気出してね」  #ミヌエット #funnycat #tuxedocat  #catstagram",https://www.instagram.com/p/DF-WYeFT0YA/
2025/2/13,https://raw.githubusercontent.com/wangqi0821/uni-calendar-china/main/media/2025-02-13_13-35-53.mp4,I’m jealous…??  うらやましい…  #ミヌエット #funnycat #tuxedocat  #catstagram,https://www.instagram.com/p/DGA860PTJzK/
2025/2/13,,Hi I'm Uni :3  #ミヌエット #funnycat #tuxedocat  #catstagram,https://www.instagram.com/p/DF_QddnzSdd/
2025/2/14,"https://raw.githubusercontent.com/wangqi0821/uni-calendar-china/main/media/2025-02-14_03-06-44_1.jpg
https://raw.githubusercontent.com/wangqi0821/uni-calendar-china/main/media/2025-02-14_03-06-44_2.jpg
https://raw.githubusercontent.com/wangqi0821/uni-calendar-china/main/media/2025-02-14_03-06-44_3.jpg
https://raw.githubusercontent.com/wangqi0821/uni-calendar-china/main/media/2025-02-14_03-06-44_4.jpg
https://raw.githubusercontent.com/wangqi0821/uni-calendar-china/main/media/2025-02-14_03-06-44_5.jpg
https://raw.githubusercontent.com/wangqi0821/uni-calendar-china/main/media/2025-02-14_03-06-44_6.jpg
https://raw.githubusercontent.com/wangqi0821/uni-calendar-china/main/media/2025-02-14_03-06-44_7.jpg
https://raw.githubusercontent.com/wangqi0821/uni-calendar-china/main/media/2025-02-14_03-06-44_8.jpg
https://raw.githubusercontent.com/wangqi0821/uni-calendar-china/main/media/2025-02-14_03-06-44_9.jpg",ご好評につき2回目の開催！  首都圏を中心にファッションビルなどの商業施設を展開する「マルイ」とのコラボオリジナルグッズを販売します??  可愛いキーホルダー、Tシャツ、トートバッグです?? トートバッグは4匹の写真入り！ 内ポケットつきで使い勝手良いです?  期間：2025年2月14日(金)お昼12:00～2月28日(金)23:59まで 購入場所：マルイウェブチャネル(マルイのネット通販) https://x.gd/iExSg  リンクはストーリー、ハイライトに置いときますね?  オリジナルグッズの購入金額1%は保護猫活動をはじめとするどうぶつの医療費?食費?生活費などのために寄付されます。  【For those residing outside of Japan】  You can place orders from overseas by using the service 'tenso.com'. https://www.tenso.com/en/static/guide_flow_index  Let's look at the product.→ https://x.gd/iExSg  I will post the link to my story and highlight!  #まるいねこフェス #PR #ミヌエット #funnycat #猫好きさんとつながりたい,https://www.instagram.com/p/DGCZxZ0z0Oa/
2025/2/14,https://raw.githubusercontent.com/wangqi0821/uni-calendar-china/main/media/2025-02-14_12-33-30.mp4,Will you be my valentine?  #ミヌエット #funnycat #tuxedocat  #catstagram,https://www.instagram.com/p/DGDaiM9TDbF/
2025/2/15,"https://raw.githubusercontent.com/wangqi0821/uni-calendar-china/main/media/2025-02-15_12-53-18_1.jpg
https://raw.githubusercontent.com/wangqi0821/uni-calendar-china/main/media/2025-02-15_12-53-18_2.jpg",Where is my chicken…?  ぼくの鶏肉はどこ…？  #ミヌエット #funnycat #tuxedocat  #catstagram,https://www.instagram.com/p/DGGBsUvzRPX/
2025/2/16,https://raw.githubusercontent.com/wangqi0821/uni-calendar-china/main/media/2025-02-16_12-59-13.jpg,Uni :3  #ミヌエット #funnycat #tuxedocat  #catstagram,https://www.instagram.com/p/DGInKo-zmJ7/
2025/2/16,,I'm the  strongest! :3  ぼくは最強！  #ミヌエット #funnycat #tuxedocat  #catstagram,https://www.instagram.com/p/DGG9PJ-zcae/
2025/2/17,"https://raw.githubusercontent.com/wangqi0821/uni-calendar-china/main/media/2025-02-17_02-43-27_1.jpg
https://raw.githubusercontent.com/wangqi0821/uni-calendar-china/main/media/2025-02-17_02-43-27_2.jpg",expands and so proud! :3  膨らんで得意げ！  #ミヌエット #funnycat #tuxedocat  #catstagram,https://www.instagram.com/p/DGKFfg5TRaz/
2025/2/17,"https://raw.githubusercontent.com/wangqi0821/uni-calendar-china/main/media/2025-02-17_13-06-38_1.jpg
https://raw.githubusercontent.com/wangqi0821/uni-calendar-china/main/media/2025-02-17_13-06-38_2.jpg
https://raw.githubusercontent.com/wangqi0821/uni-calendar-china/main/media/2025-02-17_13-06-38_3.jpg",What is that cute creature?  何だあの可愛い生き物は  #ミヌエット #funnycat #tuxedocat  #catstagram,https://www.instagram.com/p/DGLMzzmz5xF/
2025/2/18,https://raw.githubusercontent.com/wangqi0821/uni-calendar-china/main/media/2025-02-18_13-12-17.jpg,"Uni looks like a kitten, but he turns 5 next month :3  子猫みたいですが、来月5歳になります  #ミヌエット #funnycat #tuxedocat  #catstagram",https://www.instagram.com/p/DGNyQFXzFZ6/
2025/2/19,https://raw.githubusercontent.com/wangqi0821/uni-calendar-china/main/media/2025-02-19_13-05-30.mp4,Have a good rest  ゆっくり休んでね  #ミヌエット #funnycat #tuxedocat  #catstagram,https://www.instagram.com/p/DGQV3Fbz_fL/
2025/2/20,https://raw.githubusercontent.com/wangqi0821/uni-calendar-china/main/media/2025-02-20_02-48-38.jpg,Give me five! :3  ハイタッチする？  #ミヌエット #funnycat #tuxedocat  #catstagram,https://www.instagram.com/p/DGR0eEVz4hw/
2025/2/20,"https://raw.githubusercontent.com/wangqi0821/uni-calendar-china/main/media/2025-02-20_12-58-17_1.jpg
https://raw.githubusercontent.com/wangqi0821/uni-calendar-china/main/media/2025-02-20_12-58-17_2.jpg",Uni at the bar?  バーでのうに？  #ミヌエット #funnycat #tuxedocat  #catstagram,https://www.instagram.com/p/DGS6POPzAHZ/
2025/2/21,"https://raw.githubusercontent.com/wangqi0821/uni-calendar-china/main/media/2025-02-21_09-00-33_1.jpg
https://raw.githubusercontent.com/wangqi0821/uni-calendar-china/main/media/2025-02-21_09-00-33_2.jpg
https://raw.githubusercontent.com/wangqi0821/uni-calendar-china/main/media/2025-02-21_09-00-33_3.jpg
https://raw.githubusercontent.com/wangqi0821/uni-calendar-china/main/media/2025-02-21_09-00-33_4.jpg
https://raw.githubusercontent.com/wangqi0821/uni-calendar-china/main/media/2025-02-21_09-00-33_5.jpg
https://raw.githubusercontent.com/wangqi0821/uni-calendar-china/main/media/2025-02-21_09-00-33_6.jpg
https://raw.githubusercontent.com/wangqi0821/uni-calendar-china/main/media/2025-02-21_09-00-33_7.jpg
https://raw.githubusercontent.com/wangqi0821/uni-calendar-china/main/media/2025-02-21_09-00-33_8.jpg
https://raw.githubusercontent.com/wangqi0821/uni-calendar-china/main/media/2025-02-21_09-00-33_9.jpg","\ お知らせ/  うにの靴下がしまむら様オンラインストアで発売されます！  発売日：2/22(土)17:00～ 発売先：しまむら様オンライン 予約販売(店舗での販売はありません) ※予約上限数量に達し次第販売終了  ランチトートやTシャツもあります?? とても可愛いグッズなのでよろしくお願いします！  画像の中にある7桁の品番をオンラインサイトの検索欄に入力して頂くと一発で商品ページに飛べます??  リンクはストーリーとハイライトに置いときますね?  For orders from overseas, you can use the overseas website ""World Shopping"". The merch go on sale Saturday, Feb 22nd at 17:00（Japan time）  worldshopping.global  （I'll post the link to my story and highlight!）  #pr #しまむら #ミヌエット   @grshimamura",https://www.instagram.com/p/DGVD03JzPde/
2025/2/22,,"\ Uni merch now on sale! /  うに靴下がしまむら様オンラインストアで販売開始されました！ ランチトートバッグ、Tシャツもあります?  3/8(土)23時までか売り切れ次第終了なのでお早めにどうぞ??  リンクはストーリー、ハイライトに置いときますね??  しまむら様オンラインストアの検索欄に「uniちゃん」と入れれば全部見ることができます！  For orders from overseas, you can use the overseas website ""World Shopping"".  When you open this site, you will see a guide to ""WorldShopping"" at the bottom of the page. And click that button. You can buy if you follow it!  I will post the link to my story and highlight!  Please purchase as soon as possible until March 8th (Sat）23:00 Japan time or once sold out.  https://x.gd/FEnoN  #PR #しまむら #ミヌエット #catstagram",https://www.instagram.com/p/DGXjoGhTT08/
2025/2/23,"https://raw.githubusercontent.com/wangqi0821/uni-calendar-china/main/media/2025-02-23_13-08-29_1.jpg
https://raw.githubusercontent.com/wangqi0821/uni-calendar-china/main/media/2025-02-23_13-08-29_2.jpg",Uni looks like Little Totoro :3  小トトロみたい  #ミヌエット #funnycat #tuxedocat  #catstagram,https://www.instagram.com/p/DGapyljTno5/
2025/2/23,https://raw.githubusercontent.com/wangqi0821/uni-calendar-china/main/media/2025-02-23_20-42-37.jpg,Uni :3  #ミヌエット #funnycat #tuxedocat  #catstagram,https://www.instagram.com/p/DGZCcO7T5K_/
2025/2/24,"https://raw.githubusercontent.com/wangqi0821/uni-calendar-china/main/media/2025-02-24_12-54-35_1.jpg
https://raw.githubusercontent.com/wangqi0821/uni-calendar-china/main/media/2025-02-24_12-54-35_2.jpg
https://raw.githubusercontent.com/wangqi0821/uni-calendar-china/main/media/2025-02-24_12-54-35_3.jpg
https://raw.githubusercontent.com/wangqi0821/uni-calendar-china/main/media/2025-02-24_12-54-35_4.jpg",I have become too strong…  ぼくは強くなりすぎてしまった…  #ミヌエット #funnycat #tuxedocat  #catstagram,https://www.instagram.com/p/DGbdwvMTyH-/
2025/2/24,,Am I the strongest?  ぼくは最強？  #ミヌエット #funnycat #tuxedocat  #catstagram,https://www.instagram.com/p/DGdM_m6zsIa/
2025/2/25,https://raw.githubusercontent.com/wangqi0821/uni-calendar-china/main/media/2025-02-25_13-47-31.jpg,Uni ate a whole chicken again today…!? Chicken Boy!  　　  #ミヌエット #funnycat #tuxedocat  #catstagram,https://www.instagram.com/p/DGf32KkTEjz/
2025/2/26,https://raw.githubusercontent.com/wangqi0821/uni-calendar-china/main/media/2025-02-26_13-27-54.mp4,kitten Uni meow :3  子猫うにの鳴き声  #ミヌエット #funnycat #tuxedocat  #catstagram,https://www.instagram.com/p/DGiaU3uTy6e/
2025/2/27,https://raw.githubusercontent.com/wangqi0821/uni-calendar-china/main/media/2025-02-27_13-43-14.mp4,his face!  #ミヌエット #funnycat #tuxedocat  #catstagram,https://www.instagram.com/p/DGlAx7vzo1u/
2025/2/28,https://raw.githubusercontent.com/wangqi0821/uni-calendar-china/main/media/2025-02-28_02-03-15.jpg,"I made them thinking of Uni （Sorry, I'm bad at everything…）  うにのことを考えながら作ったものたちです （下手でごめんなさい…）  #catstagram #funnycat #tuxedocat",https://www.instagram.com/p/DGnf8UszKlS/
2025/2/28,"https://raw.githubusercontent.com/wangqi0821/uni-calendar-china/main/media/2025-02-28_12-52-34_1.jpg
https://raw.githubusercontent.com/wangqi0821/uni-calendar-china/main/media/2025-02-28_12-52-34_2.jpg
https://raw.githubusercontent.com/wangqi0821/uni-calendar-china/main/media/2025-02-28_12-52-34_3.jpg
https://raw.githubusercontent.com/wangqi0821/uni-calendar-china/main/media/2025-02-28_12-52-34_4.jpg",I like to bury my face in Uni's fur and smell. My heart feels at ease.  猫吸いすると心が落ち着きます  #ミヌエット #funnycat #tuxedocat  #catstagram,https://www.instagram.com/p/DGmVosUTQmc/
2025/3/1,"https://raw.githubusercontent.com/wangqi0821/uni-calendar-china/main/media/2025-03-01_13-03-51_1.jpg
https://raw.githubusercontent.com/wangqi0821/uni-calendar-china/main/media/2025-03-01_13-03-51_2.jpg
https://raw.githubusercontent.com/wangqi0821/uni-calendar-china/main/media/2025-03-01_13-03-51_3.jpg",I'm the warmest! :3  #ミヌエット #funnycat #tuxedocat  #catstagram,https://www.instagram.com/p/DGqGB5BzQGR/
2025/3/2,https://raw.githubusercontent.com/wangqi0821/uni-calendar-china/main/media/2025-03-02_13-06-20.mp4,This may be my last entry…  #ミヌエット #funnycat #tuxedocat  #catstagram,https://www.instagram.com/p/DGsq_fezKF2/
2025/3/2,https://raw.githubusercontent.com/wangqi0821/uni-calendar-china/main/media/2025-03-02_21-25-58.jpg,This box is too small…  この箱は小さすぎます…  #ミヌエット #funnycat #tuxedocat  #catstagram,https://www.instagram.com/p/DGq_kopTxNH/
2025/3/3,"https://raw.githubusercontent.com/wangqi0821/uni-calendar-china/main/media/2025-03-03_13-15-04_1.jpg
https://raw.githubusercontent.com/wangqi0821/uni-calendar-china/main/media/2025-03-03_13-15-04_2.jpg
https://raw.githubusercontent.com/wangqi0821/uni-calendar-china/main/media/2025-03-03_13-15-04_3.jpg",Can you hold my paw…?  手、繋いでくれる…？  #ミヌエット #funnycat #tuxedocat  #catstagram,https://www.instagram.com/p/DGtkSYYTSPv/
2025/3/3,,Nap with me?  一緒にお昼寝しよ？  #ミヌエット #funnycat #tuxedocat  #catstagram,https://www.instagram.com/p/DGvQ52LTYQ_/
2025/3/4,https://raw.githubusercontent.com/wangqi0821/uni-calendar-china/main/media/2025-03-04_13-21-29.mp4,Uni! :3  #ミヌエット #funnycat #tuxedocat  #catstagram,https://www.instagram.com/p/DGx2U90TqyU/
2025/3/5,https://raw.githubusercontent.com/wangqi0821/uni-calendar-china/main/media/2025-03-05_13-03-47.jpg,Objection! :3  異議あり！  #ミヌエット #funnycat #tuxedocat  #catstagram,https://www.instagram.com/p/DG0ZM4CTmrV/
2025/3/6,https://raw.githubusercontent.com/wangqi0821/uni-calendar-china/main/media/2025-03-06_13-13-23.jpg,My beloved cat :3  最愛の猫  #ミヌエット #funnycat #tuxedocat  #catstagram,https://www.instagram.com/p/DG2_GDbzgyv/
2025/3/6,,Will Uni eat a whole fish today?  #ミヌエット #funnycat #tuxedocat  #catstagram,https://www.instagram.com/p/DG1e8Q-TOnX/
2025/3/7,https://raw.githubusercontent.com/wangqi0821/uni-calendar-china/main/media/2025-03-07_13-24-49.mp4,Uni's daily life :3  うにの日常  #ミヌエット #funnycat #tuxedocat  #catstagram,https://www.instagram.com/p/DG5lDjezLV-/
2025/3/8,"https://raw.githubusercontent.com/wangqi0821/uni-calendar-china/main/media/2025-03-08_13-11-51_1.jpg
https://raw.githubusercontent.com/wangqi0821/uni-calendar-china/main/media/2025-03-08_13-11-51_2.jpg",So excited!  わくわく！  #funnycat #tuxedocat #ミヌエット #catinstagram,https://www.instagram.com/p/DG8IgqYz9QY/
2025/3/8,,"Raaaahhhh my birthday is on zazu friday. The stars aligned for my 18th. We got panko, uni, noodles, Rigby, and Ethel all here today :3  #cat #cats #zazufr #catmemes #silly #sillycats #catsofinstagram",https://www.instagram.com/p/DG58nNAM8tr/
2025/3/9,https://raw.githubusercontent.com/wangqi0821/uni-calendar-china/main/media/2025-03-09_13-03-49.mp4,kitten Uni meow! :3  子猫うにの鳴き声  #ミヌエット #funnycat #tuxedocat  #catstagram,https://www.instagram.com/p/DG-sTq0zvPk/
2025/3/10,"https://raw.githubusercontent.com/wangqi0821/uni-calendar-china/main/media/2025-03-10_10-51-24_1.jpg
https://raw.githubusercontent.com/wangqi0821/uni-calendar-china/main/media/2025-03-10_10-51-24_2.jpg
https://raw.githubusercontent.com/wangqi0821/uni-calendar-china/main/media/2025-03-10_10-51-24_2.mp4",ヤクルト( @yakult_for_pets ）の「MediSuppli(メディサプリ)ガラクトオリゴ糖」をお試しさせていただきました!  ガラクトオリゴ糖配合で、腸内環境の健康維持をサポート?  液状でいつものごはんにかけると一気に食べてくれました??  お通じも毎日スムーズで、とても良い状態の??を出してくれるように?  【キャンペーンのお知らせ】 MediSuppliのモニター募集&100voiceキャンペーンが実施されます！ 詳細はヤクルトの @yakult_for_pets の投稿をチェックして下さいね????  #PR #yakult_pets #ヤクルトペット #猫のいる暮らし #キャットフード #ペットフード #medi_100voice #medisuppli #ミヌエット,https://www.instagram.com/p/DHBCBsPzcnp/
2025/3/11,https://raw.githubusercontent.com/wangqi0821/uni-calendar-china/main/media/2025-03-11_00-05-27.jpg,Is Uni a destroyer?  #ミヌエット #funnycat #tuxedocat  #catstagram,https://www.instagram.com/p/DHD2NWizqL5/
2025/3/11,https://raw.githubusercontent.com/wangqi0821/uni-calendar-china/main/media/2025-03-11_13-06-38.mp4,Uni and Yoru  うにとよる  #ミヌエット #funnycat #tuxedocat  #catstagram,https://www.instagram.com/p/DHCc5c2zYiC/
2025/3/12,https://raw.githubusercontent.com/wangqi0821/uni-calendar-china/main/media/2025-03-12_13-00-37.jpg,Uni might look like Maxwell…?  マクスウェルに似てるかも…？  #ミヌエット #tuxedocat #funnycat #maxwellthecat,https://www.instagram.com/p/DHGaZ0LTu0v/
2025/3/12,,Uni ate a whole chicken today! Chicken boy!  #funnycat #tuxedocat #catstagram,https://www.instagram.com/p/DHEukRQzptg/
2025/3/13,https://raw.githubusercontent.com/wangqi0821/uni-calendar-china/main/media/2025-03-13_13-11-37.jpg,Do you love me…?  #ミヌエット #funnycat #tuxedocat  #catstagram,https://www.instagram.com/p/DHJAdU1TfcG/
2025/3/14,"https://raw.githubusercontent.com/wangqi0821/uni-calendar-china/main/media/2025-03-14_13-38-34_1.jpg
https://raw.githubusercontent.com/wangqi0821/uni-calendar-china/main/media/2025-03-14_13-38-34_2.jpg
https://raw.githubusercontent.com/wangqi0821/uni-calendar-china/main/media/2025-03-14_13-38-34_3.jpg",just a baby…?,https://www.instagram.com/p/DHLoVfPzn4W/
2025/3/15,"https://raw.githubusercontent.com/wangqi0821/uni-calendar-china/main/media/2025-03-15_12-14-16_1.jpg
https://raw.githubusercontent.com/wangqi0821/uni-calendar-china/main/media/2025-03-15_12-14-16_2.jpg
https://raw.githubusercontent.com/wangqi0821/uni-calendar-china/main/media/2025-03-15_12-14-16_3.jpg",Uni has the softest mochi cheeks :3  お餅みたいなほっぺた  #ミヌエット #tuxedocat #funnycat #catstagram,https://www.instagram.com/p/DHODe9azHcE/
2025/3/16,"https://raw.githubusercontent.com/wangqi0821/uni-calendar-china/main/media/2025-03-16_13-19-02_1.jpg
https://raw.githubusercontent.com/wangqi0821/uni-calendar-china/main/media/2025-03-16_13-19-02_2.jpg
https://raw.githubusercontent.com/wangqi0821/uni-calendar-china/main/media/2025-03-16_13-19-02_3.jpg
https://raw.githubusercontent.com/wangqi0821/uni-calendar-china/main/media/2025-03-16_13-19-02_4.jpg",Nap with me…?  一緒にお昼寝しよう  #ミヌエット #funnycat #tuxedocat  #catstagram,https://www.instagram.com/p/DHQvsOmTzLA/
2025/3/17,https://raw.githubusercontent.com/wangqi0821/uni-calendar-china/main/media/2025-03-17_13-19-48.mp4,pianist Uni :3 （It’s very rare for Uni to make biscuits!）  ピアニストうに （うにがふみふみするのはとても珍しい！）  #ミヌエット #funnycat #tuxedocat  #catstagram,https://www.instagram.com/p/DHTUgwnTIg9/
2025/3/17,,Where is my chicken…?  #ミヌエット #funnycat #tuxedocat  #catstagram,https://www.instagram.com/p/DHRpNxxTOKU/
2025/3/18,https://raw.githubusercontent.com/wangqi0821/uni-calendar-china/main/media/2025-03-18_13-09-15.jpg,side eye  #ミヌエット #funnycat #tuxedocat  #catstagram,https://www.instagram.com/p/DHV4KSxTqyD/
2025/3/19,https://raw.githubusercontent.com/wangqi0821/uni-calendar-china/main/media/2025-03-19_13-10-52.jpg,Uni’s birthday is coming up soon! (His birthday is on March 27th）  うにの誕生日まであともう少し！ （3月27日です）  #ミヌエット #funnycat #tuxedocat  #catstagram,https://www.instagram.com/p/DHYdI_Ezjrj/
2025/3/20,https://raw.githubusercontent.com/wangqi0821/uni-calendar-china/main/media/2025-03-20_12-55-53.mp4,Can you believe that such a cute creature is real?  こんな可愛い生き物が存在するなんて信じられますか？  #ミヌエット #funnycat #tuxedocat  #catstagram,https://www.instagram.com/p/DHbAC-EzO06/
2025/3/21,https://raw.githubusercontent.com/wangqi0821/uni-calendar-china/main/media/2025-03-21_12-59-29.jpg,When Uni was a kitten  子猫時代のうに  #ミヌエット #funnycat #tuxedocat  #catstagram,https://www.instagram.com/p/DHb3ftez3Ui/
2025/3/21,https://raw.githubusercontent.com/wangqi0821/uni-calendar-china/main/media/2025-03-21_20-55-39.jpg,Uni is in fighter jet mode! :3  うに、戦闘機モード！  #ミヌエット #funnycat #tuxedocat  #catstagram,https://www.instagram.com/p/DHdlbX5Tqym/
2025/3/22,https://raw.githubusercontent.com/wangqi0821/uni-calendar-china/main/media/2025-03-22_13-17-43.jpg,Uni came up to me! :3  うにが近づいてきた！  #ミヌエット #funnycat #tuxedocat  #catstagram,https://www.instagram.com/p/DHeb66zzpDr/
2025/3/22,,When Uni was a kitten （I found another version of the photo from before! ）  子猫時代のうに （この前のとは違うバージョンの写真も見つけました）  #ミヌエット #funnycat #tuxedocat  #catstagram,https://www.instagram.com/p/DHgMT1CT2xN/
2025/3/23,"https://raw.githubusercontent.com/wangqi0821/uni-calendar-china/main/media/2025-03-23_13-09-01_1.jpg
https://raw.githubusercontent.com/wangqi0821/uni-calendar-china/main/media/2025-03-23_13-09-01_2.jpg
https://raw.githubusercontent.com/wangqi0821/uni-calendar-china/main/media/2025-03-23_13-09-01_3.jpg",please…  #ミヌエット #funnycat #tuxedocat  #catstagram,https://www.instagram.com/p/DHiwHBpz9ai/
2025/3/24,https://raw.githubusercontent.com/wangqi0821/uni-calendar-china/main/media/2025-03-24_13-11-53.jpg,Uni is cute even when he's intimidating! :3  威嚇してても可愛いだけ  #ミヌエット #funnycat #tuxedocat  #catstagram,https://www.instagram.com/p/DHjmK4_zpVt/
2025/3/24,,Uni  #ミヌエット #funnycat #tuxedocat  #catstagram,https://www.instagram.com/p/DHlVO1dTc2a/
2025/3/25,"https://raw.githubusercontent.com/wangqi0821/uni-calendar-china/main/media/2025-03-25_13-17-07_1.jpg
https://raw.githubusercontent.com/wangqi0821/uni-calendar-china/main/media/2025-03-25_13-17-07_2.jpg",Uni ate a whole chicken again today…!? Chicken Boy!  #ミヌエット #funnycat #tuxedocat  #catstagram,https://www.instagram.com/p/DHn6oFFzQH5/
2025/3/26,https://raw.githubusercontent.com/wangqi0821/uni-calendar-china/main/media/2025-03-26_13-20-56.jpg,I wish you’d take a nap with me…  一緒にお昼寝してくれないかなぁ…  #ミヌエット #funnycat #tuxedocat  #catstagram,https://www.instagram.com/p/DHqf26Iz0SV/
2025/3/27,https://raw.githubusercontent.com/wangqi0821/uni-calendar-china/main/media/2025-03-27_12-55-10.jpg,"Today, March 27th, is Uni’s 5th birthday!  Thank you for coming into my life.  Please say ""Happy Birthday Uni"" to him! :3  今日3/27はうにの5歳の誕生日です！ 生まれてきてくれてありがとう。  そして、うに誕生日おめでとう！  #ミヌエット #funnycat #tuxedocat  #catstagram",https://www.instagram.com/p/DHrbSuxTA-k/
2025/3/27,https://raw.githubusercontent.com/wangqi0821/uni-calendar-china/main/media/2025-03-27_23-49-08.mp4,I gave Uni a whole chicken as a birthday present :3  #ミヌエット #funnycat #tuxedocat  #catstagram,https://www.instagram.com/p/DHtBtE_TChd/
2025/3/28,https://raw.githubusercontent.com/wangqi0821/uni-calendar-china/main/media/2025-03-28_15-03-48.mp4,Uni is 5 years old now and we are celebrating with a big sale! There is a link on my profile so you can shop all the new designs. Sale lasts for 5 days. More info is on the site. Thank you :3  #ミヌエット #funnycat #tuxedocat  #catstagram #pr,https://www.instagram.com/p/DHv1LRQzs6w/
2025/3/28,,""" Is this…a whole chicken…?""  Yes! Chicken boy!  #ミヌエット #funnycat #tuxedocat  #catstagram",https://www.instagram.com/p/DHuMRM7z_Jo/
2025/3/29,"https://raw.githubusercontent.com/wangqi0821/uni-calendar-china/main/media/2025-03-29_13-15-45_1.jpg
https://raw.githubusercontent.com/wangqi0821/uni-calendar-china/main/media/2025-03-29_13-15-45_2.jpg","""Mom, free me!""  （His gums are swollen. We have to take him to the vet again next week.）  ここから出して！  （歯茎が腫れてました。来週また病院に連れて行きます）  #ミヌエット #funnycat #tuxedocat  #catstagram",https://www.instagram.com/p/DHyNpnZT9io/
2025/3/30,"https://raw.githubusercontent.com/wangqi0821/uni-calendar-china/main/media/2025-03-30_13-15-33_1.jpg
https://raw.githubusercontent.com/wangqi0821/uni-calendar-china/main/media/2025-03-30_13-15-33_2.jpg
https://raw.githubusercontent.com/wangqi0821/uni-calendar-china/main/media/2025-03-30_13-15-33_3.jpg
https://raw.githubusercontent.com/wangqi0821/uni-calendar-china/main/media/2025-03-30_13-15-33_4.jpg",Uni wearing a cherry blossom collar??  桜の首輪とうに  #ミヌエット #funnycat #tuxedocat  #catstagram,https://www.instagram.com/p/DH0ya9uT3jz/
2025/3/30,,Uni's sad meow  悲しそうな鳴き声  #ミヌエット #funnycat #tuxedocat  #catstagram,https://www.instagram.com/p/DHzAsd2Thua/
2025/3/31,https://raw.githubusercontent.com/wangqi0821/uni-calendar-china/main/media/2025-03-31_13-14-05.mp4,Wild Uni appeared! :3  野生のうにが現れた！  #ミヌエット #funnycat #tuxedocat  #catstagram,https://www.instagram.com/p/DH3Wt6KzI9_/
2025/4/1,https://raw.githubusercontent.com/wangqi0821/uni-calendar-china/main/media/2025-04-01_12-52-02.jpg,Uni ate five whole chickens. Chicken boy!  #aprilfoolsday #funnycat #catstagram,https://www.instagram.com/p/DH55UcJzeUr/
2025/4/2,https://raw.githubusercontent.com/wangqi0821/uni-calendar-china/main/media/2025-04-02_14-06-06.mp4,Why are you stealing my toy?!  何でおもちゃをとるの  #funnycat #ミヌエット #catstagram #tuxedocat,https://www.instagram.com/p/DH8miYKzbsQ/
2025/4/2,,Uni is truly the most generous. 3 more days have been added to the sale :3  #funnycat #catstagram #tuxedocat,https://www.instagram.com/p/DH6_sfBzfWf/
2025/4/3,"https://raw.githubusercontent.com/wangqi0821/uni-calendar-china/main/media/2025-04-03_13-31-34_1.jpg
https://raw.githubusercontent.com/wangqi0821/uni-calendar-china/main/media/2025-04-03_13-31-34_2.jpg",I have the strongest punch! :3  ぼくのパンチは最強だぞ！  #ミヌエット #funnycat #tuxedocat  #catstagram,https://www.instagram.com/p/DH_HbuPzKNY/
2025/4/4,"https://raw.githubusercontent.com/wangqi0821/uni-calendar-china/main/media/2025-04-04_13-06-49_1.jpg
https://raw.githubusercontent.com/wangqi0821/uni-calendar-china/main/media/2025-04-04_13-06-49_2.jpg",I have become too strong…  ぼくは強くなりすぎてしまった…  #ミヌエット #funnycat #tuxedocat  #catstagram,https://www.instagram.com/p/DH_7fXbTL2_/
2025/4/4,,I'm innocent!  ぼくは無実です！  #ミヌエット #funnycat #tuxedocat  #catstagram,https://www.instagram.com/p/DIBpZVpTgmF/
2025/4/5,https://raw.githubusercontent.com/wangqi0821/uni-calendar-china/main/media/2025-04-05_15-24-31.mp4,I'm Uni! :3  #ミヌエット #funnycat #tuxedocat  #catstagram,https://www.instagram.com/p/DIEd6V8Txr3/
2025/4/6,https://raw.githubusercontent.com/wangqi0821/uni-calendar-china/main/media/2025-04-06_12-58-17.mp4,Can you show me…?  #funnycat #catstagram #ミヌエット #tuxedocat,https://www.instagram.com/p/DIGx6a-TjWK/
2025/4/7,https://raw.githubusercontent.com/wangqi0821/uni-calendar-china/main/media/2025-04-07_13-29-49.jpg,Uni is shaped like an onigiri. Unigiri! :3  うにはおにぎりみたいな形。うにぎり！  #funnycat #catstagram #ミヌエット #tuxedo_cat,https://www.instagram.com/p/DIHuIiQz2oB/
2025/4/7,,Pineapple gang!  #funnycat #catstagram #ミヌエット #tuxedocat,https://www.instagram.com/p/DIJaadYThkP/
2025/4/8,https://raw.githubusercontent.com/wangqi0821/uni-calendar-china/main/media/2025-04-08_13-12-47.jpg,Will I be able to have chicken today…?  今日はチキンが食べられるかな…  #ミヌエット #funnycat #tuxedocat  #catstagram,https://www.instagram.com/p/DIL9QmHzosy/
2025/4/9,"https://raw.githubusercontent.com/wangqi0821/uni-calendar-china/main/media/2025-04-09_13-29-58_1.jpg
https://raw.githubusercontent.com/wangqi0821/uni-calendar-china/main/media/2025-04-09_13-29-58_2.jpg",Egg boy?  #ミヌエット #funnycat #tuxedocat  #catstagram,https://www.instagram.com/p/DIOkBUlzNnx/
2025/4/10,https://raw.githubusercontent.com/wangqi0821/uni-calendar-china/main/media/2025-04-10_14-03-12.mp4,"Uni is just sitting there, but he’s still so cute :3  #funnycat #ミヌエット #catstagram #tuxedocat",https://www.instagram.com/p/DIRMYrkTVkM/
2025/4/11,https://raw.githubusercontent.com/wangqi0821/uni-calendar-china/main/media/2025-04-11_13-34-16.mp4,Look! That tiny paw on Aoba’s back…  ちっちゃいおてて、可愛い…  #ミヌエット　#tuxedocat  #ねこのいる生活  #catstagram,https://www.instagram.com/p/DIR975XztSL/
2025/4/11,,I had to try out this trend with Uni!   #trend #kitten #burger #catsoftinstagram,https://www.instagram.com/p/DITt9FiTEvH/
2025/4/12,https://raw.githubusercontent.com/wangqi0821/uni-calendar-china/main/media/2025-04-12_13-17-35.jpg,Bring it on! I'm the strongest :3  かかってこい！ぼくは最強！  #funnycat #ミヌエット #catstagram #tuxedocat,https://www.instagram.com/p/DIWQ_SiTthg/
2025/4/13,https://raw.githubusercontent.com/wangqi0821/uni-calendar-china/main/media/2025-04-13_14-13-05.jpg,Blep!  ぺろっ  #ミヌエット #funnycat #tuxedocat  #catstagram,https://www.instagram.com/p/DIY8IoRT3V5/
2025/4/13,https://raw.githubusercontent.com/wangqi0821/uni-calendar-china/main/media/2025-04-13_21-31-48.mp4,Big kiss from Uni  #cute #catsofinstagram #meme #kitten,https://www.instagram.com/p/DIXA6faTdtR/
2025/4/14,https://raw.githubusercontent.com/wangqi0821/uni-calendar-china/main/media/2025-04-14_13-26-23.mp4,His hunger is eternal #cats_of_instagram #kitten #trend #silly,https://www.instagram.com/p/DIbbh5cMdnv/
2025/4/14,https://raw.githubusercontent.com/wangqi0821/uni-calendar-china/main/media/2025-04-14_20-41-25.jpg,Uni is too strong for 3 walls  #cats_of_instagram #kitten #surprise #trend,https://www.instagram.com/p/DIZuQi9sXEs/
2025/4/15,"https://raw.githubusercontent.com/wangqi0821/uni-calendar-china/main/media/2025-04-15_09-00-06_1.jpg
https://raw.githubusercontent.com/wangqi0821/uni-calendar-china/main/media/2025-04-15_09-00-06_2.jpg
https://raw.githubusercontent.com/wangqi0821/uni-calendar-china/main/media/2025-04-15_09-00-06_3.jpg
https://raw.githubusercontent.com/wangqi0821/uni-calendar-china/main/media/2025-04-15_09-00-06_4.jpg
https://raw.githubusercontent.com/wangqi0821/uni-calendar-china/main/media/2025-04-15_09-00-06_5.jpg
https://raw.githubusercontent.com/wangqi0821/uni-calendar-china/main/media/2025-04-15_09-00-06_6.jpg
https://raw.githubusercontent.com/wangqi0821/uni-calendar-china/main/media/2025-04-15_09-00-06_7.jpg
https://raw.githubusercontent.com/wangqi0821/uni-calendar-china/main/media/2025-04-15_09-00-06_8.jpg",Can you guess what this is?  何だと思う？  #funnycat #tuxedocat #catstagram,https://www.instagram.com/p/DIcNXtQT2cz/
2025/4/15,https://raw.githubusercontent.com/wangqi0821/uni-calendar-china/main/media/2025-04-15_20-54-07.mp4,??「MediSuppli（メディサプリ）ガラクトオリゴ糖」の100voiceキャンペーンにご参加いただいたお友達の紹介です??  こちらは100voiceキャンペーンにご参加いただいた投稿のリポストです??  ミケちゃん、クロちゃんもうにみたいに美味しそうに食べてくれてますね?  #PR #yakult_pets #ヤクルトペット #猫のいる暮らし #キャットフード #ペットフード #medi_100voice #medisuppli,https://www.instagram.com/p/DIdh5-BTEwv/
2025/4/16,https://raw.githubusercontent.com/wangqi0821/uni-calendar-china/main/media/2025-04-16_15-24-35.mp4,A very sleepy creature #catstagram #sleepykitty #cats #calm,https://www.instagram.com/p/DIgyhQKIVfN/
2025/4/16,,The ultimate challenge  #catstagram #cat #meme #cute,https://www.instagram.com/p/DIezjuSs-gB/
2025/4/18,https://raw.githubusercontent.com/wangqi0821/uni-calendar-china/main/media/2025-04-18_11-55-39.jpg,Uni wants to say hello  #meme #catsofinstagram #funny #funnycatmeme,https://www.instagram.com/p/DIj2AeAu--j/
2025/4/18,"https://raw.githubusercontent.com/wangqi0821/uni-calendar-china/main/media/2025-04-18_21-58-39_1.jpg
https://raw.githubusercontent.com/wangqi0821/uni-calendar-china/main/media/2025-04-18_21-58-39_2.jpg",New Uni plush is here! Uni loaf?? Uni plush coming on April 25th @ 3pm est!,https://www.instagram.com/p/DIlkYZ1z7Ji/
2025/4/19,https://raw.githubusercontent.com/wangqi0821/uni-calendar-china/main/media/2025-04-19_13-22-41.mp4,Do you like it?  #catsofinstagram #catstagram #cutecat #tuxedocat,https://www.instagram.com/p/DIoS-JczdN-/
2025/4/19,,Uni :3  #catsofinstagram #catstagram #ミヌエット #cutecat,https://www.instagram.com/p/DImpY3BzrKk/
2025/4/20,"https://raw.githubusercontent.com/wangqi0821/uni-calendar-china/main/media/2025-04-20_12-59-58_1.jpg
https://raw.githubusercontent.com/wangqi0821/uni-calendar-china/main/media/2025-04-20_12-59-58_2.jpg",Easter Buni :3  #catsofinstagram #easterbunny #catstagram #sillycat,https://www.instagram.com/p/DIq1VRQzHCS/
2025/4/21,https://raw.githubusercontent.com/wangqi0821/uni-calendar-china/main/media/2025-04-21_12-49-32.jpg,"??GIVEAWAY??  To win a new Uni plush dropping Friday,  bookmark & like this post — and don’t forget to comment! 3 winners announced on April 25th ??  抽選で3名様にうにのぬいぐるみをプレゼント！ この投稿をブックマーク、いいね、コメントしてくださいね?? 4月25日に発表されます?  #youtooz #catstagram #giveaway",https://www.instagram.com/p/DItY7qPTYl-/
2025/4/21,,Am I… Egg boy?  #catsofinstagram #catstagram #funnycat #ミヌエット,https://www.instagram.com/p/DIrpumBTIqU/
2025/4/22,https://raw.githubusercontent.com/wangqi0821/uni-calendar-china/main/media/2025-04-22_12-58-34.mp4,Uni just opened a bakery! :3  （It’s very rare for Uni to make biscuits）  うにはパン屋を始めました！ （うにのふみふみはとてもレア！）  #catsofinstagram #makebiscuits #sillycats #cat,https://www.instagram.com/p/DIv-oPpzyvm/
2025/4/23,https://raw.githubusercontent.com/wangqi0821/uni-calendar-china/main/media/2025-04-23_13-04-23.jpg,I have become too strong…  ぼくは強くなりすぎてしまった…  #catsofinstagram #sillycat #cute,https://www.instagram.com/p/DIykOOfS-O4/
2025/4/23,https://raw.githubusercontent.com/wangqi0821/uni-calendar-china/main/media/2025-04-23_21-02-30.jpg,Is there really anyone stronger than me...?  ぼくより強い者はいるのでしょうか…？  #catsofinstagram #funnycat #silly,https://www.instagram.com/p/DIw2K9RTrBj/
2025/4/24,"https://raw.githubusercontent.com/wangqi0821/uni-calendar-china/main/media/2025-04-24_13-01-50_1.jpg
https://raw.githubusercontent.com/wangqi0821/uni-calendar-china/main/media/2025-04-24_13-01-50_2.jpg
https://raw.githubusercontent.com/wangqi0821/uni-calendar-china/main/media/2025-04-24_13-01-50_3.jpg
https://raw.githubusercontent.com/wangqi0821/uni-calendar-china/main/media/2025-04-24_13-01-50_4.jpg",I'm here…  #catsofinstagram #funnycat #silly,https://www.instagram.com/p/DIza79MzEC6/
2025/4/24,https://raw.githubusercontent.com/wangqi0821/uni-calendar-china/main/media/2025-04-24_20-17-32.jpg,No more chicken. I’ve switched to greens…  もうチキンはやめて野菜中心にします…  #catsofinstagram #sillycat #cutecat,https://www.instagram.com/p/DI1IuW9zdPH/
2025/4/25,https://raw.githubusercontent.com/wangqi0821/uni-calendar-china/main/media/2025-04-25_13-15-14.mp4,"“In the end, I ate a whole chicken!” Uni! Chicken boy!  #catsofinstagram #sillycat #cute #funnycat",https://www.instagram.com/p/DI16lkVz8c2/
2025/4/25,"https://raw.githubusercontent.com/wangqi0821/uni-calendar-china/main/media/2025-04-25_19-06-21_1.jpg
https://raw.githubusercontent.com/wangqi0821/uni-calendar-china/main/media/2025-04-25_19-06-21_2.jpg
https://raw.githubusercontent.com/wangqi0821/uni-calendar-china/main/media/2025-04-25_19-06-21_3.jpg
https://raw.githubusercontent.com/wangqi0821/uni-calendar-china/main/media/2025-04-25_19-06-21_4.jpg
https://raw.githubusercontent.com/wangqi0821/uni-calendar-china/main/media/2025-04-25_19-06-21_5.jpg",He's not actually sorry  #catsofinstagram #tuxedocat #sillycat,https://www.instagram.com/p/DI3uncnTRQ-/
2025/4/26,https://raw.githubusercontent.com/wangqi0821/uni-calendar-china/main/media/2025-04-26_12-58-13.jpg,"Youtooz is available now?? Once it sells out it is gone forever, so don't miss out! Plush is only available for 2 weeks!   https://youtooz.com/products/uni-v3-plush-9-inch  （I will post the link to my story & highlight!）  うにのぬいぐるみ販売スタート！ 2週間限定で、売り切れ次第終了となります。  日本からもご購入頂けます?  （リンクはストーリーとハイライトにあります）  @youtooz   #funnycat #tuxedocat #youtooz #pr",https://www.instagram.com/p/DI4XPF9Tac9/
2025/4/26,,Unizilla has appeared :3  うにジラ！  #catsofinstagram #sillycat #cute #funnycat,https://www.instagram.com/p/DI6R5qkz1ea/
2025/4/27,https://raw.githubusercontent.com/wangqi0821/uni-calendar-china/main/media/2025-04-27_13-04-22.mp4,Which 3 would you keep?  #catsofinstagram #tuxedocat #sillycat #cute,https://www.instagram.com/p/DI83PZkTd2O/
2025/4/28,https://raw.githubusercontent.com/wangqi0821/uni-calendar-china/main/media/2025-04-28_13-44-09.mp4,I'm Uni :3  #catsofinstagram #tuxedocat #sillycat #cutecat,https://www.instagram.com/p/DI_gorPzi8i/
2025/4/29,https://raw.githubusercontent.com/wangqi0821/uni-calendar-china/main/media/2025-04-29_13-05-46.jpg,"Mom, can I hold your hand…?  手、繋いでくれる…？  #catsofinstagram #cutecat #ミヌエット",https://www.instagram.com/p/DJCBJmWTr5e/
2025/4/30,"https://raw.githubusercontent.com/wangqi0821/uni-calendar-china/main/media/2025-04-30_13-18-57_1.jpg
https://raw.githubusercontent.com/wangqi0821/uni-calendar-china/main/media/2025-04-30_13-18-57_2.jpg
https://raw.githubusercontent.com/wangqi0821/uni-calendar-china/main/media/2025-04-30_13-18-57_3.jpg
https://raw.githubusercontent.com/wangqi0821/uni-calendar-china/main/media/2025-04-30_13-18-57_4.jpg","Unigiri at the bar?  （Uni sometimes looks like an onigiri, so I call him Unigiri）  #catsofinstagram #tuxedocat #sillycat #cutekidsfashion",https://www.instagram.com/p/DJEndAxTXd_/
2025/4/30,,Where's my chicken…?  チキンはまだですか？  #catsofinstagram #sillycat #cutecat #tuxedocat,https://www.instagram.com/p/DJC5ivszHP-/
2025/5/1,https://raw.githubusercontent.com/wangqi0821/uni-calendar-china/main/media/2025-05-01_13-46-59.mp4,Look at this smol cat :3  #catsofinstagram #tuxedocat #sillycat #cutecat,https://www.instagram.com/p/DJHPQFTTLoE/
2025/5/2,https://raw.githubusercontent.com/wangqi0821/uni-calendar-china/main/media/2025-05-02_13-06-51.mp4,"Baby Uni making biscuits and purring!  I muted Uni’s purring in the video I posted yesterday, but in reality he was purring like this the whole time.  赤ちゃんうにのふみふみとゴロゴロ。  昨日アップした動画はゴロゴロ音を消しましたが、本当はこんな感じでゴロゴロ言ってました！  #catsofinstagram #sillycat #tuxedocat  #cute",https://www.instagram.com/p/DJJvio0zcj6/
2025/5/3,https://raw.githubusercontent.com/wangqi0821/uni-calendar-china/main/media/2025-05-03_13-02-10.jpg,I wonder if I’ll get a whole chicken today…  #catsofinstagram #sillycat #cutecat #tuxedocat,https://www.instagram.com/p/DJMT6tVTMpE/
2025/5/4,"https://raw.githubusercontent.com/wangqi0821/uni-calendar-china/main/media/2025-05-04_13-04-15_1.jpg
https://raw.githubusercontent.com/wangqi0821/uni-calendar-china/main/media/2025-05-04_13-04-15_2.jpg",Swipe to give me a bath :3  #catsofinstagram #sillycat #soggycat #cute,https://www.instagram.com/p/DJO484JzrNb/
2025/5/5,https://raw.githubusercontent.com/wangqi0821/uni-calendar-china/main/media/2025-05-05_13-14-18.jpg,Deal?  取引完了？  #catso?nstagram #sillycat #cutecat #tuxedocat,https://www.instagram.com/p/DJRe5QnzvBU/
2025/5/6,"https://raw.githubusercontent.com/wangqi0821/uni-calendar-china/main/media/2025-05-06_13-05-35_1.jpg
https://raw.githubusercontent.com/wangqi0821/uni-calendar-china/main/media/2025-05-06_13-05-35_2.jpg
https://raw.githubusercontent.com/wangqi0821/uni-calendar-china/main/media/2025-05-06_13-05-35_3.jpg",Wanna play with me?  遊んでくれるの？  #catsofinstagram #tuxedocat #sillycat #cute,https://www.instagram.com/p/DJUCsZVT8kC/
2025/5/8,https://raw.githubusercontent.com/wangqi0821/uni-calendar-china/main/media/2025-05-08_12-56-24.jpg,Is Uni even real?  #catsofinstagram #sillycat #cutecat #tuxedocat,https://www.instagram.com/p/DJZLOzCzdi0/
2025/5/9,https://raw.githubusercontent.com/wangqi0821/uni-calendar-china/main/media/2025-05-09_12-56-35.mp4,He's fine  #catsofinstagram #sillycat #funnycat #tuxedocat,https://www.instagram.com/p/DJbv-gJTFOy/
2025/5/10,https://raw.githubusercontent.com/wangqi0821/uni-calendar-china/main/media/2025-05-10_13-11-09.jpg,What a distinguished gentleman…  #catsofinstagram #sillycat #tuxedocat #cute,https://www.instagram.com/p/DJeWgpaTLx6/
2025/5/11,https://raw.githubusercontent.com/wangqi0821/uni-calendar-china/main/media/2025-05-11_13-10-30.mp4,Uni is very expressive :3  うにはとても表情豊かです  #catsofinstagram #sillycat #tuxedocat,https://www.instagram.com/p/DJg7ChXzV5A/
2025/5/12,https://raw.githubusercontent.com/wangqi0821/uni-calendar-china/main/media/2025-05-12_13-12-27.jpg,Wanna snuggle and nap with me…?  一緒にお昼寝しよう？  #catsofinstagram #sillycat #cutecat,https://www.instagram.com/p/DJjgP6xTRC1/
2025/5/13,https://raw.githubusercontent.com/wangqi0821/uni-calendar-china/main/media/2025-05-13_13-04-34.mp4,He didn’t even hesitate :3  #funnycat #cutecat #catsofinstagram #sillycat,https://www.instagram.com/p/DJmD9KGzdIg/
2025/5/13,,How many whole chickens do you think Uni ate?  #catsofinstagram #sillycat #tuxedocat #cute,https://www.instagram.com/p/DJkVerEz7wJ/
2025/5/14,https://raw.githubusercontent.com/wangqi0821/uni-calendar-china/main/media/2025-05-14_13-00-06.jpg,POV: You are the chicken  #catsofinstagram #sillycat #cute #funnycat,https://www.instagram.com/p/DJoobNuTAXJ/
2025/5/15,https://raw.githubusercontent.com/wangqi0821/uni-calendar-china/main/media/2025-05-15_13-01-02.jpg,Eyes full of hope :3  希望に満ちた目  #catsofinstagram #sillycat #tuxedocat #cutecat,https://www.instagram.com/p/DJrNU5oTToa/
2025/5/16,https://raw.githubusercontent.com/wangqi0821/uni-calendar-china/main/media/2025-05-16_13-06-45.mp4,Kitten Uni vs Tail! The cutest! :3  子猫時代のうにです。 自分のしっぽと格闘してて可愛かったなあ  #catsofinstagram #sillycat #kitten #cutecat,https://www.instagram.com/p/DJtyOlLTi8c/
2025/5/17,https://raw.githubusercontent.com/wangqi0821/uni-calendar-china/main/media/2025-05-17_13-45-48.mp4,He’s trying so hard… look at him! :3  全力で頑張ってます  #catsofinstagram #funnycat #sillycat,https://www.instagram.com/p/DJwb8rtzqoq/
2025/5/18,https://raw.githubusercontent.com/wangqi0821/uni-calendar-china/main/media/2025-05-18_12-48-26.mp4,"Uni is having surgery on his teeth and gums tomorrow. He’ll be under anesthesia, so I’m a bit worried… Please send good vibes and hope everything goes well!  #catsofinstagram #sillycat #cutecat",https://www.instagram.com/p/DJy6Ha0TZnJ/
2025/5/19,"https://raw.githubusercontent.com/wangqi0821/uni-calendar-china/main/media/2025-05-19_12-40-47_1.jpg
https://raw.githubusercontent.com/wangqi0821/uni-calendar-china/main/media/2025-05-19_12-40-47_2.jpg
https://raw.githubusercontent.com/wangqi0821/uni-calendar-china/main/media/2025-05-19_12-40-47_3.jpg
https://raw.githubusercontent.com/wangqi0821/uni-calendar-china/main/media/2025-05-19_12-40-47_4.jpg","Uni’s surgery went well! He had two teeth removed, but he’s doing great. He’s just a bit tired now, so it’s time for a good rest. Thank you all so much for your kind messages!  うにの手術は無事に終わりました！ 歯を2本抜きましたが、とても元気です。 ただちょっと疲れちゃったみたい…ゆっくり休んでね。 暖かいコメントありがとうございました！  #catsofinstagram #sillycat #cutecat",https://www.instagram.com/p/DJ1eMHZTVx4/
2025/5/20,https://raw.githubusercontent.com/wangqi0821/uni-calendar-china/main/media/2025-05-20_12-54-36.jpg,"Ever since we got back from the vet, Uni keeps giving me the cutest look… I wonder why?  病院から帰ってきてからずっと可愛い顔で見つめてくる…何でだろ？  #catsofinstagram #sillycat #cutecat #tuxedocat",https://www.instagram.com/p/DJ4EkJnznWT/
2025/5/21,https://raw.githubusercontent.com/wangqi0821/uni-calendar-china/main/media/2025-05-21_13-07-18.jpg,I’m going on a journey :3  旅に出ます  #catsofinstagram #sillycat #cutecat #tuxedocat,https://www.instagram.com/p/DJ6qz_7Tg20/
2025/5/22,https://raw.githubusercontent.com/wangqi0821/uni-calendar-china/main/media/2025-05-22_12-58-34.mp4,Listen to his tiny voice when I say “food.”  「ごはん？」って言った時のうにの鳴き声  #catsofinstagram #sillycat #meow #tuxedocat,https://www.instagram.com/p/DJ9OaB9zWyx/
2025/5/23,"https://raw.githubusercontent.com/wangqi0821/uni-calendar-china/main/media/2025-05-23_13-05-58_1.jpg
https://raw.githubusercontent.com/wangqi0821/uni-calendar-china/main/media/2025-05-23_13-05-58_2.jpg",Cat? No. I'm the strongest chicken boy! :3  #catsofinstagram #sillycat #cutecat #tuxedocat,https://www.instagram.com/p/DJ_0QArz6zU/
2025/5/24,https://raw.githubusercontent.com/wangqi0821/uni-calendar-china/main/media/2025-05-24_13-22-07.jpg,He’s not planning anything… I think  #catsofinstagram #sillycat #cutecat #tuxedocat,https://www.instagram.com/p/DKCa5NozSTT/
2025/5/25,https://raw.githubusercontent.com/wangqi0821/uni-calendar-china/main/media/2025-05-25_13-01-36.jpg,Who wins: Uni or 100 chickens?  #catsofinstagram #funnycat #sillycat #cutecat,https://www.instagram.com/p/DKE9V0kziF8/
2025/5/26,https://raw.githubusercontent.com/wangqi0821/uni-calendar-china/main/media/2025-05-26_12-57-20.jpg,"Uni, what are you thinking about…?  うに、何を考えてるの…？  #catsofinstagram #sillycat #cutecat #tuxedocat",https://www.instagram.com/p/DKHhpeQzU7h/
2025/5/27,https://raw.githubusercontent.com/wangqi0821/uni-calendar-china/main/media/2025-05-27_13-06-27.mp4,He is more than a pet. He is a part of me.  彼は私の一部です  #catsofinstagram #sillycat #tuxedocat #cute,https://www.instagram.com/p/DKKHZH1zECQ/
2025/5/28,https://raw.githubusercontent.com/wangqi0821/uni-calendar-china/main/media/2025-05-28_13-04-17.jpg,Wanna go to the beach with me?  ぼくと海に行かない？  #catsofinstagram #sillycat #cutecat #tuxedocat,https://www.instagram.com/p/DKMsCIVT95S/
2025/5/29,"https://raw.githubusercontent.com/wangqi0821/uni-calendar-china/main/media/2025-05-29_13-15-38_1.jpg
https://raw.githubusercontent.com/wangqi0821/uni-calendar-china/main/media/2025-05-29_13-15-38_2.jpg
https://raw.githubusercontent.com/wangqi0821/uni-calendar-china/main/media/2025-05-29_13-15-38_3.jpg",I was so sure it was chicken time… but it wasn’t…  チキンがもらえると思ったのに…なかった…  #catsofinstagram #funnycat #sillycat #cute,https://www.instagram.com/p/DKPSIHITpEc/
2025/5/30,"https://raw.githubusercontent.com/wangqi0821/uni-calendar-china/main/media/2025-05-30_13-00-33_1.jpg
https://raw.githubusercontent.com/wangqi0821/uni-calendar-china/main/media/2025-05-30_13-00-33_2.jpg
https://raw.githubusercontent.com/wangqi0821/uni-calendar-china/main/media/2025-05-30_13-00-33_2.mp4","""This jail can’t contain my power…""  ""Free me…??""  We had a follow-up after Uni’s dental surgery. Everything seems fine, but there’s one tooth they’re keeping an eye on, so we’ll go back for another check-up in a month.  歯の手術のあとを診てもらいました。とりあえず問題なさそうですが、まだ気になる歯が1本あるみたいで1か月後にもう一度診てもらうことになりました。  #catsofinstagram #sillycat #cutecat",https://www.instagram.com/p/DKR1MfuzGfX/
2025/5/31,https://raw.githubusercontent.com/wangqi0821/uni-calendar-china/main/media/2025-05-31_13-13-13.mp4,POV: You are the chicken  #catsofinstagram #sillycat #tuxedocat #cute,https://www.instagram.com/p/DKUa9ymTtEd/
2025/6/1,https://raw.githubusercontent.com/wangqi0821/uni-calendar-china/main/media/2025-06-01_13-13-40.mp4,But is Uni even a cat?  #catsofinstagram #funnycat #sillycat #cutecat,https://www.instagram.com/p/DKXAPDpTUXy/
2025/6/2,https://raw.githubusercontent.com/wangqi0821/uni-calendar-china/main/media/2025-06-02_12-51-21.jpg,No one's playing with me…  誰か遊んでほしいな…  #catsofinstagram #sillycat #cutecat #tuxedocat,https://www.instagram.com/p/DKZihrGzcnT/
2025/6/3,https://raw.githubusercontent.com/wangqi0821/uni-calendar-china/main/media/2025-06-03_12-55-40.jpg,Hunter mode ON! :3  #catsofinstagram #sillycat #funnycat #cutecat,https://www.instagram.com/p/DKcH0OIT7yy/
2025/6/4,https://raw.githubusercontent.com/wangqi0821/uni-calendar-china/main/media/2025-06-04_12-59-45.jpg,No thoughts…?  #catsofinstagram #sillycat #funnycat #cutecat,https://www.instagram.com/p/DKetE89zw4i/
2025/6/5,https://raw.githubusercontent.com/wangqi0821/uni-calendar-china/main/media/2025-06-05_13-13-12.jpg,Is that churu… chicken flavored?  そのちゅーるはチキン味ですか？  #catsofinstagram #sillycat #funnycat #cutecat,https://www.instagram.com/p/DKhTaWxzU67/
2025/6/6,https://raw.githubusercontent.com/wangqi0821/uni-calendar-china/main/media/2025-06-06_13-09-17.jpg,Too round to be serious  何でそんなに丸いの  #catsofinstagram #sillycat #cutecat,https://www.instagram.com/p/DKj3whAzUnE/
2025/6/7,"https://raw.githubusercontent.com/wangqi0821/uni-calendar-china/main/media/2025-06-07_13-09-33_1.jpg
https://raw.githubusercontent.com/wangqi0821/uni-calendar-china/main/media/2025-06-07_13-09-33_2.jpg",Is the chicken ready yet?  #catsofinstagram #sillycat #funnycat #tuxedocat,https://www.instagram.com/p/DKmclarTNRt/
2025/6/8,https://raw.githubusercontent.com/wangqi0821/uni-calendar-china/main/media/2025-06-08_13-03-04.mp4,Top-level cat strategy meeting  猫たちの作戦会議  #catsofinstagram #sillycat #cute #tuxedocat,https://www.instagram.com/p/DKnW_IJTbAX/
2025/6/8,,"If I came to visit you, would you give me a hug?  #catsofinstagram #tuxedocat #sillycat #cutecat",https://www.instagram.com/p/DKpAhnEzk_B/
2025/6/9,https://raw.githubusercontent.com/wangqi0821/uni-calendar-china/main/media/2025-06-09_13-03-15.jpg,He’s filled with determination  決意がみなぎってきた  #catsofinstagram #sillycat #cutecat #tuxedocat,https://www.instagram.com/p/DKrlc_tzLBA/
2025/6/10,https://raw.githubusercontent.com/wangqi0821/uni-calendar-china/main/media/2025-06-10_12-52-46.jpg,Uni shrine?  #catsofinstagram #sillycat #cute #tuxedocat,https://www.instagram.com/p/DKuJDDUz9O2/
2025/6/11,https://raw.githubusercontent.com/wangqi0821/uni-calendar-china/main/media/2025-06-11_13-46-23.mp4,The joy of working while watching Uni sleep… He’s too cute…I can’t focus!  寝てるうにを見ながら作業できる幸せ… でも可愛すぎて集中できない！  #catsofinstagram #sillycat #cutecat tuxedocat,https://www.instagram.com/p/DKwz6ICzZ7-/
2025/6/12,"https://raw.githubusercontent.com/wangqi0821/uni-calendar-china/main/media/2025-06-12_13-09-42_1.jpg
https://raw.githubusercontent.com/wangqi0821/uni-calendar-china/main/media/2025-06-12_13-09-42_2.jpg
https://raw.githubusercontent.com/wangqi0821/uni-calendar-china/main/media/2025-06-12_13-09-42_3.jpg
https://raw.githubusercontent.com/wangqi0821/uni-calendar-china/main/media/2025-06-12_13-09-42_4.jpg
https://raw.githubusercontent.com/wangqi0821/uni-calendar-china/main/media/2025-06-12_13-09-42_5.jpg","It’s a bit late, but June 10 was the day Uni joined our family (not his birthday） Thank you for becoming part of our lives, Uni!  遅れましたが、6月10日はうにのお迎え記念日でした。 家族になってくれてありがとう、うに！  #catsofinstagram #sillycat #cutecats",https://www.instagram.com/p/DKzUk7sTXRd/
2025/6/13,https://raw.githubusercontent.com/wangqi0821/uni-calendar-china/main/media/2025-06-13_13-03-52.mp4,Why that face…  #funnycat #tuxedocat #catsofinstagram #sillycat,https://www.instagram.com/p/DK14coxz_96/
2025/6/14,"https://raw.githubusercontent.com/wangqi0821/uni-calendar-china/main/media/2025-06-14_13-07-30_1.jpg
https://raw.githubusercontent.com/wangqi0821/uni-calendar-china/main/media/2025-06-14_13-07-30_2.jpg","＼お知らせ??／ ? うにのグッズがしまむら様オンラインストアで発売されます！ ? 今回は、アイテムによって受注販売と予約販売があります? ? ? ??予約販売?? 発売日: 6/16(月)17:00~ ※予約上限に達し次第販売終了 ? ??受注販売?? 発売期間6/16(月)17:00～6/29(日)23:00 ※受け付け期間中に予約して下さった方に必ずお届け ? 発売先: しまむら様オンラインストア 　　　　（店頭での販売はありません） ? ? 今回のグッズもとっても可愛い！ 特に可愛いアクセサリーが初登場?? 写真で見るのも可愛い???けど、実物を見ると可愛すぎてびっくりします！　  詳しくは画像を見てみてくださいね?  同日発売で猫専門イラストレーターCoony（ @coony_illust ）さんのアイテムもあるのでチェックしてみてくださいね??  For overseas orders, use the international site “World Shopping”! Uni merch goes on sale Mon, June 16 at 5:00 PM (JST). There’s lots of cute stuff—especially the accessories! Highly recommended?? For more details, please check the image!  #PR #しまむら #しまパト",https://www.instagram.com/p/DK3EOcwzOeJ/
2025/6/14,,No thoughts. Just cheeks.  #catsofinstagram #funnycat #sillycat #tuxedocat,https://www.instagram.com/p/DK4d6kZTOY8/
2025/6/15,https://raw.githubusercontent.com/wangqi0821/uni-calendar-china/main/media/2025-06-15_12-58-37.mp4,Spending my day off the best way — with Uni  最高の休日の過ごし方、うにと一緒  #catsofinstagram #sillycat #cute #tuxedocat,https://www.instagram.com/p/DK7Bn5BzBvZ/
2025/6/16,"https://raw.githubusercontent.com/wangqi0821/uni-calendar-china/main/media/2025-06-16_08-36-12_1.jpg
https://raw.githubusercontent.com/wangqi0821/uni-calendar-china/main/media/2025-06-16_08-36-12_10.jpg
https://raw.githubusercontent.com/wangqi0821/uni-calendar-china/main/media/2025-06-16_08-36-12_11.jpg
https://raw.githubusercontent.com/wangqi0821/uni-calendar-china/main/media/2025-06-16_08-36-12_12.jpg
https://raw.githubusercontent.com/wangqi0821/uni-calendar-china/main/media/2025-06-16_08-36-12_13.jpg
https://raw.githubusercontent.com/wangqi0821/uni-calendar-china/main/media/2025-06-16_08-36-12_14.jpg
https://raw.githubusercontent.com/wangqi0821/uni-calendar-china/main/media/2025-06-16_08-36-12_15.jpg
https://raw.githubusercontent.com/wangqi0821/uni-calendar-china/main/media/2025-06-16_08-36-12_16.jpg
https://raw.githubusercontent.com/wangqi0821/uni-calendar-china/main/media/2025-06-16_08-36-12_17.jpg
https://raw.githubusercontent.com/wangqi0821/uni-calendar-china/main/media/2025-06-16_08-36-12_18.jpg
https://raw.githubusercontent.com/wangqi0821/uni-calendar-china/main/media/2025-06-16_08-36-12_19.jpg
https://raw.githubusercontent.com/wangqi0821/uni-calendar-china/main/media/2025-06-16_08-36-12_2.jpg
https://raw.githubusercontent.com/wangqi0821/uni-calendar-china/main/media/2025-06-16_08-36-12_20.jpg
https://raw.githubusercontent.com/wangqi0821/uni-calendar-china/main/media/2025-06-16_08-36-12_3.jpg
https://raw.githubusercontent.com/wangqi0821/uni-calendar-china/main/media/2025-06-16_08-36-12_4.jpg
https://raw.githubusercontent.com/wangqi0821/uni-calendar-china/main/media/2025-06-16_08-36-12_5.jpg
https://raw.githubusercontent.com/wangqi0821/uni-calendar-china/main/media/2025-06-16_08-36-12_6.jpg
https://raw.githubusercontent.com/wangqi0821/uni-calendar-china/main/media/2025-06-16_08-36-12_7.jpg
https://raw.githubusercontent.com/wangqi0821/uni-calendar-china/main/media/2025-06-16_08-36-12_8.jpg
https://raw.githubusercontent.com/wangqi0821/uni-calendar-china/main/media/2025-06-16_08-36-12_9.jpg","うにグッズがしまむら様オンラインにて販売開始されました??  商品によって販売期間が異なりますのでサイトをチェックしてくださいね?? また、受注販売と予約販売がありますが、予約販売は売り切れ次第終了なのでお見逃しなく?！  リンクはストーリーとハイライトにあります????  Uni merch is now available! Some items have different sales periods, so be sure to check the site for details. There are both made-to-order and pre-order items. pre-orders will close once sold out, so don’t miss out!  Check the story and highlights for the link!  【How to order】  1. When viewing from overseas, scroll down to see “WorldShopping”. 2. Click [Add to Cart] to add it to your cart.  #PR #しまむら #しまパト",https://www.instagram.com/p/DK9IdK0TWD8/
2025/6/17,https://raw.githubusercontent.com/wangqi0821/uni-calendar-china/main/media/2025-06-17_13-12-39.jpg,"Sometimes Uni makes a face, and I have no idea what he's thinking :3  時々何を考えてるか分からない顔をする  #catsofinstagram #sillycat #funnycat",https://www.instagram.com/p/DLAM419TDjW/
2025/6/17,,Would you like to make a deal?  取引しませんか？  #catsofinstagram #sillycat #cutecat #tuxedocat,https://www.instagram.com/p/DK-fgzIzADh/
2025/6/18,https://raw.githubusercontent.com/wangqi0821/uni-calendar-china/main/media/2025-06-18_13-08-49.jpg,"At times, he transforms into Jabba the Hutt  うには時々ジャバザハットになる  #catsofinstagram #funnycat #sillycat #cutecat",https://www.instagram.com/p/DLCxPoUT44l/
2025/6/19,https://raw.githubusercontent.com/wangqi0821/uni-calendar-china/main/media/2025-06-19_13-17-24.mp4,He pretends to punch. But never hurts  パンチするフリ。絶対爪出さないうに  #catsofinstagram #sillycat #cutecat #tuxedocat,https://www.instagram.com/p/DLFW7RzTrF3/
2025/6/20,"https://raw.githubusercontent.com/wangqi0821/uni-calendar-china/main/media/2025-06-20_13-00-07_1.jpg
https://raw.githubusercontent.com/wangqi0821/uni-calendar-china/main/media/2025-06-20_13-00-07_2.jpg
https://raw.githubusercontent.com/wangqi0821/uni-calendar-china/main/media/2025-06-20_13-00-07_3.jpg
https://raw.githubusercontent.com/wangqi0821/uni-calendar-china/main/media/2025-06-20_13-00-07_4.jpg",Everyone loves Uni  みんなうにのことが大好き  #catsofinstagram #sillycat #cutecats,https://www.instagram.com/p/DLH51rQzDC3/
2025/6/21,https://raw.githubusercontent.com/wangqi0821/uni-calendar-china/main/media/2025-06-21_13-09-01.mp4,That’s our Chicken Boy!  #catsofinstagram #sillycat #cutecat #funnycat,https://www.instagram.com/p/DLKflE8Tv0p/
2025/6/22,https://raw.githubusercontent.com/wangqi0821/uni-calendar-china/main/media/2025-06-22_13-00-00.jpg,Mouse? Cat? Alien?  #catsofinstagram #sillycat #cutecat #funnycat,https://www.instagram.com/p/DLNDanuzeQS/
2025/6/23,https://raw.githubusercontent.com/wangqi0821/uni-calendar-china/main/media/2025-06-23_13-07-39.jpg,One mention of chicken and he goes like this!  チキンと言っただけでこの顔！  #catsofinstagram #sillycat #cutecat #tuxedocat,https://www.instagram.com/p/DLPpFb1zCVa/
2025/6/24,https://raw.githubusercontent.com/wangqi0821/uni-calendar-china/main/media/2025-06-24_13-02-41.mp4,Saw Uni from below. Wait… what's that face??  下からうにを見てみた。その顔は一体…？  #catsofinstagram #sillycat #funnycat,https://www.instagram.com/p/DLQfmucz2H-/
2025/6/24,,The moment Uni looked at me… so cool!!　　  こっち向いた瞬間…かっこいい！  #catsofinstagram #sillycat #cutecat,https://www.instagram.com/p/DLSNP0bTalT/
2025/6/25,https://raw.githubusercontent.com/wangqi0821/uni-calendar-china/main/media/2025-06-25_13-57-16.mp4,Uni’s daily life :3  うにの日常  #catsofinstagram #sillycat #tuxedocat,https://www.instagram.com/p/DLU4QmkzNBY/
2025/6/26,https://raw.githubusercontent.com/wangqi0821/uni-calendar-china/main/media/2025-06-26_12-54-21.mp4,He saw the box. He became the box :3  #catsofinstagram #sillycat #cutecat,https://www.instagram.com/p/DLXVXQVzV0g/
2025/6/27,https://raw.githubusercontent.com/wangqi0821/uni-calendar-china/main/media/2025-06-27_13-09-09.jpg,"Sometimes, Uni becomes a rectangle :3  時々うには長方形になる  #catsofinstagram #sillycat #funnycat #cutecat",https://www.instagram.com/p/DLZ8b-fTPvo/
2025/6/28,https://raw.githubusercontent.com/wangqi0821/uni-calendar-china/main/media/2025-06-28_13-00-25.mp4,Is this an owl?  これはフクロウ？  #catsofinstagram #sillycat #funnycat #cutecat,https://www.instagram.com/p/DLcgKKLTfBp/
2025/6/29,https://raw.githubusercontent.com/wangqi0821/uni-calendar-china/main/media/2025-06-29_13-03-47.mp4,Here comes Uni  #catsofinstagram #sillycat #cutecat,https://www.instagram.com/p/DLfFWXpTOh_/
2025/6/30,"https://raw.githubusercontent.com/wangqi0821/uni-calendar-china/main/media/2025-06-30_13-03-31_1.jpg
https://raw.githubusercontent.com/wangqi0821/uni-calendar-china/main/media/2025-06-30_13-03-31_2.jpg",Got a new collar! Do you think yellow suits me?  新しい首輪だよ。黄色が似合う？  #catsofinstagram #sillycat #cutecat #tuxedo_cat,https://www.instagram.com/p/DLhqLSaTqeJ/
2025/7/1,https://raw.githubusercontent.com/wangqi0821/uni-calendar-china/main/media/2025-07-01_13-07-10.jpg,"Uni may be smaller, but his head is bigger :3  体は小さいかもしれないけど、顔はうにの方が大きい  #catsofinstagram #sillycat #cutecat",https://www.instagram.com/p/DLkPY4zTRL4/
2025/7/2,"https://raw.githubusercontent.com/wangqi0821/uni-calendar-china/main/media/2025-07-02_03-07-13_1.jpg
https://raw.githubusercontent.com/wangqi0821/uni-calendar-china/main/media/2025-07-02_03-07-13_2.jpg
https://raw.githubusercontent.com/wangqi0821/uni-calendar-china/main/media/2025-07-02_03-07-13_3.jpg
https://raw.githubusercontent.com/wangqi0821/uni-calendar-china/main/media/2025-07-02_03-07-13_4.jpg",このたびうにが、ホームセンター?コーナンの“猫社員”に就任しました??  コーニャン商事の名刺くじに、うにも登場中??  店頭で名刺をもらってQRを読み込むと、豪華景品が当たるチャンス！  ぜひうにの名刺、ゲットしてくださいね????  詳細のリンクはストーリーにありますよ??  #PR #コーナン #コーニャン商事,https://www.instagram.com/p/DLlvhtXzlB0/
2025/7/2,https://raw.githubusercontent.com/wangqi0821/uni-calendar-china/main/media/2025-07-02_13-08-49.mp4,What's in his squirrel cheeks?  ほっぺたには何が入ってるの？  #catsofinstagram #sillycat #cutecat,https://www.instagram.com/p/DLmz7vwz3z6/
2025/7/3,https://raw.githubusercontent.com/wangqi0821/uni-calendar-china/main/media/2025-07-03_13-14-37.mp4,Even the strongest needs cuddle time too :3  最強でも甘える時間は必要です  #catsofinstagram #sillycat #cutecat,https://www.instagram.com/p/DLpZuCyTZbn/
2025/7/4,https://raw.githubusercontent.com/wangqi0821/uni-calendar-china/main/media/2025-07-04_13-16-25.mp4,Uni won't let me iron :3  うにはアイロンをかけさせてくれない  #catsofinstagram #sillycat #cutecat #funnycat,https://www.instagram.com/p/DLr-vIVz-nr/
2025/7/5,"https://raw.githubusercontent.com/wangqi0821/uni-calendar-china/main/media/2025-07-05_13-07-29_1.jpg
https://raw.githubusercontent.com/wangqi0821/uni-calendar-china/main/media/2025-07-05_13-07-29_2.jpg","He just ate, but he’s giving me the “you forgot to feed me” face  食べたばかりなのに食べてないような顔をする  #catsofinstagram #sillycat #cutecat #funnycat",https://www.instagram.com/p/DLuimvdTckK/
2025/7/6,https://raw.githubusercontent.com/wangqi0821/uni-calendar-china/main/media/2025-07-06_13-01-03.mp4,A rare clip: Kitten Uni’s tiny meows  子猫うにの鳴き声  #catsofinstagram #sillycat #cutecat,https://www.instagram.com/p/DLxGieXTGvf/
2025/7/7,"https://raw.githubusercontent.com/wangqi0821/uni-calendar-china/main/media/2025-07-07_13-03-29_1.jpg
https://raw.githubusercontent.com/wangqi0821/uni-calendar-china/main/media/2025-07-07_13-03-29_2.jpg",Uni is ready for summer. The coolest! :3  うには夏の準備バッチリ！かっこいい！  #catsofinstagram #sillycat #cutecat,https://www.instagram.com/p/DLzrvNMzFa1/
2025/7/8,https://raw.githubusercontent.com/wangqi0821/uni-calendar-china/main/media/2025-07-08_13-12-22.jpg,No one can defeat me! :3  誰もぼくを倒せない！  #catsofinstagram #sillycat #cutecat,https://www.instagram.com/p/DL2RjIazEjg/
2025/7/9,https://raw.githubusercontent.com/wangqi0821/uni-calendar-china/main/media/2025-07-09_13-02-52.jpg,One of them is definitely a cat. The other… I'm not sure  1匹は明らかに猫だけど…もう1匹はよく分からない  #catsofinstagram #sillycat #cutecat #funnycat,https://www.instagram.com/p/DL41Qf4T-Lw/
2025/7/10,https://raw.githubusercontent.com/wangqi0821/uni-calendar-china/main/media/2025-07-10_13-04-58.mp4,He is literally me…  #catsofinstagram #sillycat #cutecat #funnycat,https://www.instagram.com/p/DL7aJAsTlrk/
2025/7/11,https://raw.githubusercontent.com/wangqi0821/uni-calendar-china/main/media/2025-07-11_13-10-08.jpg,I would like… something :3  何かちょーだい  #catsofinstagram #sillycat #cutecat,https://www.instagram.com/p/DL9_rZPzw8P/
2025/7/12,https://raw.githubusercontent.com/wangqi0821/uni-calendar-china/main/media/2025-07-12_12-58-12.mp4,This is Uni’s throne :3  これはうにの王座です  #catsofinstagram #sillycat #cutecat,https://www.instagram.com/p/DMAjAKGTKvM/
2025/7/13,https://raw.githubusercontent.com/wangqi0821/uni-calendar-china/main/media/2025-07-13_13-10-41.mp4,How dare you…  #catsofinstagram #sillycat #funnycat #cutecat,https://www.instagram.com/p/DMDJQQSTw05/
2025/7/14,https://raw.githubusercontent.com/wangqi0821/uni-calendar-china/main/media/2025-07-14_13-11-42.jpg,Uni is watching…  #catsofinstagram #sillycat #cutecat #funnycat,https://www.instagram.com/p/DMFuPeKTt9v/
2025/7/15,"https://raw.githubusercontent.com/wangqi0821/uni-calendar-china/main/media/2025-07-15_13-08-41_1.jpg
https://raw.githubusercontent.com/wangqi0821/uni-calendar-china/main/media/2025-07-15_13-08-41_2.jpg",1st pic: 1 year old 2nd pic: Now（5 years old）  Still just as cute  1枚め: 1歳の時 2枚め: 今（5歳）  変わらず可愛い  #catsofinstagram #sillycat #cutecat,https://www.instagram.com/p/DMISsUsTNkK/
2025/7/16,https://raw.githubusercontent.com/wangqi0821/uni-calendar-china/main/media/2025-07-16_13-11-23.mp4,Can you handle this pressure…?  この圧に耐えられる…？  #catsofinstagram #sillycat #cutecat #tuxedocat,https://www.instagram.com/p/DMK3XutTEim/
2025/7/17,https://raw.githubusercontent.com/wangqi0821/uni-calendar-china/main/media/2025-07-17_13-09-05.mp4,"Uni's sad meow…  The vet checked the tooth they were keeping an eye on, and it looks better now! I’m so relieved.  様子見だった歯は、診てもらったところ良くなってました！ひとまず安心です  #catsofinstagram #sillycat #cutecat",https://www.instagram.com/p/DMNcSShToGo/
2025/7/18,https://raw.githubusercontent.com/wangqi0821/uni-calendar-china/main/media/2025-07-18_13-08-20.jpg,Uni is employed! :3  うには就職した！  #catsofinstagram #sillycat #cutecat #funnycat,https://www.instagram.com/p/DMQBCUJzsN7/
2025/7/19,https://raw.githubusercontent.com/wangqi0821/uni-calendar-china/main/media/2025-07-19_12-55-31.mp4,He already closed his first deal! :3  もう最初の契約を成立させた！  #catsofinstagram #sillycat #funnycat #cutecat,https://www.instagram.com/p/DMQ5LBDznvf/
2025/7/19,"https://raw.githubusercontent.com/wangqi0821/uni-calendar-china/main/media/2025-07-19_21-09-26_1.jpg
https://raw.githubusercontent.com/wangqi0821/uni-calendar-china/main/media/2025-07-19_21-09-26_2.jpg",balance is important :3  #catsofinstagram #sillycat #cutecat #funnycat,https://www.instagram.com/p/DMSkSEuz-V4/
2025/7/20,https://raw.githubusercontent.com/wangqi0821/uni-calendar-china/main/media/2025-07-20_13-07-55.mp4,He's just using his little paw as a pillow… it's the cutest thing ever…  おててを枕にしてる…可愛すぎる  #catsofinstagram #sillycat #cutecat,https://www.instagram.com/p/DMTc43hzrUG/
2025/7/20,https://raw.githubusercontent.com/wangqi0821/uni-calendar-china/main/media/2025-07-20_22-44-56.mp4,Big mistake…  #catsofinstagram #sillycat #cutecat #funnycat,https://www.instagram.com/p/DMVKZf3zu-Y/
2025/7/21,https://raw.githubusercontent.com/wangqi0821/uni-calendar-china/main/media/2025-07-21_13-13-32.jpg,Uni offers his paw. Whether it's for a handshake or a punch is unclear :3  そっと差し出されたおてて。それが握手なのか、それともパンチなのかは…わかりません   #catsofinstagram #sillycat #cutecat #funnycat,https://www.instagram.com/p/DMXwBBnTSrD/
2025/7/21,,"Hello! I just released my Summer Collection. Please check it out, it is very awesome!  #cat #cute #meme #awesome",https://www.instagram.com/p/DMWMbTZzusw/
2025/7/22,https://raw.githubusercontent.com/wangqi0821/uni-calendar-china/main/media/2025-07-22_13-23-19.jpg,Why am I this strong…?  ぼくは何でこんなに強いの？  #catsofinstagram #sillycat #cutecat,https://www.instagram.com/p/DMaV7jRTBLe/
2025/7/23,"https://raw.githubusercontent.com/wangqi0821/uni-calendar-china/main/media/2025-07-23_13-38-56_1.jpg
https://raw.githubusercontent.com/wangqi0821/uni-calendar-china/main/media/2025-07-23_13-38-56_2.jpg",Uni wants to be a BIG SHOT  #deltarune #undertale #spamton #tobyfox,https://www.instagram.com/p/DMc8g2OTvXO/
2025/7/24,https://raw.githubusercontent.com/wangqi0821/uni-calendar-china/main/media/2025-07-24_13-53-12.mp4,Suddenly entered charging mode…  遊んでたのに突然充電モード  #catsofinstagram #sillycat #cutecat #funnycat,https://www.instagram.com/p/DMfirapzx6c/
2025/7/25,https://raw.githubusercontent.com/wangqi0821/uni-calendar-china/main/media/2025-07-25_12-58-23.mp4,He just can’t wait for his treat! :3  おやつが待ちきれない！  #catsofinstagram #sillycat #cutecat #funnycat,https://www.instagram.com/p/DMiBMFazefJ/
2025/7/26,https://raw.githubusercontent.com/wangqi0821/uni-calendar-china/main/media/2025-07-26_12-21-16.jpg,Happy Undertale anniversary. Please enjoy Ralsei Uni  #deltarune #undertale #ralsei #tobyfox,https://www.instagram.com/p/DMkiArMzrI4/
2025/7/27,https://raw.githubusercontent.com/wangqi0821/uni-calendar-china/main/media/2025-07-27_15-01-04.mp4,Meows your chance to be a BIG CAT #deltarune #undertale #spamton #cat #tobyfox,https://www.instagram.com/p/DMnZDLwsMOu/
2025/7/28,https://raw.githubusercontent.com/wangqi0821/uni-calendar-china/main/media/2025-07-28_11-53-51.mp4,The fluffy prince has blessed you  #deltarune #undertale #ralsei #cat #tobyfox,https://www.instagram.com/p/DMpoZBgsYb5/
2025/7/29,https://raw.githubusercontent.com/wangqi0821/uni-calendar-china/main/media/2025-07-29_12-01-26.mp4,How fast Uni can dance!  #deltarune #undertale #cat #tobyfox,https://www.instagram.com/p/DMsN-3UMYYO/
2025/7/30,"https://raw.githubusercontent.com/wangqi0821/uni-calendar-china/main/media/2025-07-30_10-59-29_1.jpg
https://raw.githubusercontent.com/wangqi0821/uni-calendar-china/main/media/2025-07-30_10-59-29_2.jpg
https://raw.githubusercontent.com/wangqi0821/uni-calendar-china/main/media/2025-07-30_10-59-29_3.jpg
https://raw.githubusercontent.com/wangqi0821/uni-calendar-china/main/media/2025-07-30_10-59-29_4.jpg",Uni fights the mighty ribbon   #cutecat #kitten #uni #sillycat,https://www.instagram.com/p/DMur1MCM3WJ/
2025/7/31,https://raw.githubusercontent.com/wangqi0821/uni-calendar-china/main/media/2025-07-31_14-10-52.jpg,The roaring Uni stands in your way.  #cat #cats_of_instagram #uni #deltarune #undertale,https://www.instagram.com/p/DMxmhttsg5l/
2025/8/2,"https://raw.githubusercontent.com/wangqi0821/uni-calendar-china/main/media/2025-08-02_15-19-23_1.jpg
https://raw.githubusercontent.com/wangqi0821/uni-calendar-china/main/media/2025-08-02_15-19-23_2.jpg",How I make my costumes :3  #deltarune #undertale #cats_of_instagram #tutorial #kitten,https://www.instagram.com/p/DM0Yc51Ma27/
2025/8/2,,"Sometimes, Uni is very shy   #sillycat #memecat #kitten #japancat",https://www.instagram.com/p/DM239WiMjgz/
2025/8/4,"https://raw.githubusercontent.com/wangqi0821/uni-calendar-china/main/media/2025-08-04_12-34-30_1.jpg
https://raw.githubusercontent.com/wangqi0821/uni-calendar-china/main/media/2025-08-04_12-34-30_2.jpg",Uni Gear Solid: Chickeneater   #metalgearsolid #hideokojima #solidsnake #cat #bigboss,https://www.instagram.com/p/DM7urblsjR_/
2025/8/4,,Uni has a good time  #funnycat #undertale #deltarune #tobyfox #cats_of_instagram,https://www.instagram.com/p/DM51beHslC8/
2025/8/5,https://raw.githubusercontent.com/wangqi0821/uni-calendar-china/main/media/2025-08-05_14-01-18.mp4,He is purring so cutely   #cats_of_instagram #funnycat #cutecat #asmr #purring,https://www.instagram.com/p/DM-dUSQNc80/
2025/8/6,https://raw.githubusercontent.com/wangqi0821/uni-calendar-china/main/media/2025-08-06_13-48-49.mp4,Why is he this cute?  何でこんなに可愛いの？  #catsofinstagram #sillycat #cutecat,https://www.instagram.com/p/DNBAtqGzWSh/
2025/8/7,https://raw.githubusercontent.com/wangqi0821/uni-calendar-china/main/media/2025-08-07_15-00-03.mp4,Interactive Uni Experience ??   #cats_of_instagram #cat #tuxedocat #sleepycat #kitten,https://www.instagram.com/p/DNDtnBMsX8X/
2025/8/8,"https://raw.githubusercontent.com/wangqi0821/uni-calendar-china/main/media/2025-08-08_08-09-38_1.jpg
https://raw.githubusercontent.com/wangqi0821/uni-calendar-china/main/media/2025-08-08_08-09-38_2.jpg
https://raw.githubusercontent.com/wangqi0821/uni-calendar-china/main/media/2025-08-08_08-09-38_3.jpg
https://raw.githubusercontent.com/wangqi0821/uni-calendar-china/main/media/2025-08-08_08-09-38_4.jpg","今日は世界猫の日８月８日！ しまむら様オンラインストアにて、うにのボクサーブリーフが発売しました?? ???予約販売???発売日: 8/8(金)17:00~?※予約上限に達し次第販売終了 ? うににとって初めてのメンズアイテム?? 女子が穿いても良さそう！！ 可愛いけど可愛すぎない、絶妙なバランスです??  ぜひチェックしてね?  リンクはストーリー、ハイライトに置いときますね  Uni’s boxer briefs are here! ????  Pre-order starts: Aug 8 (Fri) 17:00 JST Ends when sold out  【How to order】  1. When viewing from overseas, scroll down to see “WorldShopping”. 2. Click [Add to Cart] to add it to your cart.  I’ll post the link in my stories and highlights!  #PR #しまむら #しまパト",https://www.instagram.com/p/DNFji9QTTcn/
2025/8/9,https://raw.githubusercontent.com/wangqi0821/uni-calendar-china/main/media/2025-08-09_13-25-32.mp4,I'm alone…  ひとりぼっち…  #catsofinstagram #sillycat #funnycat #tuxedocat,https://www.instagram.com/p/DNIsYJszQ6i/
2025/8/9,,Happy cat day! I hope you like my cool stuff :3 #cat #catday #clothing #funnycat #fitcheck,https://www.instagram.com/p/DNGv3kJMEUU/
2025/8/10,https://raw.githubusercontent.com/wangqi0821/uni-calendar-china/main/media/2025-08-10_15-07-51.mp4,This happens sometimes it's okay   #catmeme #cats_of_instagram #silly #kitten #uni,https://www.instagram.com/p/DNLc84tsW9e/
2025/8/11,"https://raw.githubusercontent.com/wangqi0821/uni-calendar-china/main/media/2025-08-11_13-11-58_1.jpg
https://raw.githubusercontent.com/wangqi0821/uni-calendar-china/main/media/2025-08-11_13-11-58_2.jpg
https://raw.githubusercontent.com/wangqi0821/uni-calendar-china/main/media/2025-08-11_13-11-58_3.jpg",Still best friends with Mini Uni  ミニうにとはずっと仲良し  #catsofinstagram #sillycat #cutecat,https://www.instagram.com/p/DNN0iCHTRAt/
2025/8/13,"https://raw.githubusercontent.com/wangqi0821/uni-calendar-china/main/media/2025-08-13_13-07-00_1.jpg
https://raw.githubusercontent.com/wangqi0821/uni-calendar-china/main/media/2025-08-13_13-07-00_2.jpg","I still can't believe such a cute little creature lives in my house…  Uni "" Snacks. Now :3 ""  こんな可愛い生き物が自分の家にいるなんて信じられない… うに「おやつ。早く」  #catsofinstagram #cutecats #sillycat #tuxedocat",https://www.instagram.com/p/DNRPk5iz-pW/
2025/8/13,https://raw.githubusercontent.com/wangqi0821/uni-calendar-china/main/media/2025-08-13_16-03-53.mp4,Meet Uni’s new coworker! :3  うにの新しい同僚を紹介します  #catsofinstagram #sillycat #cutecat #funnycat,https://www.instagram.com/p/DNS9jW-TRR8/
2025/8/14,"https://raw.githubusercontent.com/wangqi0821/uni-calendar-china/main/media/2025-08-14_13-46-13_1.jpg
https://raw.githubusercontent.com/wangqi0821/uni-calendar-china/main/media/2025-08-14_13-46-13_2.jpg
https://raw.githubusercontent.com/wangqi0821/uni-calendar-china/main/media/2025-08-14_13-46-13_3.jpg
https://raw.githubusercontent.com/wangqi0821/uni-calendar-china/main/media/2025-08-14_13-46-13_4.jpg
https://raw.githubusercontent.com/wangqi0821/uni-calendar-china/main/media/2025-08-14_13-46-13_5.jpg",Behold… the strongest punch!  見よ！これが最強パンチ！  #catsofinstagram #sillycat #funnycat #tuxedocat,https://www.instagram.com/p/DNVm1d_TgqS/
2025/8/14,,Uni and his cute little paws ??  #memecat #catsofinstagram #sillycats #cat #spongebob,https://www.instagram.com/p/DNTRhWmsX8E/
2025/8/15,https://raw.githubusercontent.com/wangqi0821/uni-calendar-china/main/media/2025-08-15_13-52-20.mp4,I'm the strongest! Ready?  ぼくは最強！  #catsofinstagram #funnycat #sillycat #tuxedocat,https://www.instagram.com/p/DNYMB5TzsXM/
2025/8/16,https://raw.githubusercontent.com/wangqi0821/uni-calendar-china/main/media/2025-08-16_14-38-54.mp4,How strong are you?  #deltarune #memecat #cat #funnycat #challenge,https://www.instagram.com/p/DNa2VtFsUf-/
2025/8/18,"https://raw.githubusercontent.com/wangqi0821/uni-calendar-china/main/media/2025-08-18_13-26-49_1.jpg
https://raw.githubusercontent.com/wangqi0821/uni-calendar-china/main/media/2025-08-18_13-26-49_2.jpg","One more, please…  もう一杯…  #catsofinstagram #funnycat #tuxedocat",https://www.instagram.com/p/DNf3y6YzsBK/
2025/8/19,https://raw.githubusercontent.com/wangqi0821/uni-calendar-china/main/media/2025-08-19_13-11-31.jpg,I'm the strongest!  ぼくは最強！  #catsofinstagram #sillycat #cutecat #tuxedocat,https://www.instagram.com/p/DNia1rXzguo/
2025/8/20,https://raw.githubusercontent.com/wangqi0821/uni-calendar-china/main/media/2025-08-20_14-03-29.mp4,"Still, I’m sure Uni loves me ??  #catsofinstagram #sillycat #tuxedocat",https://www.instagram.com/p/DNlFWq9T1Kl/
2025/8/21,https://raw.githubusercontent.com/wangqi0821/uni-calendar-china/main/media/2025-08-21_13-29-56.mp4,Ballerina Uni  バレリーナうに  #catsofinstagram #sillycat #cutecat,https://www.instagram.com/p/DNl5BOWTqpo/
2025/8/21,,Power level: 9999!!!  #catsofinstagram #funnycat #cutecat,https://www.instagram.com/p/DNnmWB0TNnc/
2025/8/22,"https://raw.githubusercontent.com/wangqi0821/uni-calendar-china/main/media/2025-08-22_13-18-07_1.jpg
https://raw.githubusercontent.com/wangqi0821/uni-calendar-china/main/media/2025-08-22_13-18-07_2.jpg
https://raw.githubusercontent.com/wangqi0821/uni-calendar-china/main/media/2025-08-22_13-18-07_3.jpg
https://raw.githubusercontent.com/wangqi0821/uni-calendar-china/main/media/2025-08-22_13-18-07_4.jpg",Got sleepy halfway through playing…  遊んでる途中で眠くなっちゃった…  #catsofinstagram #sillycat #tuxedocat #uni,https://www.instagram.com/p/DNqJ-rsv2um/
2025/8/23,https://raw.githubusercontent.com/wangqi0821/uni-calendar-china/main/media/2025-08-23_14-01-54.mp4,He’s too cute to be a real cat  可愛すぎて実在する猫じゃないみたい  #catstagram #sillycat #cutecat #tuxedocat,https://www.instagram.com/p/DNszqcmXogT/
2025/8/24,https://raw.githubusercontent.com/wangqi0821/uni-calendar-china/main/media/2025-08-24_13-22-42.jpg,Uni sometimes turns into a square :3  うには時々四角になる  #catsofinstagram #sillycat #funnycat #tuxedocat,https://www.instagram.com/p/DNvUF7S3puG/
2025/8/25,https://raw.githubusercontent.com/wangqi0821/uni-calendar-china/main/media/2025-08-25_13-48-37.mp4,Uni's cutest meow! :3  うにの可愛い鳴き声  #catsofinstagram #tuxedocat #sillycat #uni,https://www.instagram.com/p/DNx7vmI3oqV/
2025/8/26,"https://raw.githubusercontent.com/wangqi0821/uni-calendar-china/main/media/2025-08-26_13-17-30_1.jpg
https://raw.githubusercontent.com/wangqi0821/uni-calendar-china/main/media/2025-08-26_13-17-30_2.jpg
https://raw.githubusercontent.com/wangqi0821/uni-calendar-china/main/media/2025-08-26_13-17-30_3.jpg",Uni is being very patient…  うには耐えている…  #catsofinstagram #sillycat #funnycat #uni,https://www.instagram.com/p/DN0dFlv5s0O/
2025/8/27,"https://raw.githubusercontent.com/wangqi0821/uni-calendar-china/main/media/2025-08-27_13-17-52_1.jpg
https://raw.githubusercontent.com/wangqi0821/uni-calendar-china/main/media/2025-08-27_13-17-52_2.jpg",What did Uni just witness?  うには何を見たのか！？  #catsofinstagram #funnycat #cutecat #uni,https://www.instagram.com/p/DN3B7I8XiKm/
2025/8/28,https://raw.githubusercontent.com/wangqi0821/uni-calendar-china/main/media/2025-08-28_13-41-26.mp4,What’s going on inside his head…  #catsofinstagram #funnycat #sillycat #uni,https://www.instagram.com/p/DN5pEn9jyUx/
2025/8/29,https://raw.githubusercontent.com/wangqi0821/uni-calendar-china/main/media/2025-08-29_14-16-11.mp4,Peaceful days with Uni :3  うにとの穏やかな日常  #catsofinstagram #tuxedocat #uni,https://www.instagram.com/p/DN8SJBPj5WN/
2025/8/30,https://raw.githubusercontent.com/wangqi0821/uni-calendar-china/main/media/2025-08-30_13-28-48.mp4,Too relaxed from belly rubs… Blep Uni  お腹なでなでが気持ち良すぎて…舌ぺろっ  #catsofinstagram #sillycat #tuxedocat #uni,https://www.instagram.com/p/DN-xfWLj3n9/
2025/8/31,"https://raw.githubusercontent.com/wangqi0821/uni-calendar-china/main/media/2025-08-31_13-07-28_1.jpg
https://raw.githubusercontent.com/wangqi0821/uni-calendar-china/main/media/2025-08-31_13-07-28_2.jpg",Taken in the same spot… is this really the same cat?  同じ場所で撮影したものだけど…本当に同じ猫？  #catsofinstagram #sillycat #uni,https://www.instagram.com/p/DOBT6dWD99v/
2025/9/2,https://raw.githubusercontent.com/wangqi0821/uni-calendar-china/main/media/2025-09-02_13-21-12.jpg,My favorite Uni photo series  私の大好きな写真シリーズ  #catsofinstagram #sillycat #uni,https://www.instagram.com/p/DOEr_i6k2yx/
2025/9/2,,"Uni, the strongest chicken negotiator :3  #catsofinstagram #tuxedocat #uni",https://www.instagram.com/p/DOGfE4MD6Ei/
2025/9/2,,Always together  #catsofinstagram #sillycat #uni,https://www.instagram.com/p/DOEMh0cDw2c/
2025/9/3,https://raw.githubusercontent.com/wangqi0821/uni-calendar-china/main/media/2025-09-03_13-11-57.mp4,Such a sad little meow…   悲しそうな鳴き声…  #catsofinstagram #cutecat #uni #meow,https://www.instagram.com/p/DOJCsIEj1xH/
2025/9/4,https://raw.githubusercontent.com/wangqi0821/uni-calendar-china/main/media/2025-09-04_13-51-41.mp4,Forever my baby   #catsofinstagram #cutecat #uni,https://www.instagram.com/p/DOLsE_IE3L4/
2025/9/5,"https://raw.githubusercontent.com/wangqi0821/uni-calendar-china/main/media/2025-09-05_13-21-58_1.jpg
https://raw.githubusercontent.com/wangqi0821/uni-calendar-china/main/media/2025-09-05_13-21-58_2.jpg
https://raw.githubusercontent.com/wangqi0821/uni-calendar-china/main/media/2025-09-05_13-21-58_3.jpg",Eepy Uni during playtime…  遊んでる最中に眠くなっちゃった…  #catsofinstagram #sillycat #uni #tuxedocat,https://www.instagram.com/p/DOONjCcj1kt/
2025/9/6,https://raw.githubusercontent.com/wangqi0821/uni-calendar-china/main/media/2025-09-06_13-51-18.mp4,Even my jumps are the strongest >:3  ジャンプも最強！  #catstagram #tuxedocat #sillycat #uni,https://www.instagram.com/p/DOQ1oAcD_E8/
2025/9/7,https://raw.githubusercontent.com/wangqi0821/uni-calendar-china/main/media/2025-09-07_13-18-38.jpg,Little gentleman in a box :3  #catsofinstagram #sillycat #tuxedocat #uni,https://www.instagram.com/p/DORtIkMkxn7/
2025/9/7,,How could you…  どうして…  #soggy #catsofinstagram #tuxedocat #uni,https://www.instagram.com/p/DOTWwb-j5yj/
2025/9/8,https://raw.githubusercontent.com/wangqi0821/uni-calendar-china/main/media/2025-09-08_13-20-05.jpg,Lost in those eyes  吸い込まれそうなおめめ  #catsofinstagram #sillycat #tuxedocat #uni,https://www.instagram.com/p/DOV7t5mD8Sm/
2025/9/9,https://raw.githubusercontent.com/wangqi0821/uni-calendar-china/main/media/2025-09-09_13-52-33.mp4,Little therapist Uni is here   #catsofinstagram #sillycat #tuxedocat #uni,https://www.instagram.com/p/DOYkIW_D4zi/
2025/9/10,"https://raw.githubusercontent.com/wangqi0821/uni-calendar-china/main/media/2025-09-10_13-19-02_1.jpg
https://raw.githubusercontent.com/wangqi0821/uni-calendar-china/main/media/2025-09-10_13-19-02_2.jpg
https://raw.githubusercontent.com/wangqi0821/uni-calendar-china/main/media/2025-09-10_13-19-02_3.jpg",Uni sometimes turns into a weird shape…  うには時々奇妙な形になる…  #catsofinstagram #funnycat #tuxedocat #uni,https://www.instagram.com/p/DObFL_Tj7Vn/
2025/9/10,,Look at that face full of wonder! :3  わくわくでいっぱいの顔を見て！  #catsofinstagram #cutecat #tuxedocat #uni,https://www.instagram.com/p/DOZajVkE3GI/
2025/9/11,https://raw.githubusercontent.com/wangqi0821/uni-calendar-china/main/media/2025-09-11_13-17-34.jpg,Looking a bit like Maxwell  #catsofinstagram #funnycat #tuxedocat #uni,https://www.instagram.com/p/DOdp0Dzj93U/
2025/9/12,https://raw.githubusercontent.com/wangqi0821/uni-calendar-china/main/media/2025-09-12_14-06-45.mp4,Charging… 100% Uni power!! :3333  #catsofinstagram #funnycat #tuxedocat #uni,https://www.instagram.com/p/DOgUF6jj2sx/
2025/9/13,"https://raw.githubusercontent.com/wangqi0821/uni-calendar-china/main/media/2025-09-13_13-26-16_1.jpg
https://raw.githubusercontent.com/wangqi0821/uni-calendar-china/main/media/2025-09-13_13-26-16_2.jpg",Baths are nothing to me! :3  お風呂なんて何ともないもん！  #catsofinstagram #cutecat #tuxedocat #uni,https://www.instagram.com/p/DOi0ZkXDxI5/
2025/9/14,https://raw.githubusercontent.com/wangqi0821/uni-calendar-china/main/media/2025-09-14_13-42-41.mp4,Only chicken can save him now   #catsofinstagram #cutecat #tuxedocat #uni,https://www.instagram.com/p/DOlbBqbD6LT/
2025/9/15,"https://raw.githubusercontent.com/wangqi0821/uni-calendar-china/main/media/2025-09-15_13-11-35_1.jpg
https://raw.githubusercontent.com/wangqi0821/uni-calendar-china/main/media/2025-09-15_13-11-35_2.jpg
https://raw.githubusercontent.com/wangqi0821/uni-calendar-china/main/media/2025-09-15_13-11-35_3.jpg",Just some chicken… please?  チキン…ちょっともらえる…？  #catsofinstagram #cutecat #uni,https://www.instagram.com/p/DOn8Tuzj7dj/
2025/9/16,https://raw.githubusercontent.com/wangqi0821/uni-calendar-china/main/media/2025-09-16_13-08-20.jpg,Where did his ears go?  耳どこいったの？  #catsofinstagram #cutecat #tuxedocat #uni,https://www.instagram.com/p/DOqgu3Zj1pv/
2025/9/17,https://raw.githubusercontent.com/wangqi0821/uni-calendar-china/main/media/2025-09-17_13-40-18.mp4,You can’t escape Uni’s gaze :3  うにの視線からは逃げられない！  #catsofinstagram #cutecat #tuxedocat #uni,https://www.instagram.com/p/DOtI9M8j_ju/
2025/9/18,"https://raw.githubusercontent.com/wangqi0821/uni-calendar-china/main/media/2025-09-18_13-17-00_1.jpg
https://raw.githubusercontent.com/wangqi0821/uni-calendar-china/main/media/2025-09-18_13-17-00_2.jpg",Why did I become this strong…?  なぜぼくはこんなに強くなってしまったのか…  #catsofinstagram #cutecat #tuxedocat #uni,https://www.instagram.com/p/DOvrUCoD7Oc/
2025/9/19,https://raw.githubusercontent.com/wangqi0821/uni-calendar-china/main/media/2025-09-19_13-54-37.mp4,Uni is 100% convinced he’s the main character. Just look at that face… right?  #catsofinstagram #tuxedocat #cutecat #uni,https://www.instagram.com/p/DOyUPLuj7E6/
2025/9/21,https://raw.githubusercontent.com/wangqi0821/uni-calendar-china/main/media/2025-09-21_13-40-15.mp4,"【 Pre-order Uni’s 2026 Calendar now! 】  Thank you so much for your patience! Pre-orders are now open for the 2026 Uni Wall Calendar.  [Reservation deadline] Tuesday, September 30, 2025  [Product shipping start date] Wednesday, October 24, 2025  This year’s calendar is A4 size with a spiral (ring) binding and comes with a hanger hook for easy wall display. A sticker sheet containing 40 stickers is included with the calendar.  We are also accepting pre-orders for a sticker set, which includes:  1 holographic glitter sticker  4 die-cut stickers  (all packaged together)  Perfect as a holiday season gift—don’t miss out!  【2026 Minuet Uni’s Spiral Bound Wall Calendar】 https://japanese-creative-books.com/product/photography/2026-minuet-unis-spiral-bound-wall-calendar/  【2026 Minuet Uni's Spiral Bound Wall Calendar & Die-Cut / Hologram Sticker Set】 https://japanese-creative-books.com/product/photography/sticker-set-2026-minuet-uni-wall-calendar/  （The link will be in my story and highlights!）  Available for overseas customers only. This product is a collaboration with Japanese Creative Bookstore and can be purchased exclusively through their shop.  #catsofinstagram #cutecat #uni",https://www.instagram.com/p/DO1qjV0k3jp/
2025/9/21,,Happiness looks like this   幸せってこういうこと  #catsofinstgram #cutecat #tuxedocat #uni,https://www.instagram.com/p/DO3cTmej52-/
2025/9/22,"https://raw.githubusercontent.com/wangqi0821/uni-calendar-china/main/media/2025-09-22_13-16-58_1.jpg
https://raw.githubusercontent.com/wangqi0821/uni-calendar-china/main/media/2025-09-22_13-16-58_2.jpg
https://raw.githubusercontent.com/wangqi0821/uni-calendar-china/main/media/2025-09-22_13-16-58_3.jpg
https://raw.githubusercontent.com/wangqi0821/uni-calendar-china/main/media/2025-09-22_13-16-58_4.jpg",Uni is so expressive! :3  うにはとても表情豊かです  #catsofinstagram #funnycat #cutecat #uni,https://www.instagram.com/p/DO5-fU8D7oe/
2025/9/23,https://raw.githubusercontent.com/wangqi0821/uni-calendar-china/main/media/2025-09-23_13-23-34.mp4,Listen to Uni’s cute voice when he spots a ceiling bug  天井に虫がいた時の可愛い声  #catsofinstagram #meow #cutecat #uni,https://www.instagram.com/p/DO8j8kAD1gA/
2025/9/24,https://raw.githubusercontent.com/wangqi0821/uni-calendar-china/main/media/2025-09-24_13-37-40.mp4,This little moment just melts my heart  このささやかな時間が幸せです  #catsofinstagram #cutecat #tuxedocat #uni,https://www.instagram.com/p/DO_KW6pj2Ni/
2025/9/25,https://raw.githubusercontent.com/wangqi0821/uni-calendar-china/main/media/2025-09-25_13-44-14.mp4,Uni is the ultimate security system :3  #catstagram #tuxedocat #uni,https://www.instagram.com/p/DPBv6Sfj_4R/
2025/9/26,https://raw.githubusercontent.com/wangqi0821/uni-calendar-china/main/media/2025-09-26_13-42-43.mp4,I’m not sure Pumpkin Uni is cute… but maybe?  #catsofinstagram #halloween #tuxedocat #uni,https://www.instagram.com/p/DPEUfw5DwEA/
2025/9/27,"https://raw.githubusercontent.com/wangqi0821/uni-calendar-china/main/media/2025-09-27_13-16-14_1.jpg
https://raw.githubusercontent.com/wangqi0821/uni-calendar-china/main/media/2025-09-27_13-16-14_2.jpg",Come chill with me :3  一緒にのんびりしよ  #catsofinstagram #cutecat #tuxedocat #uni,https://www.instagram.com/p/DPG2YY3D6JF/
2025/9/28,"https://raw.githubusercontent.com/wangqi0821/uni-calendar-china/main/media/2025-09-28_13-11-52_1.jpg
https://raw.githubusercontent.com/wangqi0821/uni-calendar-china/main/media/2025-09-28_13-11-52_2.jpg",Wait… did he just eat a whole chicken? Chicken boy!!  #catsofinstagram #funnycat #uni,https://www.instagram.com/p/DPJarRgD-nF/
2025/9/29,https://raw.githubusercontent.com/wangqi0821/uni-calendar-china/main/media/2025-09-29_13-12-11.jpg,"Behold, Uni’s strongest punch!  うにの最強パンチ！  #catsofinstagram #cutecat #tuxedocat #uni",https://www.instagram.com/p/DPL_gfejz7P/
2025/9/30,https://raw.githubusercontent.com/wangqi0821/uni-calendar-china/main/media/2025-09-30_14-03-36.mp4,Baby Uni’s tiny meow! :3  子猫の時の鳴き声  #catsofinstagram #meow #tuxedocat #uni,https://www.instagram.com/p/DPOp_jtj-fG/
2025/10/1,https://raw.githubusercontent.com/wangqi0821/uni-calendar-china/main/media/2025-10-01_13-10-25.jpg,What is this round creature…?  この丸い生き物は何？  #catsofinstagram #cutecat #tuxedocat #uni,https://www.instagram.com/p/DPRI5R1D8gI/
2025/10/2,https://raw.githubusercontent.com/wangqi0821/uni-calendar-china/main/media/2025-10-02_13-50-53.mp4,??  #catsofinstagram #tuxedocat #uni,https://www.instagram.com/p/DPTyIBPD_X8/
2025/10/3,https://raw.githubusercontent.com/wangqi0821/uni-calendar-china/main/media/2025-10-03_13-49-38.mp4,Do you like it? ??  #catsofinstagram #halloween #tuxedocat #uni,https://www.instagram.com/p/DPWW1YCD0Ld/
2025/10/4,"https://raw.githubusercontent.com/wangqi0821/uni-calendar-china/main/media/2025-10-04_12-19-23_1.jpg
https://raw.githubusercontent.com/wangqi0821/uni-calendar-china/main/media/2025-10-04_12-19-23_2.jpg
https://raw.githubusercontent.com/wangqi0821/uni-calendar-china/main/media/2025-10-04_12-19-23_3.jpg
https://raw.githubusercontent.com/wangqi0821/uni-calendar-china/main/media/2025-10-04_12-19-23_4.jpg","8月に発売したうにのボクサーブリーフが大好評につき再販することになりました?? 現在しまむらオンラインストアにて予約受付中です? ※予約上限に達し次第販売終了? ? 可愛いけど可愛すぎない、絶妙なバランスのうにプリントのボクサーブリーフ！ 売り切れる前にゲットしてね??  ? #PR #しまむら #しまパト?  https://x.gd/Uw0ds （リンクはストーリーとハイライトに置いときます?）  Due to popular demand, Uni’s boxer briefs are back! Pre-orders open now ?  Ends once the limit is reached!  【How to order】  1. When viewing from overseas, scroll down to see “WorldShopping”. 2. Click [Add to Cart] to add it to your cart.  https://x.gd/Uw0ds  （I’ll put the link in my story and highlights）",https://www.instagram.com/p/DPYxcGHjy8u/
2025/10/6,https://raw.githubusercontent.com/wangqi0821/uni-calendar-china/main/media/2025-10-06_13-51-50.mp4,Uni is so expressive! Which one’s your favorite?  うにはとても表情豊か！どの表情が好きですか？  #catsofinstagram #cutecat #tuxedcat #uni,https://www.instagram.com/p/DPeFEQ5j8wX/
2025/10/7,"https://raw.githubusercontent.com/wangqi0821/uni-calendar-china/main/media/2025-10-07_13-19-01_1.jpg
https://raw.githubusercontent.com/wangqi0821/uni-calendar-china/main/media/2025-10-07_13-19-01_2.jpg
https://raw.githubusercontent.com/wangqi0821/uni-calendar-china/main/media/2025-10-07_13-19-01_3.jpg
https://raw.githubusercontent.com/wangqi0821/uni-calendar-china/main/media/2025-10-07_13-19-01_4.jpg
https://raw.githubusercontent.com/wangqi0821/uni-calendar-china/main/media/2025-10-07_13-19-01_5.jpg
https://raw.githubusercontent.com/wangqi0821/uni-calendar-china/main/media/2025-10-07_13-19-01_6.jpg",Uni the Hutt?  #catsofinstagram #funnycat #tuxedocat #uni,https://www.instagram.com/p/DPgmpbfj2V0/
2025/10/8,https://raw.githubusercontent.com/wangqi0821/uni-calendar-china/main/media/2025-10-08_13-51-11.mp4,I hope this makes your heart feel a bit lighter  #catsofinstagram #sillycat #tuxedocat #uni,https://www.instagram.com/p/DPjPC9RjznR/
2025/10/9,https://raw.githubusercontent.com/wangqi0821/uni-calendar-china/main/media/2025-10-09_13-18-21.jpg,My punch is the strongest. Wanna try it?   ぼくのパンチは最強！試してみる？  #catsofinstagram #cutecat #tuxedocat #uni,https://www.instagram.com/p/DPlwKXNjyJ4/
2025/10/10,https://raw.githubusercontent.com/wangqi0821/uni-calendar-china/main/media/2025-10-10_13-54-49.mp4,He may look cute… but don’t get too close  #catsofinstagram #cutecat #tuxedocat #uni,https://www.instagram.com/p/DPoZDy8jyep/
2025/10/11,https://raw.githubusercontent.com/wangqi0821/uni-calendar-china/main/media/2025-10-11_13-28-57.mp4,The other three cats were too scared and ran away… but not Uni!  #catsofinstagram #cutecat #tuxedocat #uni,https://www.instagram.com/p/DPq64Pnj4Jl/
2025/10/12,"https://raw.githubusercontent.com/wangqi0821/uni-calendar-china/main/media/2025-10-12_13-15-42_1.jpg
https://raw.githubusercontent.com/wangqi0821/uni-calendar-china/main/media/2025-10-12_13-15-42_2.jpg",I'm so scary…  1st pic: Now （5 years old） 2nd pic: 3 years old  #catsofinstagram #halloween #cutecat #uni,https://www.instagram.com/p/DPtePnqD_c8/
2025/10/13,https://raw.githubusercontent.com/wangqi0821/uni-calendar-china/main/media/2025-10-13_13-56-30.mp4,"He grew up, but stayed adorable  大きくなっても変わらず可愛いまま  ＃catsofinstagram #cutecat #tuxedcat #uni",https://www.instagram.com/p/DPwHpoZj9GD/
2025/10/16,https://raw.githubusercontent.com/wangqi0821/uni-calendar-china/main/media/2025-10-16_13-54-09.mp4,What else?  #catsofinstagram #cutecat #tuxedocat #uni,https://www.instagram.com/p/DP303lsDxcx/
2025/10/17,https://raw.githubusercontent.com/wangqi0821/uni-calendar-china/main/media/2025-10-17_13-35-08.mp4,Cutest little bat you’ll ever see :3  #catsofinstagram #cutecat #halloween #uni,https://www.instagram.com/p/DP6YQXij0_Q/
2025/10/18,"https://raw.githubusercontent.com/wangqi0821/uni-calendar-china/main/media/2025-10-18_13-17-20_1.jpg
https://raw.githubusercontent.com/wangqi0821/uni-calendar-china/main/media/2025-10-18_13-17-20_2.jpg
https://raw.githubusercontent.com/wangqi0821/uni-calendar-china/main/media/2025-10-18_13-17-20_3.jpg
https://raw.githubusercontent.com/wangqi0821/uni-calendar-china/main/media/2025-10-18_13-17-20_4.jpg
https://raw.githubusercontent.com/wangqi0821/uni-calendar-china/main/media/2025-10-18_13-17-20_5.jpg",Wait… are you actually Uni??   本当にうに…？  #catsofinstagram #cutecat #uni,https://www.instagram.com/p/DP87Mv5j78h/
2025/10/19,"https://raw.githubusercontent.com/wangqi0821/uni-calendar-china/main/media/2025-10-19_13-15-10_1.jpg
https://raw.githubusercontent.com/wangqi0821/uni-calendar-china/main/media/2025-10-19_13-15-10_2.jpg
https://raw.githubusercontent.com/wangqi0821/uni-calendar-china/main/media/2025-10-19_13-15-10_3.jpg",Sleeping like a kitten  子猫みたいな寝方  #catsofinstagram #cutecat #uni,https://www.instagram.com/p/DP_fvyIj91H/
2025/10/20,"https://raw.githubusercontent.com/wangqi0821/uni-calendar-china/main/media/2025-10-20_13-11-45_1.jpg
https://raw.githubusercontent.com/wangqi0821/uni-calendar-china/main/media/2025-10-20_13-11-45_2.jpg
https://raw.githubusercontent.com/wangqi0821/uni-calendar-china/main/media/2025-10-20_13-11-45_3.jpg
https://raw.githubusercontent.com/wangqi0821/uni-calendar-china/main/media/2025-10-20_13-11-45_4.jpg",Two little devils have appeared!   2匹の小悪魔が現れた！  #catsofinstagram #cutecat #tuxedocat,https://www.instagram.com/p/DQCEJoJD4gH/
2025/10/21,"https://raw.githubusercontent.com/wangqi0821/uni-calendar-china/main/media/2025-10-21_13-21-32_1.jpg
https://raw.githubusercontent.com/wangqi0821/uni-calendar-china/main/media/2025-10-21_13-21-32_2.jpg",Loaf brothers!  #catsofinstagram #cutecat #tuxedocat #uni,https://www.instagram.com/p/DQEqEL3D-jk/
2025/10/22,"https://raw.githubusercontent.com/wangqi0821/uni-calendar-china/main/media/2025-10-22_13-19-03_1.jpg
https://raw.githubusercontent.com/wangqi0821/uni-calendar-china/main/media/2025-10-22_13-19-03_2.jpg
https://raw.githubusercontent.com/wangqi0821/uni-calendar-china/main/media/2025-10-22_13-19-03_3.jpg
https://raw.githubusercontent.com/wangqi0821/uni-calendar-china/main/media/2025-10-22_13-19-03_4.jpg",I’m the strongest!! Are you even listening?  ぼくは最強！ちゃんと聞いてる？  #catsofinstagram #cutecat #tuxedocat #uni,https://www.instagram.com/p/DQHOk4Lj_Z3/
2025/10/23,https://raw.githubusercontent.com/wangqi0821/uni-calendar-china/main/media/2025-10-23_13-40-17.mp4,I know what you did…  #catsofinstagram #sillycat #tuxedocat #uni,https://www.instagram.com/p/DQJ1wy5D4Cj/
2025/10/25,https://raw.githubusercontent.com/wangqi0821/uni-calendar-china/main/media/2025-10-25_13-38-05.jpg,"The moment I woke up, Uni was there…  #catsofinstgram #tuxedocat #uni",https://www.instagram.com/p/DQO_I4nj_8y/
2025/10/26,"https://raw.githubusercontent.com/wangqi0821/uni-calendar-china/main/media/2025-10-26_13-53-18_1.jpg
https://raw.githubusercontent.com/wangqi0821/uni-calendar-china/main/media/2025-10-26_13-53-18_2.jpg
https://raw.githubusercontent.com/wangqi0821/uni-calendar-china/main/media/2025-10-26_13-53-18_3.jpg
https://raw.githubusercontent.com/wangqi0821/uni-calendar-china/main/media/2025-10-26_13-53-18_4.jpg
https://raw.githubusercontent.com/wangqi0821/uni-calendar-china/main/media/2025-10-26_13-53-18_5.jpg
https://raw.githubusercontent.com/wangqi0821/uni-calendar-china/main/media/2025-10-26_13-53-18_6.jpg",Uni at the bar?  #catsofinstagram #funnycat #uni,https://www.instagram.com/p/DQRlrQcD8ek/
2025/10/27,https://raw.githubusercontent.com/wangqi0821/uni-calendar-china/main/media/2025-10-27_13-47-50.mp4,Noooo Aoba!!!  #catstagram #funnycat #uni,https://www.instagram.com/p/DQUJtwZD_9X/
2025/10/28,https://raw.githubusercontent.com/wangqi0821/uni-calendar-china/main/media/2025-10-28_13-12-29.jpg,When you look at Uni from below…  うにを下から見ると…  #catsofinstagram #cutecat #tuxedocat #uni,https://www.instagram.com/p/DQWqmA3D2GD/
2025/10/29,https://raw.githubusercontent.com/wangqi0821/uni-calendar-china/main/media/2025-10-29_13-28-05.mp4,Uni is coming… You can’t escape  #catsofinstagram #tuxedocat #uni,https://www.instagram.com/p/DQZRFIXD8Ew/
2025/10/30,https://raw.githubusercontent.com/wangqi0821/uni-calendar-china/main/media/2025-10-30_13-22-59.jpg,Even in the bath… I’m still the strongest! :3  お風呂に入ってても「ぼくは最強！」  #catsofinstagram #cutecat #soggycat #uni,https://www.instagram.com/p/DQb1Ytjj7sn/
2025/10/31,https://raw.githubusercontent.com/wangqi0821/uni-calendar-china/main/media/2025-10-31_13-39-06.mp4,The strongest has arrived for Halloween! :3  #catsofinstagram #tuxedocat #cutecat #uni,https://www.instagram.com/p/DQeb9EkD-T5/
2025/11/1,"https://raw.githubusercontent.com/wangqi0821/uni-calendar-china/main/media/2025-11-01_13-19-16_1.jpg
https://raw.githubusercontent.com/wangqi0821/uni-calendar-china/main/media/2025-11-01_13-19-16_2.jpg
https://raw.githubusercontent.com/wangqi0821/uni-calendar-china/main/media/2025-11-01_13-19-16_3.jpg
https://raw.githubusercontent.com/wangqi0821/uni-calendar-china/main/media/2025-11-01_13-19-16_4.jpg
https://raw.githubusercontent.com/wangqi0821/uni-calendar-china/main/media/2025-11-01_13-19-16_5.jpg",Uni is training even in his sleep  眠ってる時でも鍛えてます  #catsofinstagram #cutecat #uni,https://www.instagram.com/p/DQg-jMpj7Yr/
2025/11/2,https://raw.githubusercontent.com/wangqi0821/uni-calendar-china/main/media/2025-11-02_13-19-26.jpg,The strongest has reached enlightenment…  悟りを開いた最強…  #catsofinstagram #tuxedocat #uni,https://www.instagram.com/p/DQjjXWQjxYi/
2025/11/3,https://raw.githubusercontent.com/wangqi0821/uni-calendar-china/main/media/2025-11-03_13-55-26.mp4,We’re safe. The strongest is on guard :3  #catsofinstagram #cutecat #tuxedocat #uni,https://www.instagram.com/p/DQmMMhkD0MA/
2025/11/4,"https://raw.githubusercontent.com/wangqi0821/uni-calendar-china/main/media/2025-11-04_13-53-11_1.jpg
https://raw.githubusercontent.com/wangqi0821/uni-calendar-china/main/media/2025-11-04_13-53-11_2.jpg
https://raw.githubusercontent.com/wangqi0821/uni-calendar-china/main/media/2025-11-04_13-53-11_3.jpg
https://raw.githubusercontent.com/wangqi0821/uni-calendar-china/main/media/2025-11-04_13-53-11_4.jpg",I want a whole chicken…  #catsofinstagram #cutecat #uni,https://www.instagram.com/p/DQow0Oyj2ur/
2025/11/5,https://raw.githubusercontent.com/wangqi0821/uni-calendar-china/main/media/2025-11-05_13-51-55.mp4,I know a lot of people can relate  #catsofinstagram #cutecat #tuxedocat #uni,https://www.instagram.com/p/DQrVTm_D04T/
2025/11/6,https://raw.githubusercontent.com/wangqi0821/uni-calendar-china/main/media/2025-11-06_13-48-42.mp4,I need a fat cat! :3  #catsofinstagram #cutecat #tuxedocat #uni,https://www.instagram.com/p/DQt5f56jxzC/
2025/11/7,"https://raw.githubusercontent.com/wangqi0821/uni-calendar-china/main/media/2025-11-07_13-27-57_1.jpg
https://raw.githubusercontent.com/wangqi0821/uni-calendar-china/main/media/2025-11-07_13-27-57_2.jpg
https://raw.githubusercontent.com/wangqi0821/uni-calendar-china/main/media/2025-11-07_13-27-57_3.jpg","Uni has entered attack mode! >:3  "" I’m faster than a cheetah!!! ""  アタックモードのうに！ 「ぼくはチーターよりも速い！！」  #catsofinstagram #cutecat #tuxedocat #uni",https://www.instagram.com/p/DQwcT_JDw7P/
2025/11/8,"https://raw.githubusercontent.com/wangqi0821/uni-calendar-china/main/media/2025-11-08_13-15-59_1.jpg
https://raw.githubusercontent.com/wangqi0821/uni-calendar-china/main/media/2025-11-08_13-15-59_2.jpg
https://raw.githubusercontent.com/wangqi0821/uni-calendar-china/main/media/2025-11-08_13-15-59_3.jpg
https://raw.githubusercontent.com/wangqi0821/uni-calendar-china/main/media/2025-11-08_13-15-59_4.jpg",What did Uni see…?  うには何を見たのか…  #catsofinstagram #cutecat #tuxedocat #uni,https://www.instagram.com/p/DQy_vRKD3s9/
2025/11/9,https://raw.githubusercontent.com/wangqi0821/uni-calendar-china/main/media/2025-11-09_13-09-09.jpg,What is this creature…?  この生き物は何…？  #catsofinstagram #cutecat #funnycat #uni,https://www.instagram.com/p/DQ1jwEUD870/
2025/11/10,https://raw.githubusercontent.com/wangqi0821/uni-calendar-china/main/media/2025-11-10_13-29-06.mp4,Cute voice! But this doesn’t look like the usual Uni…?  可愛い鳴き声！でもいつものうにじゃないみたい  #catsofinstagram #cutecat #uni,https://www.instagram.com/p/DQ4Kxn0D2-J/
2025/11/11,https://raw.githubusercontent.com/wangqi0821/uni-calendar-china/main/media/2025-11-11_13-55-47.mp4,Uni’s cutest features :3  #catsofinstagram #tuxedocat #uni,https://www.instagram.com/p/DQ6ymFqj_Le/
2025/11/13,https://raw.githubusercontent.com/wangqi0821/uni-calendar-china/main/media/2025-11-13_13-44-15.mp4,Pray for the universe…  #catsofinstagram #cutecat #tuxedocat #uni,https://www.instagram.com/p/DQ_63lHDyTp/
2025/11/14,https://raw.githubusercontent.com/wangqi0821/uni-calendar-china/main/media/2025-11-14_13-44-45.mp4,Uni is just existing and being adorable :3  うにはいるだけで可愛い  #catsofinstagram #cutecat #tuxedocat #uni,https://www.instagram.com/p/DRCfvNdD8t4/
2025/11/15,"https://raw.githubusercontent.com/wangqi0821/uni-calendar-china/main/media/2025-11-15_13-23-44_1.jpg
https://raw.githubusercontent.com/wangqi0821/uni-calendar-china/main/media/2025-11-15_13-23-44_2.jpg
https://raw.githubusercontent.com/wangqi0821/uni-calendar-china/main/media/2025-11-15_13-23-44_3.jpg
https://raw.githubusercontent.com/wangqi0821/uni-calendar-china/main/media/2025-11-15_13-23-44_3.mp4",Behold! The strongest entering battle mode!  Uni: “I’ll protect everything!!!”  見よ！うにの戦闘モード！  #catsofinstagram #cutecat #tuxedocat #uni,https://www.instagram.com/p/DRFCMN0DzNh/
2025/11/16,"https://raw.githubusercontent.com/wangqi0821/uni-calendar-china/main/media/2025-11-16_13-21-06_1.jpg
https://raw.githubusercontent.com/wangqi0821/uni-calendar-china/main/media/2025-11-16_13-21-06_2.jpg",Sometimes Uni looks just like a kitten :3  時々子猫みたいに見える  #catsofinstagram #cutecat #tuxedocat #uni,https://www.instagram.com/p/DRHmrxdj3wG/
2025/11/17,"https://raw.githubusercontent.com/wangqi0821/uni-calendar-china/main/media/2025-11-17_13-19-45_1.jpg
https://raw.githubusercontent.com/wangqi0821/uni-calendar-china/main/media/2025-11-17_13-19-45_2.jpg
https://raw.githubusercontent.com/wangqi0821/uni-calendar-china/main/media/2025-11-17_13-19-45_3.jpg
https://raw.githubusercontent.com/wangqi0821/uni-calendar-china/main/media/2025-11-17_13-19-45_4.jpg
https://raw.githubusercontent.com/wangqi0821/uni-calendar-china/main/media/2025-11-17_13-19-45_5.jpg",Uni melted on his dad’s lap today… the softest Uni  とーちゃんの膝の上で溶けてました  #catsofinstagram #cutecat #tuxedocat #uni,https://www.instagram.com/p/DRKLUvZjxEj/
2025/11/18,"https://raw.githubusercontent.com/wangqi0821/uni-calendar-china/main/media/2025-11-18_13-46-36_1.jpg
https://raw.githubusercontent.com/wangqi0821/uni-calendar-china/main/media/2025-11-18_13-46-36_2.jpg
https://raw.githubusercontent.com/wangqi0821/uni-calendar-china/main/media/2025-11-18_13-46-36_3.jpg",He smells effort. The strongest is proud of you  #catsofinstagram #cutecat #tuxedocat #uni,https://www.instagram.com/p/DRMzMQSD000/
2025/11/19,https://raw.githubusercontent.com/wangqi0821/uni-calendar-china/main/media/2025-11-19_13-30-52.mp4,Uni is the strongest pianist!  #catsofinstagram #sillycat #tuxedocat #uni,https://www.instagram.com/p/DRPWCxSj_6P/
2025/11/20,https://raw.githubusercontent.com/wangqi0821/uni-calendar-china/main/media/2025-11-20_13-19-36.jpg,He knows but he can't prove it  #catsofinstagram #tuxedocat #cutecat #uni,https://www.instagram.com/p/DRR5sT3j1s3/
2025/11/21,https://raw.githubusercontent.com/wangqi0821/uni-calendar-china/main/media/2025-11-21_13-39-18.mp4,I am a busy boy :3  #catsofinstagram #tuxedocat #cutecat #uni,https://www.instagram.com/p/DRUgpllD-BX/
2025/11/23,"https://raw.githubusercontent.com/wangqi0821/uni-calendar-china/main/media/2025-11-23_20-41-15_1.jpg
https://raw.githubusercontent.com/wangqi0821/uni-calendar-china/main/media/2025-11-23_20-41-15_2.jpg
https://raw.githubusercontent.com/wangqi0821/uni-calendar-china/main/media/2025-11-23_20-41-15_3.jpg
https://raw.githubusercontent.com/wangqi0821/uni-calendar-china/main/media/2025-11-23_20-41-15_4.jpg",Baby Uni “Free me!”  #catsofinstagram #cutecat #tuxedocat #uni,https://www.instagram.com/p/DRX0pdzk4Ff/
2025/11/24,https://raw.githubusercontent.com/wangqi0821/uni-calendar-china/main/media/2025-11-24_13-48-45.mp4,Treats make Uni even stronger!  おやつでうには強くなる！  #catsofinstagram #cutecat #tuxedocat #uni,https://www.instagram.com/p/DRaannWk6jD/
2025/11/24,,3 things I am good at ??  #catsofinstagram #tuxedocat #cutecat #uni,https://www.instagram.com/p/DRcQD2vD7Hp/
2025/11/25,"https://raw.githubusercontent.com/wangqi0821/uni-calendar-china/main/media/2025-11-25_13-15-22_1.jpg
https://raw.githubusercontent.com/wangqi0821/uni-calendar-china/main/media/2025-11-25_13-15-22_2.jpg",Uni says hi :3  #catsofinstagram #cutecat #tuxedocat #uni,https://www.instagram.com/p/DRexLm1D0qU/
2025/11/26,"https://raw.githubusercontent.com/wangqi0821/uni-calendar-china/main/media/2025-11-26_13-04-15_1.jpg
https://raw.githubusercontent.com/wangqi0821/uni-calendar-china/main/media/2025-11-26_13-04-15_2.jpg
https://raw.githubusercontent.com/wangqi0821/uni-calendar-china/main/media/2025-11-26_13-04-15_3.jpg","SUZURIでうにの卓上カレンダーを発売しました！ とっても可愛いのでチェックしてみて下さいね????  リンクはストーリーとハイライトに置いてます?  We just released a Uni desk calendar on SUZURI! It’s super cute, so please check it out :3  The link is on my story and in my highlights  ?? How to order from overseas ??  When you open the site, you’ll see a “WorldShopping” guide at the bottom of the page. Just click the button and follow the steps — you can purchase from overseas!  #catsofinstagram #cutecat #tuxedocat #uni",https://www.instagram.com/p/DRhUtC0j-t7/
2025/11/27,"https://raw.githubusercontent.com/wangqi0821/uni-calendar-china/main/media/2025-11-27_13-21-03_1.jpg
https://raw.githubusercontent.com/wangqi0821/uni-calendar-china/main/media/2025-11-27_13-21-03_2.jpg",Could it be… he ate a whole turkey today??  #catsofinstagram #cutecat #uni #thanksgiving,https://www.instagram.com/p/DRj7a_VDzml/
2025/11/28,https://raw.githubusercontent.com/wangqi0821/uni-calendar-china/main/media/2025-11-28_13-35-02.mp4,Uni became the box :3  #catsofinstagram #cutecat #tuxedocat #uni,https://www.instagram.com/p/DRmhhPaj7-M/
2025/11/30,"https://raw.githubusercontent.com/wangqi0821/uni-calendar-china/main/media/2025-11-30_13-38-11_1.jpg
https://raw.githubusercontent.com/wangqi0821/uni-calendar-china/main/media/2025-11-30_13-38-11_2.jpg
https://raw.githubusercontent.com/wangqi0821/uni-calendar-china/main/media/2025-11-30_13-38-11_3.jpg
https://raw.githubusercontent.com/wangqi0821/uni-calendar-china/main/media/2025-11-30_13-38-11_4.jpg",How to draw a cat :3  #catsofinstagram #cutecat #tuxedocat #uni,https://www.instagram.com/p/DRrrxH_DyT7/
2025/12/1,https://raw.githubusercontent.com/wangqi0821/uni-calendar-china/main/media/2025-12-01_13-36-05.mp4,Do you like it?  #catsofinstagram #cutecat #christmas #uni,https://www.instagram.com/p/DRuQJBMjwjV/
2025/12/2,https://raw.githubusercontent.com/wangqi0821/uni-calendar-china/main/media/2025-12-02_13-31-34.mp4,This is how the strongest walks! :3  #catsofinstagram #cutecat #tuxedocat #uni,https://www.instagram.com/p/DRw0cSnDwfl/
2025/12/3,https://raw.githubusercontent.com/wangqi0821/uni-calendar-china/main/media/2025-12-03_09-00-00.jpg,"【未公開写真】大人気Uni( @unico_uniuni )さんの愛猫写真を一部公開！ Hanako1月号「猫がいれば、幸せ?」にはまだまだ未公開写真が載ってます????  ??Unreleased Photo Here’s a sneak peek at some never-before-seen picture of Uni (@unico_uniuni)’s beloved cat! You’ll find even more exclusive shots in the January issue of Hanako, “Life Is Happier with Cats?” ????(猫がいれば、幸せ?)  ??Hanako（ハナコ） 1988年創刊。食と旅、そして暮らしのヒントをお届けするライフスタイル誌。 雑誌、Web、SNSで最新情報を発信中。フォローお待ちしています！  ?? Hanako First published in 1988, Hanako is a lifestyle magazine that shares inspiration on food, travel, and daily living. We post the latest updates in our magazine, on our website, and across social media. Follow us for more!",https://www.instagram.com/p/DRy6Xq9kmTz/
2025/12/3,https://raw.githubusercontent.com/wangqi0821/uni-calendar-china/main/media/2025-12-03_13-56-06.mp4,"He’s cute now, but baby Uni was unbelievably cute  今のうにも可愛いけど、子猫時代のうには信じられないくらい可愛かった！  #catsofinstagram #cutecat #tuxedocat #uni",https://www.instagram.com/p/DRzb8xxj8VQ/
2025/12/4,https://raw.githubusercontent.com/wangqi0821/uni-calendar-china/main/media/2025-12-04_13-49-26.mp4,Come closer. I won’t lose :3  #catsofinstagram #cutecat #tuxedocat #uni,https://www.instagram.com/p/DR2ALWGj7yz/
2025/12/5,"https://raw.githubusercontent.com/wangqi0821/uni-calendar-china/main/media/2025-12-05_13-17-21_1.jpg
https://raw.githubusercontent.com/wangqi0821/uni-calendar-china/main/media/2025-12-05_13-17-21_2.jpg
https://raw.githubusercontent.com/wangqi0821/uni-calendar-china/main/media/2025-12-05_13-17-21_3.jpg
https://raw.githubusercontent.com/wangqi0821/uni-calendar-china/main/media/2025-12-05_13-17-21_4.jpg
https://raw.githubusercontent.com/wangqi0821/uni-calendar-china/main/media/2025-12-05_13-17-21_5.jpg",Is this snowman on the nice list?  #catsofinstagram #cutecat #christmas #uni,https://www.instagram.com/p/DR4hW4Gj3eq/
2025/12/7,"https://raw.githubusercontent.com/wangqi0821/uni-calendar-china/main/media/2025-12-07_13-19-20_1.jpg
https://raw.githubusercontent.com/wangqi0821/uni-calendar-china/main/media/2025-12-07_13-19-20_2.jpg
https://raw.githubusercontent.com/wangqi0821/uni-calendar-china/main/media/2025-12-07_13-19-20_3.jpg
https://raw.githubusercontent.com/wangqi0821/uni-calendar-china/main/media/2025-12-07_13-19-20_4.jpg
https://raw.githubusercontent.com/wangqi0821/uni-calendar-china/main/media/2025-12-07_13-19-20_5.jpg",The strongest never skips training! :3  最強はトレーニングをサボらない！  #catsofinstagram #cutecat #tuxedocat #uni,https://www.instagram.com/p/DR9rLKDj7DX/
2025/12/9,https://raw.githubusercontent.com/wangqi0821/uni-calendar-china/main/media/2025-12-09_13-20-47.mp4,happy crimus :3  #catsofinstagram #cutecat #christmas #uni,https://www.instagram.com/p/DSC0335j7An/
2025/12/10,https://raw.githubusercontent.com/wangqi0821/uni-calendar-china/main/media/2025-12-10_13-35-35.jpg,Santa will bring me a present for sure! :3  サンタさんが絶対プレゼントくれると思う！  #catsofinstagram #cutecat #tuxedocat #uni,https://www.instagram.com/p/DSFba3ED8-l/
2025/12/11,https://raw.githubusercontent.com/wangqi0821/uni-calendar-china/main/media/2025-12-11_13-47-01.mp4,Uni looks like an angel… but I know the truth   #catstagram #cutecat #tuxedocat #uni,https://www.instagram.com/p/DSIBbftj14x/
2025/12/12,"https://raw.githubusercontent.com/wangqi0821/uni-calendar-china/main/media/2025-12-12_13-36-33_1.jpg
https://raw.githubusercontent.com/wangqi0821/uni-calendar-china/main/media/2025-12-12_13-36-33_2.jpg
https://raw.githubusercontent.com/wangqi0821/uni-calendar-china/main/media/2025-12-12_13-36-33_3.jpg
https://raw.githubusercontent.com/wangqi0821/uni-calendar-china/main/media/2025-12-12_13-36-33_4.jpg
https://raw.githubusercontent.com/wangqi0821/uni-calendar-china/main/media/2025-12-12_13-36-33_5.jpg
https://raw.githubusercontent.com/wangqi0821/uni-calendar-china/main/media/2025-12-12_13-36-33_6.jpg",I'm Uni Claus! :3  ぼくはうにクロース！  #catsofinstagram #cutecat #tuxedocat #uni,https://www.instagram.com/p/DSKlHnpj3oY/
2025/12/13,https://raw.githubusercontent.com/wangqi0821/uni-calendar-china/main/media/2025-12-13_11-47-43.mp4,MEOW MEOOW MEOW   #cat #blender3d #3danimation #lowpoly #fyp,https://www.instagram.com/p/DSM9aiyiF6j/
2025/12/13,https://raw.githubusercontent.com/wangqi0821/uni-calendar-china/main/media/2025-12-13_13-34-43.mp4,Watching Uni make biscuits makes me feel better  うにのふみふみを見てると癒されます  #catsofinstagram #cutecat #makebiscuits #uni,https://www.instagram.com/p/DSNJpgfjzW8/
2025/12/14,https://raw.githubusercontent.com/wangqi0821/uni-calendar-china/main/media/2025-12-14_13-29-48.jpg,Sometimes Uni stops being a cat…  時々うには猫じゃなくなる…  #catsofinstagram #cutecat #funnycat #uni,https://www.instagram.com/p/DSPt7_xj-E7/
2025/12/15,https://raw.githubusercontent.com/wangqi0821/uni-calendar-china/main/media/2025-12-15_13-50-31.mp4,Uni’s best features are…   #catsofinstagram #cutecat #tuxedocat #uni,https://www.instagram.com/p/DSSU75vD5C8/
2025/12/16,"https://raw.githubusercontent.com/wangqi0821/uni-calendar-china/main/media/2025-12-16_13-28-48_1.jpg
https://raw.githubusercontent.com/wangqi0821/uni-calendar-china/main/media/2025-12-16_13-28-48_2.jpg
https://raw.githubusercontent.com/wangqi0821/uni-calendar-china/main/media/2025-12-16_13-28-48_3.jpg
https://raw.githubusercontent.com/wangqi0821/uni-calendar-china/main/media/2025-12-16_13-28-48_4.jpg
https://raw.githubusercontent.com/wangqi0821/uni-calendar-china/main/media/2025-12-16_13-28-48_5.jpg
https://raw.githubusercontent.com/wangqi0821/uni-calendar-china/main/media/2025-12-16_13-28-48_6.jpg",my reindeer bib… does it suit me?  トナカイさんのスタイだよ。似合う？  #catsofinstagram #cutecat #christmas #uni,https://www.instagram.com/p/DSU3abRjzPR/
2025/12/17,https://raw.githubusercontent.com/wangqi0821/uni-calendar-china/main/media/2025-12-17_13-25-38.mp4,Behold! This is the strongest way to fight!!  これが最強の闘い方だ！  #catsofinstagram #cutecat #tuxedocat #uni,https://www.instagram.com/p/DSXbxMlD8f1/
2025/12/18,https://raw.githubusercontent.com/wangqi0821/uni-calendar-china/main/media/2025-12-18_13-49-52.mp4,Everything I want is right here  #catsofinstagram #cutecat #uni,https://www.instagram.com/p/DSaDXrdDx2W/
2025/12/19,https://raw.githubusercontent.com/wangqi0821/uni-calendar-china/main/media/2025-12-19_14-01-44.mp4,"If this made you smile, my wish came true  これを見て笑顔になってくれたらぼくの願いは叶ったよ  #catsofinstagram #cutecat #christmas #uni",https://www.instagram.com/p/DScpd_Yj4yc/
2025/12/20,https://raw.githubusercontent.com/wangqi0821/uni-calendar-china/main/media/2025-12-20_13-37-56.mp4,Sad meow → yawn → sad meow again  #catsofinstagram #cutecat #meow #uni,https://www.instagram.com/p/DSfLeUej7fh/
2025/12/21,https://raw.githubusercontent.com/wangqi0821/uni-calendar-china/main/media/2025-12-21_13-41-10.mp4,The strongest and cutest!!  #catsofinstagram #cutecat #tuxedocat #uni,https://www.instagram.com/p/DShwYDoj5b5/
2025/12/22,"https://raw.githubusercontent.com/wangqi0821/uni-calendar-china/main/media/2025-12-22_13-20-35_1.jpg
https://raw.githubusercontent.com/wangqi0821/uni-calendar-china/main/media/2025-12-22_13-20-35_2.jpg
https://raw.githubusercontent.com/wangqi0821/uni-calendar-china/main/media/2025-12-22_13-20-35_3.jpg","Wait, where did the Christmas chicken go? Suspiciously chicken-shaped Uni:   #catsofinstagram #cutecat #uni",https://www.instagram.com/p/DSkTPbBj5yy/
2025/12/23,https://raw.githubusercontent.com/wangqi0821/uni-calendar-china/main/media/2025-12-23_13-31-17.mp4,Merry Christmas from Japan ????  #catsofinstagram #tuxedocat #christmas #uni,https://www.instagram.com/p/DSm5LqpDx6g/
2025/12/24,https://raw.githubusercontent.com/wangqi0821/uni-calendar-china/main/media/2025-12-24_13-55-18.mp4,Merry Unistmas! :3  #catsofinstagram #cutecat #christmas #uni,https://www.instagram.com/p/DSpgus1j2jQ/
2025/12/25,https://raw.githubusercontent.com/wangqi0821/uni-calendar-china/main/media/2025-12-25_13-30-53.mp4,"Thank you, Uni Claus! See you next year :3  ありがとううにクロース。また来年ね  #catsofinstagram #cutecat #tuxedocat #uni",https://www.instagram.com/p/DSsCllODzj7/
2025/12/26,"https://raw.githubusercontent.com/wangqi0821/uni-calendar-china/main/media/2025-12-26_13-26-32_1.jpg
https://raw.githubusercontent.com/wangqi0821/uni-calendar-china/main/media/2025-12-26_13-26-32_2.jpg",I pet him… and his little paws close  撫でたらおてて閉じた  #catsofinstagram #cutecat #tuxedocat #uni,https://www.instagram.com/p/DSunGjCj4QL/
2025/12/27,"https://raw.githubusercontent.com/wangqi0821/uni-calendar-china/main/media/2025-12-27_14-33-56_1.jpg
https://raw.githubusercontent.com/wangqi0821/uni-calendar-china/main/media/2025-12-27_14-33-56_2.jpg
https://raw.githubusercontent.com/wangqi0821/uni-calendar-china/main/media/2025-12-27_14-33-56_3.jpg
https://raw.githubusercontent.com/wangqi0821/uni-calendar-china/main/media/2025-12-27_14-33-56_4.jpg
https://raw.githubusercontent.com/wangqi0821/uni-calendar-china/main/media/2025-12-27_14-33-56_5.jpg",Just one more time…  #catsofinstagram #tuxedocat #uni,https://www.instagram.com/p/DSxTnDODzxN/
2025/12/28,https://raw.githubusercontent.com/wangqi0821/uni-calendar-china/main/media/2025-12-28_13-28-34.mp4,"Thank you for this year, Uni  #catsofinstagram #cutecat #tuxedocat #uni",https://www.instagram.com/p/DSzwpvpj6Bb/
2025/12/29,https://raw.githubusercontent.com/wangqi0821/uni-calendar-china/main/media/2025-12-29_13-54-42.mp4,"Hope you stay healthy next year too, Uni  来年も元気でいてね  #catsofinstagram #cutecat #uni",https://www.instagram.com/p/DS2YplEj-YX/
2025/12/30,https://raw.githubusercontent.com/wangqi0821/uni-calendar-china/main/media/2025-12-30_13-32-51.mp4,"As long as he’s happy, I’m fine  #catsofinstagram #cutecat #uni",https://www.instagram.com/p/DS468kcjx2r/
2025/12/31,"https://raw.githubusercontent.com/wangqi0821/uni-calendar-china/main/media/2025-12-31_13-13-27_1.jpg
https://raw.githubusercontent.com/wangqi0821/uni-calendar-china/main/media/2025-12-31_13-13-27_10.jpg
https://raw.githubusercontent.com/wangqi0821/uni-calendar-china/main/media/2025-12-31_13-13-27_11.jpg
https://raw.githubusercontent.com/wangqi0821/uni-calendar-china/main/media/2025-12-31_13-13-27_12.jpg
https://raw.githubusercontent.com/wangqi0821/uni-calendar-china/main/media/2025-12-31_13-13-27_2.jpg
https://raw.githubusercontent.com/wangqi0821/uni-calendar-china/main/media/2025-12-31_13-13-27_3.jpg
https://raw.githubusercontent.com/wangqi0821/uni-calendar-china/main/media/2025-12-31_13-13-27_4.jpg
https://raw.githubusercontent.com/wangqi0821/uni-calendar-china/main/media/2025-12-31_13-13-27_5.jpg
https://raw.githubusercontent.com/wangqi0821/uni-calendar-china/main/media/2025-12-31_13-13-27_6.jpg
https://raw.githubusercontent.com/wangqi0821/uni-calendar-china/main/media/2025-12-31_13-13-27_7.jpg
https://raw.githubusercontent.com/wangqi0821/uni-calendar-china/main/media/2025-12-31_13-13-27_8.jpg
https://raw.githubusercontent.com/wangqi0821/uni-calendar-china/main/media/2025-12-31_13-13-27_9.jpg",Thank you for another wonderful year with Uni! :3  今年も一年ありがとうございました！  #catsofinstagram #cutecat #uni,https://www.instagram.com/p/DS7dlH2j44D/
2026/1/1,https://raw.githubusercontent.com/wangqi0821/uni-calendar-china/main/media/2026-01-01_01-29-53.jpg,Uni looks perfect in traditional Japanese style too. The coolest!  うには和も似合います  #catsofinstagram #cutecat #tuxedocat #uni,https://www.instagram.com/p/DS-E9rkj2tt/
2026/1/1,"https://raw.githubusercontent.com/wangqi0821/uni-calendar-china/main/media/2026-01-01_13-36-05_1.jpg
https://raw.githubusercontent.com/wangqi0821/uni-calendar-china/main/media/2026-01-01_13-36-05_2.jpg",Happy New Year! Wishing you a year full of chicken and happiness :3  あけましておめでとうございます！ チキンと幸せでいっぱいの一年になりますように  #catsofinstagram #tuxedocat #uni,https://www.instagram.com/p/DS8x24SD3Qo/
2026/1/2,https://raw.githubusercontent.com/wangqi0821/uni-calendar-china/main/media/2026-01-02_13-57-11.mp4,0 brain cells cat  #catsofinstagram #cutecat #tuxedocat #uni,https://www.instagram.com/p/DTAsGziD4Fa/
2026/1/3,https://raw.githubusercontent.com/wangqi0821/uni-calendar-china/main/media/2026-01-03_14-37-53.mp4,I woke up to Uni lying on me and purring. Pure happiness…  目が覚めたらうにが上に乗ってゴロゴロ言ってた。 幸せすぎる…  #catsofinstagram #purr #tuxedocat #uni,https://www.instagram.com/p/DTDVlkoj_ym/
2026/1/5,https://raw.githubusercontent.com/wangqi0821/uni-calendar-china/main/media/2026-01-05_13-49-38.mp4,Uni is unstoppable…?  #catsofinstagram #cutecat #tuxedocat #uni,https://www.instagram.com/p/DTIZnshD03D/
2026/1/6,https://raw.githubusercontent.com/wangqi0821/uni-calendar-china/main/media/2026-01-06_13-51-56.mp4,Get him chicken…   #catsofinstagram #tuxedocat #uni,https://www.instagram.com/p/DTK-OErD6gA/
2026/1/7,https://raw.githubusercontent.com/wangqi0821/uni-calendar-china/main/media/2026-01-07_13-44-15.mp4,Wrapped in warmth  #catstagram #cutecat #tuxedocat #uni,https://www.instagram.com/p/DTNil4Sj1E9/
2026/1/8,https://raw.githubusercontent.com/wangqi0821/uni-calendar-china/main/media/2026-01-08_13-34-19.mp4,i never lose a case  #catsofinstagram #cutecat #tuxedocat #uni,https://www.instagram.com/p/DTQGPdaj5DG/
2026/1/9,https://raw.githubusercontent.com/wangqi0821/uni-calendar-china/main/media/2026-01-09_13-57-39.mp4,What did Uni do?  #catsofinstagram #cutecat #tuxedocat #uni,https://www.instagram.com/p/DTStm8eDwdR/
2026/1/11,"https://raw.githubusercontent.com/wangqi0821/uni-calendar-china/main/media/2026-01-11_20-49-30_1.jpg
https://raw.githubusercontent.com/wangqi0821/uni-calendar-china/main/media/2026-01-11_20-49-30_2.jpg",Longer legs… Longer ears… The strongest evolves again!  #catsofinstagram #cutecat #tuxedocat #uni,https://www.instagram.com/p/DTV-XWvE-B9/
2026/1/12,https://raw.githubusercontent.com/wangqi0821/uni-calendar-china/main/media/2026-01-12_13-48-31.mp4,Are you staying warm?  暖かくしてる？  #catsofinstagram #cutecat #tuxedocat #uni,https://www.instagram.com/p/DTYmg4mE6F2/
2026/1/12,,What would you choose?  #catsofinstagram #cutecat #tuxedocat #uni,https://www.instagram.com/p/DTabCyZj0NW/
2026/1/13,https://raw.githubusercontent.com/wangqi0821/uni-calendar-china/main/media/2026-01-13_13-54-38.mp4,For anyone who needed a gentle moment today  #catsofinstagram #cutecat #uni,https://www.instagram.com/p/DTdAfbIDyP8/
2026/1/14,"https://raw.githubusercontent.com/wangqi0821/uni-calendar-china/main/media/2026-01-14_13-43-00_1.jpg
https://raw.githubusercontent.com/wangqi0821/uni-calendar-china/main/media/2026-01-14_13-43-00_2.jpg
https://raw.githubusercontent.com/wangqi0821/uni-calendar-china/main/media/2026-01-14_13-43-00_3.jpg
https://raw.githubusercontent.com/wangqi0821/uni-calendar-china/main/media/2026-01-14_13-43-00_4.jpg
https://raw.githubusercontent.com/wangqi0821/uni-calendar-china/main/media/2026-01-14_13-43-00_5.jpg",Bath time! :3  #catsofinstagram #cutecat #tuxedocat #uni,https://www.instagram.com/p/DTfkFvxD5Vx/
2026/1/15,https://raw.githubusercontent.com/wangqi0821/uni-calendar-china/main/media/2026-01-15_14-04-17.mp4,??×??＝???  #catsofinstagram #cutecat #tuxedocat #uni,https://www.instagram.com/p/DTiKi4tD0hA/
2026/1/16,https://raw.githubusercontent.com/wangqi0821/uni-calendar-china/main/media/2026-01-16_10-40-56.mp4,#PR #モンプチ 【モンプチ クリスピーキッス】をお試しさせて頂きました?  ★お魚やお肉が第一主原料だからおいしい！ ★粒が少し大きめなので猫ちゃんのカリカリ音が聞ける?? ★噛むことで歯の健康ケアにもつながる?? ★フレーバーも多彩?  クリスピーキッスはこのお話が来る前からうにの大好物おやつです?? いつも指で与えてますが、カリカリ言いながら食べる仕草が本当に可愛い！！  猫ちゃんとのふれあい時間にぜひ??  #モンプチクリスピーキッス #osina #猫あるある,https://www.instagram.com/p/DTkYkphD_--/
2026/1/17,https://raw.githubusercontent.com/wangqi0821/uni-calendar-china/main/media/2026-01-17_14-39-45.mp4,I hope this makes your heart feel a bit lighter  #catsofinstagram #cutecat #tuxedocat #uni,https://www.instagram.com/p/DTnYudujxtA/
2026/1/18,https://raw.githubusercontent.com/wangqi0821/uni-calendar-china/main/media/2026-01-18_13-46-00.jpg,So… what will you do?  #catsofinstagram #tuxedocat #uni,https://www.instagram.com/p/DTp3nSFDwvX/
2026/1/19,https://raw.githubusercontent.com/wangqi0821/uni-calendar-china/main/media/2026-01-19_13-32-45.mp4,I just want more time with him  #catsofinstagram #cutecat #tuxedocat #uni,https://www.instagram.com/p/DTsaxVdD2M8/
2026/1/21,https://raw.githubusercontent.com/wangqi0821/uni-calendar-china/main/media/2026-01-21_13-40-47.mp4,"For cats, this sound means “come here.” Uni understood immediately  #catsofinstagram #cutecat #tuxedocat #uni",https://www.instagram.com/p/DTxlIm1DyEh/
2026/1/21,,Uni is watching…  #catsofinstagram #tuxedocat #uni,https://www.instagram.com/p/DTvuZRZEzmP/
2026/1/22,https://raw.githubusercontent.com/wangqi0821/uni-calendar-china/main/media/2026-01-22_13-54-59.mp4,The most photogenic boy :3  #catsofinstagram #tuxedocat #uni,https://www.instagram.com/p/DT0LhRXD73R/
2026/1/23,"https://raw.githubusercontent.com/wangqi0821/uni-calendar-china/main/media/2026-01-23_14-06-01_1.jpg
https://raw.githubusercontent.com/wangqi0821/uni-calendar-china/main/media/2026-01-23_14-06-01_2.jpg",What even is this creature…   何だこの生き物は…  #catsofinstagram #cutecat #tuxedocat #uni,https://www.instagram.com/p/DT2x4MQD7gb/
2026/1/24,https://raw.githubusercontent.com/wangqi0821/uni-calendar-china/main/media/2026-01-24_14-08-24.mp4,How dare you…  #catsofinstagram #cutecat #tuxedocat #uni,https://www.instagram.com/p/DT5W3dEjztA/
2026/1/25,https://raw.githubusercontent.com/wangqi0821/uni-calendar-china/main/media/2026-01-25_13-31-24.mp4,"Uni rarely meows now, but he used to meow like this  うには最近はめったに鳴かなくなったけど、昔はこんな風に鳴いてました  #catsofinstagram #cutecat #tuxedocat #uni",https://www.instagram.com/p/DT73V79jwey/
2026/1/26,https://raw.githubusercontent.com/wangqi0821/uni-calendar-china/main/media/2026-01-26_13-52-30.mp4,Memory unlocked   #catsofinstagram #cutecat #tuxedocat #uni,https://www.instagram.com/p/DT-esmcj4Mm/
2026/1/27,https://raw.githubusercontent.com/wangqi0821/uni-calendar-china/main/media/2026-01-27_13-42-21.mp4,I'm proud of you  #catsofinstagram #cutecat #tuxedocat #uni,https://www.instagram.com/p/DUBCQl-D5iq/
2026/1/28,https://raw.githubusercontent.com/wangqi0821/uni-calendar-china/main/media/2026-01-28_13-46-58.mp4,Uni demands cuddles. Work is cancelled  うにが甘えたいみたい。仕事はキャンセルで  #catsofinstagram #cutecat #uni,https://www.instagram.com/p/DUDnfCKjyeS/
2026/1/29,https://raw.githubusercontent.com/wangqi0821/uni-calendar-china/main/media/2026-01-29_13-40-11.mp4,Why are you watching this…?  #catsofinstagram #tuxedocat #uni,https://www.instagram.com/p/DUGLnb6j-eT/
2026/1/30,https://raw.githubusercontent.com/wangqi0821/uni-calendar-china/main/media/2026-01-30_13-43-05.mp4,It's impossible to get a good cat photo  #catsofinstagram #cutecat #tuxedocat #uni,https://www.instagram.com/p/DUIwsJRjw1O/
2026/1/31,"https://raw.githubusercontent.com/wangqi0821/uni-calendar-china/main/media/2026-01-31_13-28-17_1.jpg
https://raw.githubusercontent.com/wangqi0821/uni-calendar-china/main/media/2026-01-31_13-28-17_2.jpg",Uni evolved! :3  うには進化した！  #catsofinstagram #cutecat #tuxedocat #uni,https://www.instagram.com/p/DULT60Jj1Rg/
2026/2/1,https://raw.githubusercontent.com/wangqi0821/uni-calendar-china/main/media/2026-02-01_13-45-54.mp4,Uni has always loved boxes… and nothing has changed  うには変わらずずっと箱が好き  #catsofinstagram #cutecat #tuxedocat #uni,https://www.instagram.com/p/DUN6p1PD5BN/
2026/2/2,https://raw.githubusercontent.com/wangqi0821/uni-calendar-china/main/media/2026-02-02_13-46-27.mp4,What does Uni want?  #catsofinstagram #cutecat #tuxedocat #uni,https://www.instagram.com/p/DUQfayTD5rx/
2026/2/3,"https://raw.githubusercontent.com/wangqi0821/uni-calendar-china/main/media/2026-02-03_13-38-27_1.jpg
https://raw.githubusercontent.com/wangqi0821/uni-calendar-china/main/media/2026-02-03_13-38-27_2.jpg
https://raw.githubusercontent.com/wangqi0821/uni-calendar-china/main/media/2026-02-03_13-38-27_3.jpg",?→△→??  #catsofinstagram #cutecat #tuxedocat #uni,https://www.instagram.com/p/DUTDd9xD_Gz/
2026/2/4,https://raw.githubusercontent.com/wangqi0821/uni-calendar-china/main/media/2026-02-04_13-53-38.mp4,editing my cat's life like a reality show  #catsofinstagram #cutecat #tuxedocat #uni,https://www.instagram.com/p/DUVp10YjycX/
2026/2/5,https://raw.githubusercontent.com/wangqi0821/uni-calendar-china/main/media/2026-02-05_13-54-08.mp4,2020  #catsofinstagram #cutecat #uni,https://www.instagram.com/p/DUYO0iCD1IG/
2026/2/6,https://raw.githubusercontent.com/wangqi0821/uni-calendar-china/main/media/2026-02-06_13-58-36.mp4,Uni needs extra chicken though…  #catsofinstagram #tuxedocat #uni,https://www.instagram.com/p/DUa0E8Zj9RU/
2026/2/7,https://raw.githubusercontent.com/wangqi0821/uni-calendar-china/main/media/2026-02-07_13-43-39.mp4,Uni is actually a very kind boy… probably  #catsofinstagram #cutecat #tuxedocat #uni,https://www.instagram.com/p/DUdXMzgjyWe/
2026/2/8,https://raw.githubusercontent.com/wangqi0821/uni-calendar-china/main/media/2026-02-08_13-47-45.mp4,Looking a bit like Maxwell?  #catsofinstagram #tuxedocat #cutecat #uni,https://www.instagram.com/p/DUf8X38D4Ay/
2026/2/9,"https://raw.githubusercontent.com/wangqi0821/uni-calendar-china/main/media/2026-02-09_13-25-17_1.jpg
https://raw.githubusercontent.com/wangqi0821/uni-calendar-china/main/media/2026-02-09_13-25-17_10.jpg
https://raw.githubusercontent.com/wangqi0821/uni-calendar-china/main/media/2026-02-09_13-25-17_11.jpg
https://raw.githubusercontent.com/wangqi0821/uni-calendar-china/main/media/2026-02-09_13-25-17_2.jpg
https://raw.githubusercontent.com/wangqi0821/uni-calendar-china/main/media/2026-02-09_13-25-17_3.jpg
https://raw.githubusercontent.com/wangqi0821/uni-calendar-china/main/media/2026-02-09_13-25-17_4.jpg
https://raw.githubusercontent.com/wangqi0821/uni-calendar-china/main/media/2026-02-09_13-25-17_5.jpg
https://raw.githubusercontent.com/wangqi0821/uni-calendar-china/main/media/2026-02-09_13-25-17_6.jpg
https://raw.githubusercontent.com/wangqi0821/uni-calendar-china/main/media/2026-02-09_13-25-17_7.jpg
https://raw.githubusercontent.com/wangqi0821/uni-calendar-china/main/media/2026-02-09_13-25-17_8.jpg
https://raw.githubusercontent.com/wangqi0821/uni-calendar-china/main/media/2026-02-09_13-25-17_9.jpg",random! Which photo is the best? ??  #catsofinstagram #cutecat #tuxedocat #uni,https://www.instagram.com/p/DUieu0VDyMF/
2026/2/10,https://raw.githubusercontent.com/wangqi0821/uni-calendar-china/main/media/2026-02-10_13-54-32.mp4,Am I handsome?  #catsofinstagram #cutecat #tuxedocat #uni,https://www.instagram.com/p/DUlG0tUE0V8/
2026/2/11,"https://raw.githubusercontent.com/wangqi0821/uni-calendar-china/main/media/2026-02-11_14-00-35_1.jpg
https://raw.githubusercontent.com/wangqi0821/uni-calendar-china/main/media/2026-02-11_14-00-35_2.jpg
https://raw.githubusercontent.com/wangqi0821/uni-calendar-china/main/media/2026-02-11_14-00-35_3.jpg",He's still my baby :3  #catsofinstagram #cutecat #tuxedocat #uni,https://www.instagram.com/p/DUnsXDBDyTe/
2026/2/12,https://raw.githubusercontent.com/wangqi0821/uni-calendar-china/main/media/2026-02-12_13-51-44.mp4,He's still waiting…  #catsofinstagram #cutecat #tuxedocat #uni,https://www.instagram.com/p/DUqP-5NDyB3/
2026/2/13,https://raw.githubusercontent.com/wangqi0821/uni-calendar-china/main/media/2026-02-13_13-36-27.mp4,Will you be my valentine?  #catsofinstagram #cutecat #tuxedocat #uni,https://www.instagram.com/p/DUsy-1ejwjR/
2026/2/14,"https://raw.githubusercontent.com/wangqi0821/uni-calendar-china/main/media/2026-02-14_13-25-50_1.jpg
https://raw.githubusercontent.com/wangqi0821/uni-calendar-china/main/media/2026-02-14_13-25-50_2.jpg
https://raw.githubusercontent.com/wangqi0821/uni-calendar-china/main/media/2026-02-14_13-25-50_2.mp4",I dressed up for you… will you be my Valentine?  #catsofinstagram #cutecat #tuxedocat #uni,https://www.instagram.com/p/DUvWxMUj6qh/
2026/2/15,"https://raw.githubusercontent.com/wangqi0821/uni-calendar-china/main/media/2026-02-15_13-14-03_1.jpg
https://raw.githubusercontent.com/wangqi0821/uni-calendar-china/main/media/2026-02-15_13-14-03_2.jpg",Uni with Chiikawa  #catsofinstagram #chiikawa #uni,https://www.instagram.com/p/DUx6Nxyj_D4/
2026/2/16,https://raw.githubusercontent.com/wangqi0821/uni-calendar-china/main/media/2026-02-16_13-41-05.jpg,I’m watching you…  #catsofinstagram #tuxedocat #uni,https://www.instagram.com/p/DU0iCfVj_Gt/
2026/2/17,https://raw.githubusercontent.com/wangqi0821/uni-calendar-china/main/media/2026-02-17_13-44-31.mp4,"Uni takes the gold, right? ??  #catsofinstagram #cutecat #tuxedocat #uni",https://www.instagram.com/p/DU3HJbvD4jK/
2026/2/18,https://raw.githubusercontent.com/wangqi0821/uni-calendar-china/main/media/2026-02-18_13-52-29.mp4,This trend but with these two   #catsofinstagram #cutecats #uni,https://www.instagram.com/p/DU5ssTlDxCv/
2026/2/19,https://raw.githubusercontent.com/wangqi0821/uni-calendar-china/main/media/2026-02-19_13-29-54.mp4,Bee Cat ?  #catsofinstagram #cutecat #uni,https://www.instagram.com/p/DU8PFn8j9Q5/
2026/2/20,"https://raw.githubusercontent.com/wangqi0821/uni-calendar-china/main/media/2026-02-20_13-49-45_1.jpg
https://raw.githubusercontent.com/wangqi0821/uni-calendar-china/main/media/2026-02-20_13-49-45_2.jpg
https://raw.githubusercontent.com/wangqi0821/uni-calendar-china/main/media/2026-02-20_13-49-45_3.jpg
https://raw.githubusercontent.com/wangqi0821/uni-calendar-china/main/media/2026-02-20_13-49-45_4.jpg",Send this to someone you ... a lot!  #catsofinstagram #cutecat #tuxedocat #uni,https://www.instagram.com/p/DU-2Rl1DwU_/
2026/2/21,https://raw.githubusercontent.com/wangqi0821/uni-calendar-china/main/media/2026-02-21_13-42-09.mp4,Was that too scary for you?  #catsofinstagram #cutecat #tuxedcat #uni,https://www.instagram.com/p/DVBaJXsj_fD/
2026/2/22,"https://raw.githubusercontent.com/wangqi0821/uni-calendar-china/main/media/2026-02-22_13-12-50_1.jpg
https://raw.githubusercontent.com/wangqi0821/uni-calendar-china/main/media/2026-02-22_13-12-50_10.jpg
https://raw.githubusercontent.com/wangqi0821/uni-calendar-china/main/media/2026-02-22_13-12-50_11.jpg
https://raw.githubusercontent.com/wangqi0821/uni-calendar-china/main/media/2026-02-22_13-12-50_12.jpg
https://raw.githubusercontent.com/wangqi0821/uni-calendar-china/main/media/2026-02-22_13-12-50_13.jpg
https://raw.githubusercontent.com/wangqi0821/uni-calendar-china/main/media/2026-02-22_13-12-50_2.jpg
https://raw.githubusercontent.com/wangqi0821/uni-calendar-china/main/media/2026-02-22_13-12-50_3.jpg
https://raw.githubusercontent.com/wangqi0821/uni-calendar-china/main/media/2026-02-22_13-12-50_4.jpg
https://raw.githubusercontent.com/wangqi0821/uni-calendar-china/main/media/2026-02-22_13-12-50_5.jpg
https://raw.githubusercontent.com/wangqi0821/uni-calendar-china/main/media/2026-02-22_13-12-50_6.jpg
https://raw.githubusercontent.com/wangqi0821/uni-calendar-china/main/media/2026-02-22_13-12-50_7.jpg
https://raw.githubusercontent.com/wangqi0821/uni-calendar-china/main/media/2026-02-22_13-12-50_8.jpg
https://raw.githubusercontent.com/wangqi0821/uni-calendar-china/main/media/2026-02-22_13-12-50_9.jpg","Today, February 22nd, is “Cat Day” in Japan. May all cats be safe, loved, and happy  今日は猫の日。 猫たちがみんな幸せでありますように  #catsofinstagram #cutecats #猫の日",https://www.instagram.com/p/DVD7o6aD2Ac/
2026/2/23,https://raw.githubusercontent.com/wangqi0821/uni-calendar-china/main/media/2026-02-23_13-30-58.mp4,All I want is for him to be happy  #catsofinstagram #cutecat #tuxedocat #uni,https://www.instagram.com/p/DVGiWQsj4gf/
2026/2/24,https://raw.githubusercontent.com/wangqi0821/uni-calendar-china/main/media/2026-02-24_13-30-45.jpg,Uni sometimes turns into a weird shape…  うには時々変な形になる  #catsofinstagram #cutecat #tuxedocat #uni,https://www.instagram.com/p/DVJG_Q1j3g3/
2026/2/25,https://raw.githubusercontent.com/wangqi0821/uni-calendar-china/main/media/2026-02-25_13-51-33.mp4,Uni says hi to everyone :3  #catsofinstagram #cutecat #tuxedocat #uni,https://www.instagram.com/p/DVLuUk0j1Y1/
2026/2/26,https://raw.githubusercontent.com/wangqi0821/uni-calendar-china/main/media/2026-02-26_13-59-59.mp4,They grow up way too fast  あっという間に大きくなるね  #catsofinstagram #cutecat #tuxedocat #uni,https://www.instagram.com/p/DVOUHS7D-LN/
2026/2/27,"https://raw.githubusercontent.com/wangqi0821/uni-calendar-china/main/media/2026-02-27_13-21-19_1.jpg
https://raw.githubusercontent.com/wangqi0821/uni-calendar-china/main/media/2026-02-27_13-21-19_2.jpg",Uni is a fighter!  #catsofinstagram #cutecat #uni,https://www.instagram.com/p/DVQ0lg7j9BT/
2026/2/28,"https://raw.githubusercontent.com/wangqi0821/uni-calendar-china/main/media/2026-02-28_13-44-42_1.jpg
https://raw.githubusercontent.com/wangqi0821/uni-calendar-china/main/media/2026-02-28_13-44-42_2.jpg
https://raw.githubusercontent.com/wangqi0821/uni-calendar-china/main/media/2026-02-28_13-44-42_3.jpg
https://raw.githubusercontent.com/wangqi0821/uni-calendar-china/main/media/2026-02-28_13-44-42_4.jpg",A gentle little moment  優しい時間  #catsofinstagram #cutecat #uni,https://www.instagram.com/p/DVTcDn8D7Qz/
2026/3/1,"https://raw.githubusercontent.com/wangqi0821/uni-calendar-china/main/media/2026-03-01_13-34-05_1.jpg
https://raw.githubusercontent.com/wangqi0821/uni-calendar-china/main/media/2026-03-01_13-34-05_2.jpg",1 year old → 5 years old（Now） He grew up… but he’s still just as cute   1歳→5歳（今） 大きくなっても可愛いままです  #catsofinstagram #cutecat #tuxedocat #uni,https://www.instagram.com/p/DVV_oukD4E9/
2026/3/2,https://raw.githubusercontent.com/wangqi0821/uni-calendar-china/main/media/2026-03-02_13-54-01.mp4,His face says it all…  #catsofinstagram #cutecat #tuxedocat #uni,https://www.instagram.com/p/DVYmnsyjyj7/
2026/3/3,https://raw.githubusercontent.com/wangqi0821/uni-calendar-china/main/media/2026-03-03_13-47-27.mp4,Hardworking Boy :3  #catsofinstagram #cutecat #tuxedocat #uni,https://www.instagram.com/p/DVbKrWaj6i_/
2026/3/4,https://raw.githubusercontent.com/wangqi0821/uni-calendar-china/main/media/2026-03-04_13-43-15.jpg,Dodge this!  #catsofinstagram #tuxedocat #uni,https://www.instagram.com/p/DVdu-qNj7SU/
2026/3/5,https://raw.githubusercontent.com/wangqi0821/uni-calendar-china/main/media/2026-03-05_13-56-47.mp4,Uni said hello… say hello back ??  #catsofinstagram #cutecat #tuxedocat #uni,https://www.instagram.com/p/DVgVShFj4--/
2026/3/7,https://raw.githubusercontent.com/wangqi0821/uni-calendar-china/main/media/2026-03-07_13-46-40.jpg,The strongest vs Pikachu  #catsofinstagram #cutecat #tuxedocat #uni,https://www.instagram.com/p/DVlds-fj7Q9/
2026/3/8,https://raw.githubusercontent.com/wangqi0821/uni-calendar-china/main/media/2026-03-08_13-31-29.mp4,This is the best way to spend a Sunday  最高の日曜日の過ごし方  #catsofinstagram #cutecat #tuxedocat #uni,https://www.instagram.com/p/DVoAw_LD5Wm/
2026/3/9,https://raw.githubusercontent.com/wangqi0821/uni-calendar-china/main/media/2026-03-09_08-58-09.mp4,???? ペスルーム × うにフォローイベント開催！????  ペットが喜ぶ、韓国No.1ペットケアブランド「ペスルーム」を体験できる特別チャンス??  ?? 参加方法は、簡単！  ① @pethroom_jpと @pethroom_global と @unico_uniuni をフォロー ② 「ペスルームのファンになろう！私はOOO（商品名）が気になる！」とコメント  ??当選者発表 ?発表日：3月22日 ?固定コメントにて当選者を発表後、@pethroom_jp 公式アカウントより、景品受け取りのご案内をいたします！  抽選イベントで、 ワンちゃん?猫ちゃんのケアタイムをもっと楽しく???? この機会をお見逃しなく?  #PR #PETHROOM #tuxedocat #uni,https://www.instagram.com/p/DVqGCAUD4cH/
2026/3/10,https://raw.githubusercontent.com/wangqi0821/uni-calendar-china/main/media/2026-03-10_13-39-44.mp4,This is how the strongest fights!!  #catsofinstagram #tuxedocat #uni,https://www.instagram.com/p/DVtLXbwD53b/
2026/3/11,https://raw.githubusercontent.com/wangqi0821/uni-calendar-china/main/media/2026-03-11_13-50-44.mp4,Uni thought you were chicken…  #catsofinstagram #tuxedocat #uni,https://www.instagram.com/p/DVvxZXhDzAz/
2026/3/12,"https://raw.githubusercontent.com/wangqi0821/uni-calendar-china/main/media/2026-03-12_10-07-46_1.jpg
https://raw.githubusercontent.com/wangqi0821/uni-calendar-china/main/media/2026-03-12_10-07-46_2.jpg
https://raw.githubusercontent.com/wangqi0821/uni-calendar-china/main/media/2026-03-12_10-07-46_2.mp4
https://raw.githubusercontent.com/wangqi0821/uni-calendar-china/main/media/2026-03-12_10-07-46_3.jpg",なんと 【やすり付きの爪とぎ】 が登場しました??? その名も「つめまる」です！  この爪とぎ、 爪をとぐだけで自然と爪が丸くなるんです。  ? 爪切りが苦手な猫ちゃんにも◎ ? ダンボールの削りカスも出にくい設計  爪切りが苦手な猫ちゃん多いですよね？ いつもの爪とぎ感覚で、やさしく爪ケアができます??  ストーリーにリンクを置いときますね?? ぜひチェックしてみてください?  #PR #つめまる #nyans #爪とぎ,https://www.instagram.com/p/DVx8xNvD2CT/
2026/3/13,"https://raw.githubusercontent.com/wangqi0821/uni-calendar-china/main/media/2026-03-13_13-43-36_1.jpg
https://raw.githubusercontent.com/wangqi0821/uni-calendar-china/main/media/2026-03-13_13-43-36_2.jpg
https://raw.githubusercontent.com/wangqi0821/uni-calendar-china/main/media/2026-03-13_13-43-36_3.jpg",Uni the Hutt?  #catsofinstagram #funnycat #uni,https://www.instagram.com/p/DV06Q3NDweB/
2026/3/14,https://raw.githubusercontent.com/wangqi0821/uni-calendar-china/main/media/2026-03-14_13-43-07.mp4,"My cat is very normal, right?  #catsofinstagram #tuxedocat #uni",https://www.instagram.com/p/DV3e4yUj9H5/
2026/3/15,https://raw.githubusercontent.com/wangqi0821/uni-calendar-china/main/media/2026-03-15_13-36-28.mp4,Uni is a shape shifter :3  #catsofinstagram #cutecat #tuxedocat #uni,https://www.instagram.com/p/DV6C9KsD6O0/
2026/3/15,,"Uni’s birthday is coming on March 27, so here’s baby Uni again  3月27日はうにの誕生日なので、赤ちゃんうにの写真を再掲します  #catsofinstagram #cutecat #uni",https://www.instagram.com/p/DV4Q4a8k-hO/
2026/3/16,https://raw.githubusercontent.com/wangqi0821/uni-calendar-china/main/media/2026-03-16_13-41-46.mp4,I think he liked it a little too much   #catsofinstagram #cutecat #tuxedocat #uni,https://www.instagram.com/p/DV8oXOQjy9M/
2026/3/17,https://raw.githubusercontent.com/wangqi0821/uni-calendar-china/main/media/2026-03-17_13-45-37.mp4,Uni lives better than me  #catsofinstagram #cutecat #tuxedocat #uni,https://www.instagram.com/p/DV_Njqxj-2n/
2026/3/18,https://raw.githubusercontent.com/wangqi0821/uni-calendar-china/main/media/2026-03-18_14-01-27.jpg,My social circle is perfect now  #catsofinstagram #cutecats #catlover,https://www.instagram.com/p/DWB0KtWDxQt/
2026/3/19,https://raw.githubusercontent.com/wangqi0821/uni-calendar-china/main/media/2026-03-19_13-40-17.mp4,Uni my beloved  #catsofinstagram #tuxedocat #cutecat #uni,https://www.instagram.com/p/DWEWj4sD_nU/
2026/3/20,https://raw.githubusercontent.com/wangqi0821/uni-calendar-china/main/media/2026-03-20_13-55-01.mp4,My beloved Uni  #catsofinstagram #cutecat #tuxedocat #uni,https://www.instagram.com/p/DWG9CjJDxNB/
2026/3/20,"https://raw.githubusercontent.com/wangqi0821/uni-calendar-china/main/media/2026-03-20_21-18-39_1.jpg
https://raw.githubusercontent.com/wangqi0821/uni-calendar-china/main/media/2026-03-20_21-18-39_2.jpg
https://raw.githubusercontent.com/wangqi0821/uni-calendar-china/main/media/2026-03-20_21-18-39_3.jpg
https://raw.githubusercontent.com/wangqi0821/uni-calendar-china/main/media/2026-03-20_21-18-39_4.jpg",Uni is in rectangle mode today :3  #catsofinstagram #cutecat #tuxedocat #uni,https://www.instagram.com/p/DWFO3jrkxXc/
2026/3/21,https://raw.githubusercontent.com/wangqi0821/uni-calendar-china/main/media/2026-03-21_13-56-35.mp4,I’m the best catcher in the world!   I’m the best jumper in the world!   #catsofinstagram #cutecat #tuxedocat #uni,https://www.instagram.com/p/DWHv55Xk9dL/
2026/3/21,"https://raw.githubusercontent.com/wangqi0821/uni-calendar-china/main/media/2026-03-21_21-05-25_1.jpg
https://raw.githubusercontent.com/wangqi0821/uni-calendar-china/main/media/2026-03-21_21-05-25_2.jpg
https://raw.githubusercontent.com/wangqi0821/uni-calendar-china/main/media/2026-03-21_21-05-25_3.jpg",Sometimes his gaze hurts…  #catsofinstagram #cutecat #tuxedocat #uni,https://www.instagram.com/p/DWJiA7ij8il/
2026/3/22,https://raw.githubusercontent.com/wangqi0821/uni-calendar-china/main/media/2026-03-22_13-29-06.mp4,A rectangle is walking :3  長方形が歩いてる！  #catsofinstagram #cutecat #tuxedocat #uni,https://www.instagram.com/p/DWKTL5XE1xS/
2026/3/22,"https://raw.githubusercontent.com/wangqi0821/uni-calendar-china/main/media/2026-03-22_20-54-00_1.jpg
https://raw.githubusercontent.com/wangqi0821/uni-calendar-china/main/media/2026-03-22_20-54-00_2.jpg",the vet said…  #catsofinstagram #cutecat #tuxedocat #uni,https://www.instagram.com/p/DWMDoDDD_pQ/
2026/3/23,https://raw.githubusercontent.com/wangqi0821/uni-calendar-china/main/media/2026-03-23_13-27-59.mp4,Uni's meow at 1 year old  1歳の時のうにの鳴き声  #catsofinstagram #meow #cutecat #uni,https://www.instagram.com/p/DWOoXrID5_R/
2026/3/23,"https://raw.githubusercontent.com/wangqi0821/uni-calendar-china/main/media/2026-03-23_20-59-53_1.jpg
https://raw.githubusercontent.com/wangqi0821/uni-calendar-china/main/media/2026-03-23_20-59-53_2.jpg",The cutest girl and the strongest  #catsofinstagram #cutecats #tuxedocat,https://www.instagram.com/p/DWM2rJ9k1lC/
2026/3/24,https://raw.githubusercontent.com/wangqi0821/uni-calendar-china/main/media/2026-03-24_14-02-37.mp4,"Uni dodged Yoru’s attack… so cool! But then, he got hit… and compressed   #catsofinstagram #cutecats #tuxedocat #uni",https://www.instagram.com/p/DWPcJHrE2-n/
2026/3/24,https://raw.githubusercontent.com/wangqi0821/uni-calendar-china/main/media/2026-03-24_21-55-23.jpg,You’ll always be our cutest boy  #catsofinstagram #cutecat #tuxedocat #uni,https://www.instagram.com/p/DWRRHq_D5AX/
2026/3/25,"https://raw.githubusercontent.com/wangqi0821/uni-calendar-china/main/media/2026-03-25_13-39-46_1.jpg
https://raw.githubusercontent.com/wangqi0821/uni-calendar-china/main/media/2026-03-25_13-39-46_2.jpg",he has something to say ??  #catsofinstagram #cutecat #tuxedocat #uni,https://www.instagram.com/p/DWTzXTnj2sV/
2026/3/25,,Uni’s danger mode! Run away!!  #catsofinstagram #cutecat #tuxedocat #uni,https://www.instagram.com/p/DWSG4TYk_9K/
2026/3/27,https://raw.githubusercontent.com/wangqi0821/uni-calendar-china/main/media/2026-03-27_13-53-18.mp4,It’s Uni’s 6th birthday today! ?? Thank you so much for all the birthday wishes   #catsofinstagram #cutecat #happybirthday #uni,https://www.instagram.com/p/DWY-bbLjwa2/
2026/3/27,,It’s Uni’s 6th birthday today! ?? Say “happy birthday Uni!”  今日3月27日はうにの誕生日です?? うに、お誕生日おめでとう！  #catsofinstagram #happybirthday #cutecat #uni,https://www.instagram.com/p/DWXRon4E3vv/
2026/3/28,https://raw.githubusercontent.com/wangqi0821/uni-calendar-china/main/media/2026-03-28_13-48-22.mp4,Why is he so owl…  #catsofinstagram #cutecat #tuxedocat  #uni,https://www.instagram.com/p/DWbimZQD7Eb/
2026/3/29,"https://raw.githubusercontent.com/wangqi0821/uni-calendar-china/main/media/2026-03-29_13-56-09_1.jpg
https://raw.githubusercontent.com/wangqi0821/uni-calendar-china/main/media/2026-03-29_13-56-09_2.jpg
https://raw.githubusercontent.com/wangqi0821/uni-calendar-china/main/media/2026-03-29_13-56-09_3.jpg
https://raw.githubusercontent.com/wangqi0821/uni-calendar-china/main/media/2026-03-29_13-56-09_4.jpg",almost 6 years ago  #catsofinstagram #cutecat #tuxedocat #uni,https://www.instagram.com/p/DWeIa2pj1iZ/
2026/3/29,,Being the strongest isn’t easy…  #catsofinstagram #cutecat #tuxedocat #uni,https://www.instagram.com/p/DWcZCkck85B/
2026/3/31,https://raw.githubusercontent.com/wangqi0821/uni-calendar-china/main/media/2026-03-31_13-46-08.mp4,Do you like it?  #catsofinstagram #cutecat #tuxedocat #uni,https://www.instagram.com/p/DWjQrwigdRP/
2026/4/1,https://raw.githubusercontent.com/wangqi0821/uni-calendar-china/main/media/2026-04-01_12-47-31.jpg,You dare challenge me…?  The strongest punch!  #catsofinstagram #cutecat #tuxedocat #uni,https://www.instagram.com/p/DWkHq4EE4UP/
2026/4/1,,Uni? No. My true form is a sea urchin  うにじゃないよ。本当は雲丹だよ  #aprilfools #catsofinstagram #uni,https://www.instagram.com/p/DWluX8NDxmr/
2026/4/2,https://raw.githubusercontent.com/wangqi0821/uni-calendar-china/main/media/2026-04-02_13-43-11.mp4,Uni takes a bath once a year and it usually goes like this  うには年に一回お風呂に入りますが、だいたいこんな感じです  #catsofinstagram #cutecat #tuxedocat #uni,https://www.instagram.com/p/DWoZ4KmD-jV/
2026/4/3,https://raw.githubusercontent.com/wangqi0821/uni-calendar-china/main/media/2026-04-03_00-01-56.jpg,Is that a heart in his eyes?  目の中にハート？  #catsofinstagram #cutecat #tuxedocat #uni,https://www.instagram.com/p/DWpg1LsAca3/
